benchmark	category	status	shift_add	comba_cs	p2_algebraic	bitwuzla	cvc5
bitwidth-16-degree-10-seed-23-bounding-reduced-native-encoding	bounding	NA	sat	sat	sat	sat	sat
bitwidth-16-degree-10-seed-23-bounding-original-native-encoding	bounding	NA	sat	sat	sat	sat	sat
bitwidth-16-degree-10-seed-23-bounding-original-subpolynomial-encoding	bounding	NA	sat	sat	sat	sat	sat
bitwidth-16-degree-10-seed-23-bounding-reduced-subpolynomial-encoding	bounding	NA	sat	sat	sat	sat	sat
bitwidth-16-degree-10-seed-23-addition-original-native-encoding	addition	unsat			unsat	unsat	unsat
bitwidth-16-degree-10-seed-23-correctness-original-native-encoding-vs-reduced-native-encoding	correctness	unsat			unsat	unsat	unsat
bitwidth-16-degree-10-seed-23-addition-reduced-native-encoding	addition	unsat			unsat	unsat	unsat
bitwidth-16-degree-10-seed-23-equality-original-native-encoding	equality	NA	sat	sat	sat	sat	sat
bitwidth-16-degree-10-seed-23-equality-reduced-native-encoding	equality	NA	sat	sat	sat	sat	sat
bitwidth-16-degree-10-seed-23-identity-point-original-native-encoding	identity-point	NA	unsat	unsat	unsat	unsat	unsat
bitwidth-16-degree-10-seed-23-identity-point-original-subpolynomial-encoding	identity-point	NA	unsat	unsat	unsat	unsat	unsat
bitwidth-16-degree-10-seed-23-identity-point-reduced-native-encoding	identity-point	NA	unsat	unsat	unsat	unsat	unsat
bitwidth-16-degree-10-seed-23-correctness-original-subpolynomial-encoding-vs-reduced-subpolynomial-encoding	correctness	unsat				unsat	unsat
bitwidth-16-degree-10-seed-23-addition-original-subpolynomial-encoding	addition	unsat				unsat	unsat
bitwidth-16-degree-10-seed-23-addition-reduced-subpolynomial-encoding	addition	unsat				unsat	unsat
bitwidth-16-degree-10-seed-23-identity-point-reduced-subpolynomial-encoding	identity-point	NA	unsat	unsat	unsat	unsat	unsat
bitwidth-16-degree-10-seed-23-correctness-original-native-encoding-vs-original-subpolynomial-encoding	correctness	unsat					
bitwidth-16-degree-10-seed-23-correctness-original-native-encoding-vs-reduced-subpolynomial-encoding	correctness	unsat					
bitwidth-16-degree-10-seed-23-equality-original-subpolynomial-encoding	equality	NA				sat	sat
bitwidth-16-degree-10-seed-23-equality-reduced-subpolynomial-encoding	equality	NA				sat	sat
bitwidth-16-degree-10-seed-23-nonequality-original-native-encoding	nonequality	NA	sat	sat		sat	sat
bitwidth-16-degree-10-seed-23-correctness-reduced-native-encoding-vs-original-subpolynomial-encoding	correctness	unsat					
bitwidth-16-degree-10-seed-23-correctness-reduced-native-encoding-vs-reduced-subpolynomial-encoding	correctness	unsat					
bitwidth-16-degree-10-seed-23-root-finding-original-native-encoding	root-finding	NA	unsat	unsat	unsat	unsat	unsat
bitwidth-16-degree-10-seed-23-nonequality-reduced-native-encoding	nonequality	NA	sat	sat		sat	sat
bitwidth-16-degree-10-seed-23-root-finding-reduced-native-encoding	root-finding	NA	unsat	unsat	unsat	unsat	unsat
bitwidth-16-degree-10-seed-23-multiplication-original-native-encoding	multiplication	unsat			unsat	unsat	
bitwidth-16-degree-10-seed-23-root-finding-original-subpolynomial-encoding	root-finding	NA	unsat	unsat	unsat	unsat	unsat
bitwidth-16-degree-10-seed-23-root-finding-reduced-subpolynomial-encoding	root-finding	NA	unsat	unsat	unsat	unsat	unsat
bitwidth-16-degree-11-seed-23-bounding-original-native-encoding	bounding	NA	sat	sat	sat	sat	sat
bitwidth-16-degree-10-seed-23-multiplication-original-subpolynomial-encoding	multiplication	unsat				unsat	unsat
bitwidth-16-degree-11-seed-23-bounding-reduced-native-encoding	bounding	NA	sat	sat	sat	sat	sat
bitwidth-16-degree-10-seed-23-multiplication-reduced-native-encoding	multiplication	unsat			unsat		
bitwidth-16-degree-10-seed-23-nonequality-original-subpolynomial-encoding	nonequality	NA				sat	sat
bitwidth-16-degree-11-seed-23-addition-original-native-encoding	addition	unsat			unsat	unsat	unsat
bitwidth-16-degree-10-seed-23-nonequality-reduced-subpolynomial-encoding	nonequality	NA				sat	sat
bitwidth-16-degree-10-seed-23-multiplication-reduced-subpolynomial-encoding	multiplication	unsat				unsat	unsat
bitwidth-16-degree-11-seed-23-addition-reduced-native-encoding	addition	unsat			unsat	unsat	unsat
bitwidth-16-degree-11-seed-23-bounding-original-subpolynomial-encoding	bounding	NA	sat	sat	sat	sat	sat
bitwidth-16-degree-11-seed-23-equality-original-native-encoding	equality	NA	sat	sat	sat	sat	sat
bitwidth-16-degree-11-seed-23-bounding-reduced-subpolynomial-encoding	bounding	NA	sat	sat	sat	sat	sat
bitwidth-16-degree-11-seed-23-equality-reduced-native-encoding	equality	NA	sat	sat	sat	sat	sat
bitwidth-16-degree-11-seed-23-correctness-original-native-encoding-vs-reduced-native-encoding	correctness	unsat			unsat	unsat	unsat
bitwidth-16-degree-11-seed-23-identity-point-original-native-encoding	identity-point	NA	unsat	unsat	unsat	unsat	unsat
bitwidth-16-degree-11-seed-23-addition-original-subpolynomial-encoding	addition	unsat				unsat	unsat
bitwidth-16-degree-11-seed-23-identity-point-reduced-native-encoding	identity-point	NA	unsat	unsat	unsat	unsat	unsat
bitwidth-16-degree-11-seed-23-addition-reduced-subpolynomial-encoding	addition	unsat				unsat	unsat
bitwidth-16-degree-11-seed-23-identity-point-original-subpolynomial-encoding	identity-point	NA	unsat	unsat	unsat	unsat	unsat
bitwidth-16-degree-11-seed-23-correctness-original-subpolynomial-encoding-vs-reduced-subpolynomial-encoding	correctness	unsat				unsat	unsat
bitwidth-16-degree-11-seed-23-identity-point-reduced-subpolynomial-encoding	identity-point	NA	unsat	unsat	unsat	unsat	unsat
bitwidth-16-degree-11-seed-23-equality-original-subpolynomial-encoding	equality	NA				sat	sat
bitwidth-16-degree-11-seed-23-nonequality-original-native-encoding	nonequality	NA	sat	sat	sat	sat	sat
bitwidth-16-degree-11-seed-23-equality-reduced-subpolynomial-encoding	equality	NA				sat	sat
bitwidth-16-degree-11-seed-23-nonequality-reduced-native-encoding	nonequality	NA	sat	sat	sat	sat	sat
bitwidth-16-degree-11-seed-23-correctness-original-native-encoding-vs-original-subpolynomial-encoding	correctness	unsat					
bitwidth-16-degree-11-seed-23-root-finding-original-native-encoding	root-finding	NA	unsat	unsat	unsat	unsat	unsat
bitwidth-16-degree-11-seed-23-correctness-original-native-encoding-vs-reduced-subpolynomial-encoding	correctness	unsat					
bitwidth-16-degree-11-seed-23-root-finding-reduced-native-encoding	root-finding	NA	unsat	unsat	unsat	unsat	unsat
bitwidth-16-degree-11-seed-23-correctness-reduced-native-encoding-vs-original-subpolynomial-encoding	correctness	unsat					
bitwidth-16-degree-11-seed-23-correctness-reduced-native-encoding-vs-reduced-subpolynomial-encoding	correctness	unsat					
bitwidth-16-degree-11-seed-23-root-finding-original-subpolynomial-encoding	root-finding	NA	unsat	unsat	unsat	unsat	unsat
bitwidth-16-degree-11-seed-23-multiplication-original-native-encoding	multiplication	unsat			unsat	unsat	
bitwidth-16-degree-11-seed-23-root-finding-reduced-subpolynomial-encoding	root-finding	NA	unsat	unsat	unsat	unsat	unsat
bitwidth-16-degree-12-seed-23-bounding-original-native-encoding	bounding	NA	sat	sat	sat	sat	sat
bitwidth-16-degree-11-seed-23-nonequality-original-subpolynomial-encoding	nonequality	NA				sat	sat
bitwidth-16-degree-12-seed-23-bounding-reduced-native-encoding	bounding	NA	sat	sat	sat	sat	sat
bitwidth-16-degree-12-seed-23-addition-original-native-encoding	addition	unsat			unsat	unsat	unsat
bitwidth-16-degree-11-seed-23-multiplication-reduced-native-encoding	multiplication	unsat			unsat	unsat	
bitwidth-16-degree-12-seed-23-bounding-original-subpolynomial-encoding	bounding	NA	sat	sat	sat	sat	sat
bitwidth-16-degree-11-seed-23-nonequality-reduced-subpolynomial-encoding	nonequality	NA				sat	sat
bitwidth-16-degree-11-seed-23-multiplication-reduced-subpolynomial-encoding	multiplication	unsat				unsat	unsat
bitwidth-16-degree-11-seed-23-multiplication-original-subpolynomial-encoding	multiplication	unsat				unsat	unsat
bitwidth-16-degree-12-seed-23-addition-reduced-native-encoding	addition	unsat			unsat	unsat	unsat
bitwidth-16-degree-12-seed-23-bounding-reduced-subpolynomial-encoding	bounding	NA	sat	sat	sat	sat	sat
bitwidth-16-degree-12-seed-23-equality-original-native-encoding	equality	NA	unsat	unsat	unsat	unsat	unsat
bitwidth-16-degree-12-seed-23-equality-reduced-native-encoding	equality	NA	unsat	unsat	unsat	unsat	unsat
bitwidth-16-degree-12-seed-23-correctness-original-native-encoding-vs-reduced-native-encoding	correctness	unsat			unsat	unsat	unsat
bitwidth-16-degree-12-seed-23-identity-point-original-native-encoding	identity-point	NA	unsat	unsat	unsat	unsat	unsat
bitwidth-16-degree-12-seed-23-addition-original-subpolynomial-encoding	addition	unsat				unsat	unsat
bitwidth-16-degree-12-seed-23-identity-point-reduced-native-encoding	identity-point	NA	unsat	unsat	unsat	unsat	unsat
bitwidth-16-degree-12-seed-23-addition-reduced-subpolynomial-encoding	addition	unsat				unsat	unsat
bitwidth-16-degree-12-seed-23-identity-point-original-subpolynomial-encoding	identity-point	NA	unsat	unsat	unsat	unsat	unsat
bitwidth-16-degree-12-seed-23-identity-point-reduced-subpolynomial-encoding	identity-point	NA	unsat	unsat	unsat	unsat	unsat
bitwidth-16-degree-12-seed-23-correctness-original-subpolynomial-encoding-vs-reduced-subpolynomial-encoding	correctness	unsat				unsat	unsat
bitwidth-16-degree-12-seed-23-equality-original-subpolynomial-encoding	equality	NA				unsat	unsat
bitwidth-16-degree-12-seed-23-equality-reduced-subpolynomial-encoding	equality	NA				unsat	unsat
bitwidth-16-degree-12-seed-23-correctness-original-native-encoding-vs-original-subpolynomial-encoding	correctness	unsat					
bitwidth-16-degree-12-seed-23-nonequality-original-native-encoding	nonequality	NA	sat	sat		sat	sat
bitwidth-16-degree-12-seed-23-correctness-original-native-encoding-vs-reduced-subpolynomial-encoding	correctness	unsat					
bitwidth-16-degree-12-seed-23-root-finding-original-native-encoding	root-finding	NA	unsat	unsat	unsat	unsat	unsat
bitwidth-16-degree-12-seed-23-correctness-reduced-native-encoding-vs-original-subpolynomial-encoding	correctness	unsat					
bitwidth-16-degree-12-seed-23-nonequality-reduced-native-encoding	nonequality	NA	sat	sat	sat	sat	sat
bitwidth-16-degree-12-seed-23-root-finding-reduced-native-encoding	root-finding	NA	unsat	unsat	unsat	unsat	unsat
bitwidth-16-degree-12-seed-23-correctness-reduced-native-encoding-vs-reduced-subpolynomial-encoding	correctness	unsat					
bitwidth-16-degree-12-seed-23-multiplication-original-native-encoding	multiplication	unsat			unsat	unsat	
bitwidth-16-degree-12-seed-23-root-finding-original-subpolynomial-encoding	root-finding	NA	unsat	unsat	unsat	unsat	unsat
bitwidth-16-degree-12-seed-23-root-finding-reduced-subpolynomial-encoding	root-finding	NA	unsat	unsat	unsat	unsat	unsat
bitwidth-16-degree-13-seed-23-bounding-original-native-encoding	bounding	NA	sat	sat	sat	sat	sat
bitwidth-16-degree-12-seed-23-nonequality-original-subpolynomial-encoding	nonequality	NA				sat	sat
bitwidth-16-degree-13-seed-23-bounding-reduced-native-encoding	bounding	NA	sat	sat	sat	sat	sat
bitwidth-16-degree-12-seed-23-multiplication-reduced-native-encoding	multiplication	unsat			unsat		
bitwidth-16-degree-13-seed-23-addition-original-native-encoding	addition	unsat			unsat	unsat	unsat
bitwidth-16-degree-13-seed-23-addition-reduced-native-encoding	addition	unsat			unsat	unsat	unsat
bitwidth-16-degree-12-seed-23-nonequality-reduced-subpolynomial-encoding	nonequality	NA				sat	sat
bitwidth-16-degree-13-seed-23-bounding-original-subpolynomial-encoding	bounding	NA	sat	sat	sat	sat	sat
bitwidth-16-degree-12-seed-23-multiplication-original-subpolynomial-encoding	multiplication	unsat					unsat
bitwidth-16-degree-12-seed-23-multiplication-reduced-subpolynomial-encoding	multiplication	unsat					unsat
bitwidth-16-degree-13-seed-23-equality-original-native-encoding	equality	NA	unsat	unsat	unsat	unsat	unsat
bitwidth-16-degree-13-seed-23-bounding-reduced-subpolynomial-encoding	bounding	NA	sat	sat	sat	sat	sat
bitwidth-16-degree-13-seed-23-equality-reduced-native-encoding	equality	NA	unsat	unsat	unsat	unsat	unsat
bitwidth-16-degree-13-seed-23-correctness-original-native-encoding-vs-reduced-native-encoding	correctness	unsat			unsat	unsat	unsat
bitwidth-16-degree-13-seed-23-identity-point-original-native-encoding	identity-point	NA	unsat	unsat	unsat	unsat	unsat
bitwidth-16-degree-13-seed-23-addition-original-subpolynomial-encoding	addition	unsat				unsat	unsat
bitwidth-16-degree-13-seed-23-identity-point-reduced-native-encoding	identity-point	NA	unsat	unsat	unsat	unsat	unsat
bitwidth-16-degree-13-seed-23-addition-reduced-subpolynomial-encoding	addition	unsat				unsat	unsat
bitwidth-16-degree-13-seed-23-identity-point-original-subpolynomial-encoding	identity-point	NA	unsat	unsat	unsat	unsat	unsat
bitwidth-16-degree-13-seed-23-correctness-original-subpolynomial-encoding-vs-reduced-subpolynomial-encoding	correctness	unsat				unsat	unsat
bitwidth-16-degree-13-seed-23-identity-point-reduced-subpolynomial-encoding	identity-point	NA	unsat	unsat	unsat	unsat	unsat
bitwidth-16-degree-13-seed-23-equality-original-subpolynomial-encoding	equality	NA				unsat	unsat
bitwidth-16-degree-13-seed-23-equality-reduced-subpolynomial-encoding	equality	NA				unsat	unsat
bitwidth-16-degree-13-seed-23-correctness-original-native-encoding-vs-original-subpolynomial-encoding	correctness	unsat					
bitwidth-16-degree-13-seed-23-nonequality-original-native-encoding	nonequality	NA	sat	sat		sat	sat
bitwidth-16-degree-13-seed-23-correctness-original-native-encoding-vs-reduced-subpolynomial-encoding	correctness	unsat					
bitwidth-16-degree-13-seed-23-root-finding-original-native-encoding	root-finding	NA	unsat	unsat	unsat	unsat	unsat
bitwidth-16-degree-13-seed-23-correctness-reduced-native-encoding-vs-original-subpolynomial-encoding	correctness	unsat					
bitwidth-16-degree-13-seed-23-correctness-reduced-native-encoding-vs-reduced-subpolynomial-encoding	correctness	unsat					
bitwidth-16-degree-13-seed-23-root-finding-reduced-native-encoding	root-finding	NA	unsat	unsat	unsat	unsat	unsat
bitwidth-16-degree-13-seed-23-nonequality-reduced-native-encoding	nonequality	NA	sat	sat		sat	sat
bitwidth-16-degree-13-seed-23-multiplication-original-native-encoding	multiplication	unsat			unsat	unsat	
bitwidth-16-degree-13-seed-23-root-finding-original-subpolynomial-encoding	root-finding	NA	unsat	unsat	unsat	unsat	unsat
bitwidth-16-degree-13-seed-23-root-finding-reduced-subpolynomial-encoding	root-finding	NA	unsat	unsat	unsat	unsat	unsat
bitwidth-16-degree-14-seed-23-bounding-original-native-encoding	bounding	NA	sat	sat	sat	sat	sat
bitwidth-16-degree-13-seed-23-nonequality-original-subpolynomial-encoding	nonequality	NA				sat	sat
bitwidth-16-degree-14-seed-23-bounding-reduced-native-encoding	bounding	NA	sat	sat	sat	sat	sat
bitwidth-16-degree-14-seed-23-addition-original-native-encoding	addition	unsat			unsat	unsat	unsat
bitwidth-16-degree-13-seed-23-multiplication-reduced-native-encoding	multiplication	unsat			unsat		
bitwidth-16-degree-13-seed-23-multiplication-original-subpolynomial-encoding	multiplication	unsat				unsat	unsat
bitwidth-16-degree-14-seed-23-addition-reduced-native-encoding	addition	unsat			unsat	unsat	unsat
bitwidth-16-degree-13-seed-23-multiplication-reduced-subpolynomial-encoding	multiplication	unsat				unsat	unsat
bitwidth-16-degree-13-seed-23-nonequality-reduced-subpolynomial-encoding	nonequality	NA				sat	sat
bitwidth-16-degree-14-seed-23-bounding-original-subpolynomial-encoding	bounding	NA	sat	sat	sat	sat	sat
bitwidth-16-degree-14-seed-23-equality-original-native-encoding	equality	NA	unsat	unsat	unsat	unsat	unsat
bitwidth-16-degree-14-seed-23-bounding-reduced-subpolynomial-encoding	bounding	NA	sat	sat	sat	sat	sat
bitwidth-16-degree-14-seed-23-equality-reduced-native-encoding	equality	NA	unsat	unsat	unsat	unsat	unsat
bitwidth-16-degree-14-seed-23-correctness-original-native-encoding-vs-reduced-native-encoding	correctness	unsat			unsat	unsat	unsat
bitwidth-16-degree-14-seed-23-addition-original-subpolynomial-encoding	addition	unsat				unsat	unsat
bitwidth-16-degree-14-seed-23-identity-point-original-native-encoding	identity-point	NA	unsat	unsat	unsat	unsat	unsat
bitwidth-16-degree-14-seed-23-identity-point-reduced-native-encoding	identity-point	NA	unsat	unsat	unsat	unsat	unsat
bitwidth-16-degree-14-seed-23-addition-reduced-subpolynomial-encoding	addition	unsat				unsat	unsat
bitwidth-16-degree-14-seed-23-correctness-original-subpolynomial-encoding-vs-reduced-subpolynomial-encoding	correctness	unsat				unsat	unsat
bitwidth-16-degree-14-seed-23-identity-point-original-subpolynomial-encoding	identity-point	NA	unsat	unsat	unsat	unsat	unsat
bitwidth-16-degree-14-seed-23-identity-point-reduced-subpolynomial-encoding	identity-point	NA	unsat	unsat	unsat	unsat	unsat
bitwidth-16-degree-14-seed-23-equality-original-subpolynomial-encoding	equality	NA				unsat	unsat
bitwidth-16-degree-14-seed-23-equality-reduced-subpolynomial-encoding	equality	NA				unsat	unsat
bitwidth-16-degree-14-seed-23-correctness-original-native-encoding-vs-original-subpolynomial-encoding	correctness	unsat					
bitwidth-16-degree-14-seed-23-correctness-original-native-encoding-vs-reduced-subpolynomial-encoding	correctness	unsat					
bitwidth-16-degree-14-seed-23-correctness-reduced-native-encoding-vs-original-subpolynomial-encoding	correctness	unsat					
bitwidth-16-degree-14-seed-23-root-finding-original-native-encoding	root-finding	NA	sat	sat	sat	sat	sat
bitwidth-16-degree-14-seed-23-correctness-reduced-native-encoding-vs-reduced-subpolynomial-encoding	correctness	unsat					
bitwidth-16-degree-14-seed-23-root-finding-reduced-native-encoding	root-finding	NA	sat	sat	sat	sat	sat
bitwidth-16-degree-14-seed-23-nonequality-original-native-encoding	nonequality	NA	sat	sat		sat	sat
bitwidth-16-degree-14-seed-23-nonequality-reduced-native-encoding	nonequality	NA	sat	sat		sat	sat
bitwidth-16-degree-14-seed-23-multiplication-original-native-encoding	multiplication	unsat			unsat	unsat	
bitwidth-16-degree-14-seed-23-root-finding-original-subpolynomial-encoding	root-finding	NA	sat	sat	sat	sat	sat
bitwidth-16-degree-14-seed-23-root-finding-reduced-subpolynomial-encoding	root-finding	NA	sat	sat	sat	sat	sat
bitwidth-16-degree-15-seed-23-bounding-original-native-encoding	bounding	NA	sat	sat	sat	sat	sat
bitwidth-16-degree-15-seed-23-addition-original-native-encoding	addition	unsat			unsat	unsat	unsat
bitwidth-16-degree-15-seed-23-bounding-reduced-native-encoding	bounding	NA	sat	sat	sat	sat	sat
bitwidth-16-degree-14-seed-23-nonequality-original-subpolynomial-encoding	nonequality	NA				sat	sat
bitwidth-16-degree-14-seed-23-multiplication-reduced-native-encoding	multiplication	unsat			unsat		
bitwidth-16-degree-14-seed-23-multiplication-original-subpolynomial-encoding	multiplication	unsat				unsat	unsat
bitwidth-16-degree-14-seed-23-nonequality-reduced-subpolynomial-encoding	nonequality	NA				sat	sat
bitwidth-16-degree-15-seed-23-addition-reduced-native-encoding	addition	unsat			unsat	unsat	unsat
bitwidth-16-degree-14-seed-23-multiplication-reduced-subpolynomial-encoding	multiplication	unsat				unsat	
bitwidth-16-degree-15-seed-23-bounding-original-subpolynomial-encoding	bounding	NA	sat	sat	sat	sat	sat
bitwidth-16-degree-15-seed-23-equality-original-native-encoding	equality	NA	sat	sat	sat	sat	sat
bitwidth-16-degree-15-seed-23-bounding-reduced-subpolynomial-encoding	bounding	NA	sat	sat	sat	sat	sat
bitwidth-16-degree-15-seed-23-equality-reduced-native-encoding	equality	NA	sat	sat	sat	sat	sat
bitwidth-16-degree-15-seed-23-addition-original-subpolynomial-encoding	addition	unsat				unsat	unsat
bitwidth-16-degree-15-seed-23-identity-point-original-native-encoding	identity-point	NA	unsat	unsat	unsat	unsat	unsat
bitwidth-16-degree-15-seed-23-correctness-original-native-encoding-vs-reduced-native-encoding	correctness	unsat			unsat	unsat	unsat
bitwidth-16-degree-15-seed-23-identity-point-reduced-native-encoding	identity-point	NA	unsat	unsat	unsat	unsat	unsat
bitwidth-16-degree-15-seed-23-correctness-original-subpolynomial-encoding-vs-reduced-subpolynomial-encoding	correctness	unsat				unsat	unsat
bitwidth-16-degree-15-seed-23-addition-reduced-subpolynomial-encoding	addition	unsat				unsat	unsat
bitwidth-16-degree-15-seed-23-identity-point-original-subpolynomial-encoding	identity-point	NA	unsat	unsat	unsat	unsat	unsat
bitwidth-16-degree-15-seed-23-identity-point-reduced-subpolynomial-encoding	identity-point	NA	unsat	unsat	unsat	unsat	unsat
bitwidth-16-degree-15-seed-23-equality-original-subpolynomial-encoding	equality	NA				sat	sat
bitwidth-16-degree-15-seed-23-correctness-original-native-encoding-vs-original-subpolynomial-encoding	correctness	unsat					
bitwidth-16-degree-15-seed-23-equality-reduced-subpolynomial-encoding	equality	NA				sat	sat
bitwidth-16-degree-15-seed-23-correctness-original-native-encoding-vs-reduced-subpolynomial-encoding	correctness	unsat					
bitwidth-16-degree-15-seed-23-correctness-reduced-native-encoding-vs-original-subpolynomial-encoding	correctness	unsat					
bitwidth-16-degree-15-seed-23-root-finding-original-native-encoding	root-finding	NA	sat	sat	sat	sat	sat
bitwidth-16-degree-15-seed-23-nonequality-original-native-encoding	nonequality	NA	sat	sat		sat	sat
bitwidth-16-degree-15-seed-23-root-finding-reduced-native-encoding	root-finding	NA	sat	sat	sat	sat	sat
bitwidth-16-degree-15-seed-23-nonequality-reduced-native-encoding	nonequality	NA	sat	sat		sat	sat
bitwidth-16-degree-15-seed-23-correctness-reduced-native-encoding-vs-reduced-subpolynomial-encoding	correctness	unsat					
bitwidth-16-degree-15-seed-23-multiplication-original-native-encoding	multiplication	unsat			unsat	unsat	
bitwidth-16-degree-15-seed-23-root-finding-original-subpolynomial-encoding	root-finding	NA	sat	sat	sat	sat	sat
bitwidth-16-degree-15-seed-23-multiplication-original-subpolynomial-encoding	multiplication	unsat				unsat	unsat
bitwidth-16-degree-16-seed-23-bounding-original-native-encoding	bounding	NA	sat	sat	sat	sat	sat
bitwidth-16-degree-15-seed-23-nonequality-original-subpolynomial-encoding	nonequality	NA				sat	sat
bitwidth-16-degree-15-seed-23-root-finding-reduced-subpolynomial-encoding	root-finding	NA	sat	sat	sat	sat	sat
bitwidth-16-degree-16-seed-23-bounding-reduced-native-encoding	bounding	NA	sat	sat	sat	sat	sat
bitwidth-16-degree-16-seed-23-addition-original-native-encoding	addition	unsat			unsat	unsat	unsat
bitwidth-16-degree-15-seed-23-multiplication-reduced-native-encoding	multiplication	unsat			unsat		
bitwidth-16-degree-15-seed-23-nonequality-reduced-subpolynomial-encoding	nonequality	NA				sat	sat
bitwidth-16-degree-15-seed-23-multiplication-reduced-subpolynomial-encoding	multiplication	unsat				unsat	unsat
bitwidth-16-degree-16-seed-23-addition-reduced-native-encoding	addition	unsat			unsat	unsat	
bitwidth-16-degree-16-seed-23-bounding-original-subpolynomial-encoding	bounding	NA	sat	sat	sat	sat	sat
bitwidth-16-degree-16-seed-23-equality-original-native-encoding	equality	NA	unsat	unsat	unsat	unsat	unsat
bitwidth-16-degree-16-seed-23-bounding-reduced-subpolynomial-encoding	bounding	NA	sat	sat	sat	sat	sat
bitwidth-16-degree-16-seed-23-equality-reduced-native-encoding	equality	NA	unsat	unsat	unsat	unsat	unsat
bitwidth-16-degree-16-seed-23-addition-original-subpolynomial-encoding	addition	unsat				unsat	unsat
bitwidth-16-degree-16-seed-23-identity-point-original-native-encoding	identity-point	NA	sat	sat	sat	sat	sat
bitwidth-16-degree-16-seed-23-correctness-original-native-encoding-vs-reduced-native-encoding	correctness	unsat			unsat	unsat	
bitwidth-16-degree-16-seed-23-addition-reduced-subpolynomial-encoding	addition	unsat				unsat	unsat
bitwidth-16-degree-16-seed-23-identity-point-reduced-native-encoding	identity-point	NA	sat	sat	sat	sat	sat
bitwidth-16-degree-16-seed-23-correctness-original-subpolynomial-encoding-vs-reduced-subpolynomial-encoding	correctness	unsat				unsat	unsat
bitwidth-16-degree-16-seed-23-identity-point-original-subpolynomial-encoding	identity-point	NA	sat	sat	sat	sat	sat
bitwidth-16-degree-16-seed-23-equality-original-subpolynomial-encoding	equality	NA				unsat	unsat
bitwidth-16-degree-16-seed-23-correctness-original-native-encoding-vs-original-subpolynomial-encoding	correctness	unsat					
bitwidth-16-degree-16-seed-23-equality-reduced-subpolynomial-encoding	equality	NA				unsat	unsat
bitwidth-16-degree-16-seed-23-correctness-original-native-encoding-vs-reduced-subpolynomial-encoding	correctness	unsat					
bitwidth-16-degree-16-seed-23-correctness-reduced-native-encoding-vs-original-subpolynomial-encoding	correctness	unsat					
bitwidth-16-degree-16-seed-23-identity-point-reduced-subpolynomial-encoding	identity-point	NA	sat	sat	sat	sat	sat
bitwidth-16-degree-16-seed-23-root-finding-original-native-encoding	root-finding	NA	unsat	unsat	unsat	unsat	unsat
bitwidth-16-degree-16-seed-23-nonequality-original-native-encoding	nonequality	NA	sat	sat		sat	sat
bitwidth-16-degree-16-seed-23-root-finding-reduced-native-encoding	root-finding	NA	unsat	unsat	unsat	unsat	unsat
bitwidth-16-degree-16-seed-23-nonequality-reduced-native-encoding	nonequality	NA	sat	sat		sat	sat
bitwidth-16-degree-16-seed-23-correctness-reduced-native-encoding-vs-reduced-subpolynomial-encoding	correctness	unsat					
bitwidth-16-degree-16-seed-23-multiplication-original-native-encoding	multiplication	unsat			unsat	unsat	
bitwidth-16-degree-16-seed-23-multiplication-original-subpolynomial-encoding	multiplication	unsat				unsat	unsat
bitwidth-16-degree-16-seed-23-root-finding-original-subpolynomial-encoding	root-finding	NA	unsat	unsat	unsat	unsat	unsat
bitwidth-16-degree-17-seed-23-bounding-original-native-encoding	bounding	NA	sat	sat	sat	sat	sat
bitwidth-16-degree-16-seed-23-root-finding-reduced-subpolynomial-encoding	root-finding	NA	unsat	unsat	unsat	unsat	unsat
bitwidth-16-degree-17-seed-23-bounding-reduced-native-encoding	bounding	NA	sat	sat	sat	sat	sat
bitwidth-16-degree-16-seed-23-nonequality-original-subpolynomial-encoding	nonequality	NA				sat	sat
bitwidth-16-degree-17-seed-23-addition-original-native-encoding	addition	unsat			unsat	unsat	unsat
bitwidth-16-degree-16-seed-23-multiplication-reduced-subpolynomial-encoding	multiplication	unsat				unsat	unsat
bitwidth-16-degree-16-seed-23-nonequality-reduced-subpolynomial-encoding	nonequality	NA				sat	sat
bitwidth-16-degree-16-seed-23-multiplication-reduced-native-encoding	multiplication	unsat			unsat		
bitwidth-16-degree-17-seed-23-bounding-original-subpolynomial-encoding	bounding	NA	sat	sat	sat	sat	sat
bitwidth-16-degree-17-seed-23-addition-reduced-native-encoding	addition	unsat				unsat	unsat
bitwidth-16-degree-17-seed-23-bounding-reduced-subpolynomial-encoding	bounding	NA	sat	sat	sat	sat	sat
bitwidth-16-degree-17-seed-23-equality-original-native-encoding	equality	NA	unsat	unsat	unsat	unsat	unsat
bitwidth-16-degree-17-seed-23-addition-original-subpolynomial-encoding	addition	unsat				unsat	unsat
bitwidth-16-degree-17-seed-23-equality-reduced-native-encoding	equality	NA	unsat	unsat	unsat	unsat	unsat
bitwidth-16-degree-17-seed-23-identity-point-original-native-encoding	identity-point	NA	unsat	unsat	unsat	unsat	unsat
bitwidth-16-degree-17-seed-23-correctness-original-native-encoding-vs-reduced-native-encoding	correctness	unsat			unsat	unsat	
bitwidth-16-degree-17-seed-23-identity-point-reduced-native-encoding	identity-point	NA	unsat	unsat	unsat	unsat	unsat
bitwidth-16-degree-17-seed-23-correctness-original-subpolynomial-encoding-vs-reduced-subpolynomial-encoding	correctness	unsat				unsat	unsat
bitwidth-16-degree-17-seed-23-addition-reduced-subpolynomial-encoding	addition	unsat				unsat	
bitwidth-16-degree-17-seed-23-correctness-original-native-encoding-vs-original-subpolynomial-encoding	correctness	unsat					
bitwidth-16-degree-17-seed-23-equality-original-subpolynomial-encoding	equality	NA				unsat	unsat
bitwidth-16-degree-17-seed-23-correctness-original-native-encoding-vs-reduced-subpolynomial-encoding	correctness	unsat					
bitwidth-16-degree-17-seed-23-correctness-reduced-native-encoding-vs-original-subpolynomial-encoding	correctness	unsat					
bitwidth-16-degree-17-seed-23-equality-reduced-subpolynomial-encoding	equality	NA				unsat	unsat
bitwidth-16-degree-17-seed-23-identity-point-original-subpolynomial-encoding	identity-point	NA				unsat	unsat
bitwidth-16-degree-17-seed-23-identity-point-reduced-subpolynomial-encoding	identity-point	NA		unsat	unsat	unsat	unsat
bitwidth-16-degree-17-seed-23-nonequality-original-native-encoding	nonequality	NA	sat	sat		sat	sat
bitwidth-16-degree-17-seed-23-root-finding-original-native-encoding	root-finding	NA	unsat	unsat	unsat	unsat	unsat
bitwidth-16-degree-17-seed-23-root-finding-reduced-native-encoding	root-finding	NA	unsat	unsat	unsat	unsat	unsat
bitwidth-16-degree-17-seed-23-correctness-reduced-native-encoding-vs-reduced-subpolynomial-encoding	correctness	unsat					
bitwidth-16-degree-17-seed-23-nonequality-reduced-native-encoding	nonequality	NA	sat	sat		sat	sat
bitwidth-16-degree-17-seed-23-multiplication-original-native-encoding	multiplication	unsat			unsat	unsat	
bitwidth-16-degree-17-seed-23-root-finding-original-subpolynomial-encoding	root-finding	NA	unsat	unsat	unsat	unsat	unsat
bitwidth-16-degree-17-seed-23-root-finding-reduced-subpolynomial-encoding	root-finding	NA	unsat	unsat	unsat	unsat	unsat
bitwidth-16-degree-17-seed-23-nonequality-original-subpolynomial-encoding	nonequality	NA				sat	sat
bitwidth-16-degree-18-seed-23-bounding-original-native-encoding	bounding	NA	sat	sat	sat	sat	sat
bitwidth-16-degree-18-seed-23-addition-original-native-encoding	addition	unsat			unsat	unsat	unsat
bitwidth-16-degree-18-seed-23-bounding-reduced-native-encoding	bounding	NA	sat	sat	sat	sat	sat
bitwidth-16-degree-17-seed-23-multiplication-original-subpolynomial-encoding	multiplication	unsat					
bitwidth-16-degree-17-seed-23-nonequality-reduced-subpolynomial-encoding	nonequality	NA				sat	sat
bitwidth-16-degree-17-seed-23-multiplication-reduced-native-encoding	multiplication	unsat					
bitwidth-16-degree-17-seed-23-multiplication-reduced-subpolynomial-encoding	multiplication	unsat					unsat
bitwidth-16-degree-18-seed-23-bounding-original-subpolynomial-encoding	bounding	NA	sat	sat	sat	sat	sat
bitwidth-16-degree-18-seed-23-addition-original-subpolynomial-encoding	addition	unsat				unsat	unsat
bitwidth-16-degree-18-seed-23-addition-reduced-native-encoding	addition	unsat				unsat	
bitwidth-16-degree-18-seed-23-equality-original-native-encoding	equality	NA	sat	sat	sat	sat	sat
bitwidth-16-degree-18-seed-23-bounding-reduced-subpolynomial-encoding	bounding	NA	sat			sat	sat
bitwidth-16-degree-18-seed-23-equality-reduced-native-encoding	equality	NA	sat	sat	sat	sat	sat
bitwidth-16-degree-18-seed-23-identity-point-original-native-encoding	identity-point	NA	unsat	unsat	unsat	unsat	unsat
bitwidth-16-degree-18-seed-23-correctness-original-native-encoding-vs-reduced-native-encoding	correctness	unsat			unsat	unsat	
bitwidth-16-degree-18-seed-23-addition-reduced-subpolynomial-encoding	addition	unsat				unsat	unsat
bitwidth-16-degree-18-seed-23-correctness-original-subpolynomial-encoding-vs-reduced-subpolynomial-encoding	correctness	unsat				unsat	unsat
bitwidth-16-degree-18-seed-23-identity-point-reduced-native-encoding	identity-point	NA	unsat	unsat	unsat	unsat	unsat
bitwidth-16-degree-18-seed-23-correctness-original-native-encoding-vs-original-subpolynomial-encoding	correctness	unsat					
bitwidth-16-degree-18-seed-23-correctness-original-native-encoding-vs-reduced-subpolynomial-encoding	correctness	unsat					
bitwidth-16-degree-18-seed-23-equality-original-subpolynomial-encoding	equality	NA				sat	sat
bitwidth-16-degree-18-seed-23-equality-reduced-subpolynomial-encoding	equality	NA				sat	sat
bitwidth-16-degree-18-seed-23-identity-point-original-subpolynomial-encoding	identity-point	NA	unsat	unsat	unsat	unsat	unsat
bitwidth-16-degree-18-seed-23-correctness-reduced-native-encoding-vs-original-subpolynomial-encoding	correctness	unsat					
bitwidth-16-degree-18-seed-23-identity-point-reduced-subpolynomial-encoding	identity-point	NA	unsat	unsat		unsat	unsat
bitwidth-16-degree-18-seed-23-root-finding-original-native-encoding	root-finding	NA	unsat	unsat	unsat	unsat	unsat
bitwidth-16-degree-18-seed-23-nonequality-original-native-encoding	nonequality	NA	sat	sat		sat	sat
bitwidth-16-degree-18-seed-23-root-finding-reduced-native-encoding	root-finding	NA	unsat	unsat	unsat	unsat	unsat
bitwidth-16-degree-18-seed-23-correctness-reduced-native-encoding-vs-reduced-subpolynomial-encoding	correctness	unsat					
bitwidth-16-degree-18-seed-23-nonequality-reduced-native-encoding	nonequality	NA	sat	sat		sat	sat
bitwidth-16-degree-18-seed-23-multiplication-original-native-encoding	multiplication	unsat			unsat	unsat	
bitwidth-16-degree-18-seed-23-nonequality-original-subpolynomial-encoding	nonequality	NA				sat	sat
bitwidth-16-degree-18-seed-23-root-finding-reduced-subpolynomial-encoding	root-finding	NA	unsat	unsat	unsat	unsat	unsat
bitwidth-16-degree-19-seed-23-addition-original-native-encoding	addition	unsat			unsat	unsat	unsat
bitwidth-16-degree-19-seed-23-bounding-original-native-encoding	bounding	NA	sat	sat	sat	sat	sat
bitwidth-16-degree-19-seed-23-bounding-reduced-native-encoding	bounding	NA	sat	sat	sat	sat	sat
bitwidth-16-degree-18-seed-23-nonequality-reduced-subpolynomial-encoding	nonequality	NA				sat	sat
bitwidth-16-degree-18-seed-23-multiplication-original-subpolynomial-encoding	multiplication	unsat				unsat	
bitwidth-16-degree-18-seed-23-root-finding-original-subpolynomial-encoding	root-finding	NA				unsat	unsat
bitwidth-16-degree-18-seed-23-multiplication-reduced-native-encoding	multiplication	unsat					
bitwidth-16-degree-18-seed-23-multiplication-reduced-subpolynomial-encoding	multiplication	unsat					
bitwidth-16-degree-19-seed-23-bounding-reduced-subpolynomial-encoding	bounding	NA	sat	sat	sat	sat	sat
bitwidth-16-degree-19-seed-23-addition-original-subpolynomial-encoding	addition	unsat				unsat	unsat
bitwidth-16-degree-19-seed-23-bounding-original-subpolynomial-encoding	bounding	NA		sat		sat	sat
bitwidth-16-degree-19-seed-23-equality-original-native-encoding	equality	NA	sat	sat	sat	sat	sat
bitwidth-16-degree-19-seed-23-equality-reduced-native-encoding	equality	NA	sat	sat	sat	sat	sat
bitwidth-16-degree-19-seed-23-addition-reduced-native-encoding	addition	unsat				unsat	
bitwidth-16-degree-19-seed-23-identity-point-original-native-encoding	identity-point	NA	unsat	unsat	unsat	unsat	unsat
bitwidth-16-degree-19-seed-23-addition-reduced-subpolynomial-encoding	addition	unsat				unsat	unsat
bitwidth-16-degree-19-seed-23-identity-point-reduced-native-encoding	identity-point	NA	unsat	unsat	unsat	unsat	unsat
bitwidth-16-degree-19-seed-23-correctness-original-subpolynomial-encoding-vs-reduced-subpolynomial-encoding	correctness	unsat				unsat	unsat
bitwidth-16-degree-19-seed-23-correctness-original-native-encoding-vs-reduced-native-encoding	correctness	unsat			unsat		
bitwidth-16-degree-19-seed-23-correctness-original-native-encoding-vs-original-subpolynomial-encoding	correctness	unsat					
bitwidth-16-degree-19-seed-23-identity-point-original-subpolynomial-encoding	identity-point	NA	unsat	unsat	unsat	unsat	unsat
bitwidth-16-degree-19-seed-23-correctness-original-native-encoding-vs-reduced-subpolynomial-encoding	correctness	unsat					
bitwidth-16-degree-19-seed-23-equality-original-subpolynomial-encoding	equality	NA				sat	sat
bitwidth-16-degree-19-seed-23-identity-point-reduced-subpolynomial-encoding	identity-point	NA	unsat	unsat	unsat	unsat	unsat
bitwidth-16-degree-19-seed-23-equality-reduced-subpolynomial-encoding	equality	NA				sat	sat
bitwidth-16-degree-19-seed-23-correctness-reduced-native-encoding-vs-original-subpolynomial-encoding	correctness	unsat					
bitwidth-16-degree-19-seed-23-nonequality-original-native-encoding	nonequality	NA	sat	sat		sat	sat
bitwidth-16-degree-19-seed-23-root-finding-original-native-encoding	root-finding	NA	unsat	unsat	unsat	unsat	unsat
bitwidth-16-degree-19-seed-23-root-finding-reduced-native-encoding	root-finding	NA	unsat	unsat	unsat	unsat	unsat
bitwidth-16-degree-19-seed-23-correctness-reduced-native-encoding-vs-reduced-subpolynomial-encoding	correctness	unsat					
bitwidth-16-degree-19-seed-23-nonequality-reduced-native-encoding	nonequality	NA	sat	sat		sat	sat
bitwidth-16-degree-19-seed-23-multiplication-original-native-encoding	multiplication	unsat			unsat	unsat	
bitwidth-16-degree-2-seed-23-addition-original-subpolynomial-encoding	addition	unsat	unsat	unsat	unsat	unsat	unsat
bitwidth-16-degree-2-seed-23-addition-original-native-encoding	addition	unsat	unsat	unsat	unsat	unsat	unsat
bitwidth-16-degree-2-seed-23-bounding-original-native-encoding	bounding	NA	sat	sat	sat	sat	sat
bitwidth-16-degree-2-seed-23-bounding-original-subpolynomial-encoding	bounding	NA	sat	sat	sat	sat	sat
bitwidth-16-degree-2-seed-23-bounding-reduced-native-encoding	bounding	NA	sat	sat	sat	sat	sat
bitwidth-16-degree-2-seed-23-bounding-reduced-subpolynomial-encoding	bounding	NA	sat	sat	sat	sat	sat
bitwidth-16-degree-19-seed-23-root-finding-original-subpolynomial-encoding	root-finding	NA	unsat	unsat	unsat	unsat	unsat
bitwidth-16-degree-19-seed-23-nonequality-original-subpolynomial-encoding	nonequality	NA				sat	sat
bitwidth-16-degree-19-seed-23-root-finding-reduced-subpolynomial-encoding	root-finding	NA	unsat	unsat	unsat	unsat	unsat
bitwidth-16-degree-2-seed-23-addition-reduced-native-encoding	addition	unsat	unsat	unsat	unsat	unsat	unsat
bitwidth-16-degree-2-seed-23-correctness-original-subpolynomial-encoding-vs-reduced-subpolynomial-encoding	correctness	unsat	unsat	unsat	unsat	unsat	unsat
bitwidth-16-degree-19-seed-23-multiplication-original-subpolynomial-encoding	multiplication	unsat				unsat	unsat
bitwidth-16-degree-2-seed-23-equality-original-native-encoding	equality	NA	sat	sat	sat	sat	sat
bitwidth-16-degree-19-seed-23-nonequality-reduced-subpolynomial-encoding	nonequality	NA				sat	sat
bitwidth-16-degree-2-seed-23-equality-reduced-native-encoding	equality	NA	sat	sat	sat	sat	sat
bitwidth-16-degree-2-seed-23-equality-original-subpolynomial-encoding	equality	NA	sat	sat	sat	sat	sat
bitwidth-16-degree-2-seed-23-identity-point-original-native-encoding	identity-point	NA	unsat	unsat	unsat	unsat	unsat
bitwidth-16-degree-2-seed-23-equality-reduced-subpolynomial-encoding	equality	NA	sat	sat	sat	sat	sat
bitwidth-16-degree-2-seed-23-identity-point-original-subpolynomial-encoding	identity-point	NA	unsat	unsat	unsat	unsat	unsat
bitwidth-16-degree-2-seed-23-identity-point-reduced-native-encoding	identity-point	NA	unsat	unsat	unsat	unsat	unsat
bitwidth-16-degree-2-seed-23-identity-point-reduced-subpolynomial-encoding	identity-point	NA	unsat	unsat	unsat	unsat	unsat
bitwidth-16-degree-2-seed-23-correctness-original-native-encoding-vs-reduced-native-encoding	correctness	unsat	unsat	unsat	unsat	unsat	unsat
bitwidth-16-degree-19-seed-23-multiplication-reduced-subpolynomial-encoding	multiplication	unsat				unsat	unsat
bitwidth-16-degree-2-seed-23-addition-reduced-subpolynomial-encoding	addition	unsat	unsat	unsat	unsat	unsat	unsat
bitwidth-16-degree-2-seed-23-nonequality-original-native-encoding	nonequality	NA	sat	sat	sat	sat	sat
bitwidth-16-degree-2-seed-23-nonequality-original-subpolynomial-encoding	nonequality	NA	sat	sat	sat	sat	sat
bitwidth-16-degree-2-seed-23-nonequality-reduced-native-encoding	nonequality	NA	sat	sat	sat	sat	sat
bitwidth-16-degree-2-seed-23-nonequality-reduced-subpolynomial-encoding	nonequality	NA	sat	sat	sat	sat	sat
bitwidth-16-degree-19-seed-23-multiplication-reduced-native-encoding	multiplication	unsat					
bitwidth-16-degree-2-seed-23-root-finding-original-native-encoding	root-finding	NA	unsat	unsat	unsat	unsat	unsat
bitwidth-16-degree-2-seed-23-root-finding-reduced-native-encoding	root-finding	NA	unsat	unsat	unsat	unsat	unsat
bitwidth-16-degree-2-seed-23-root-finding-original-subpolynomial-encoding	root-finding	NA	unsat	unsat	unsat	unsat	unsat
bitwidth-16-degree-2-seed-23-root-finding-reduced-subpolynomial-encoding	root-finding	NA	unsat	unsat	unsat	unsat	unsat
bitwidth-16-degree-2-seed-23-correctness-original-native-encoding-vs-original-subpolynomial-encoding	correctness	unsat	unsat	unsat	unsat	unsat	unsat
bitwidth-16-degree-2-seed-23-correctness-original-native-encoding-vs-reduced-subpolynomial-encoding	correctness	unsat	unsat	unsat	unsat	unsat	unsat
bitwidth-16-degree-2-seed-23-correctness-reduced-native-encoding-vs-original-subpolynomial-encoding	correctness	unsat	unsat	unsat	unsat	unsat	unsat
bitwidth-16-degree-2-seed-23-correctness-reduced-native-encoding-vs-reduced-subpolynomial-encoding	correctness	unsat	unsat	unsat	unsat	unsat	unsat
bitwidth-16-degree-20-seed-23-bounding-original-native-encoding	bounding	NA	sat	sat	sat	sat	sat
bitwidth-16-degree-20-seed-23-bounding-reduced-native-encoding	bounding	NA	sat	sat	sat	sat	sat
bitwidth-16-degree-2-seed-23-multiplication-original-subpolynomial-encoding	multiplication	unsat	unsat	unsat	unsat	unsat	unsat
bitwidth-16-degree-2-seed-23-multiplication-reduced-subpolynomial-encoding	multiplication	unsat	unsat	unsat	unsat	unsat	unsat
bitwidth-16-degree-2-seed-23-multiplication-original-native-encoding	multiplication	unsat			unsat	unsat	
bitwidth-16-degree-20-seed-23-addition-original-native-encoding	addition	unsat			unsat	unsat	unsat
bitwidth-16-degree-2-seed-23-multiplication-reduced-native-encoding	multiplication	unsat			unsat	unsat	
bitwidth-16-degree-20-seed-23-bounding-original-subpolynomial-encoding	bounding	NA	sat	sat	sat	sat	sat
bitwidth-16-degree-20-seed-23-bounding-reduced-subpolynomial-encoding	bounding	NA	sat	sat	sat	sat	sat
bitwidth-16-degree-20-seed-23-addition-original-subpolynomial-encoding	addition	unsat				unsat	unsat
bitwidth-16-degree-20-seed-23-addition-reduced-native-encoding	addition	unsat				unsat	
bitwidth-16-degree-20-seed-23-addition-reduced-subpolynomial-encoding	addition	unsat				unsat	unsat
bitwidth-16-degree-20-seed-23-equality-original-native-encoding	equality	NA	sat	sat	sat	sat	sat
bitwidth-16-degree-20-seed-23-identity-point-original-native-encoding	identity-point	NA	sat	sat	sat	sat	sat
bitwidth-16-degree-20-seed-23-correctness-original-subpolynomial-encoding-vs-reduced-subpolynomial-encoding	correctness	unsat				unsat	unsat
bitwidth-16-degree-20-seed-23-identity-point-reduced-native-encoding	identity-point	NA	sat	sat	sat	sat	sat
bitwidth-16-degree-20-seed-23-correctness-original-native-encoding-vs-reduced-native-encoding	correctness	unsat			unsat		
bitwidth-16-degree-20-seed-23-equality-reduced-native-encoding	equality	NA	sat	sat	sat	sat	sat
bitwidth-16-degree-20-seed-23-correctness-original-native-encoding-vs-original-subpolynomial-encoding	correctness	unsat					
bitwidth-16-degree-20-seed-23-identity-point-original-subpolynomial-encoding	identity-point	NA	sat	sat	sat	sat	sat
bitwidth-16-degree-20-seed-23-equality-original-subpolynomial-encoding	equality	NA				sat	sat
bitwidth-16-degree-20-seed-23-correctness-original-native-encoding-vs-reduced-subpolynomial-encoding	correctness	unsat					
bitwidth-16-degree-20-seed-23-correctness-reduced-native-encoding-vs-original-subpolynomial-encoding	correctness	unsat					
bitwidth-16-degree-20-seed-23-identity-point-reduced-subpolynomial-encoding	identity-point	NA	sat	sat	sat	sat	sat
bitwidth-16-degree-20-seed-23-correctness-reduced-native-encoding-vs-reduced-subpolynomial-encoding	correctness	unsat					
bitwidth-16-degree-20-seed-23-equality-reduced-subpolynomial-encoding	equality	NA				sat	sat
bitwidth-16-degree-20-seed-23-root-finding-original-native-encoding	root-finding	NA	unsat	unsat	unsat	unsat	unsat
bitwidth-16-degree-20-seed-23-root-finding-reduced-native-encoding	root-finding	NA	unsat	unsat	unsat	unsat	unsat
bitwidth-16-degree-20-seed-23-nonequality-original-native-encoding	nonequality	NA	sat	sat		sat	sat
bitwidth-16-degree-20-seed-23-nonequality-reduced-native-encoding	nonequality	NA	sat	sat		sat	sat
bitwidth-16-degree-20-seed-23-multiplication-original-native-encoding	multiplication	unsat			unsat	unsat	
bitwidth-16-degree-20-seed-23-root-finding-original-subpolynomial-encoding	root-finding	NA	unsat	unsat	unsat	unsat	unsat
bitwidth-16-degree-20-seed-23-root-finding-reduced-subpolynomial-encoding	root-finding	NA	unsat	unsat	unsat	unsat	unsat
bitwidth-16-degree-21-seed-23-bounding-original-native-encoding	bounding	NA	sat	sat	sat	sat	sat
bitwidth-16-degree-20-seed-23-nonequality-original-subpolynomial-encoding	nonequality	NA				sat	sat
bitwidth-16-degree-21-seed-23-addition-original-native-encoding	addition	unsat			unsat	unsat	unsat
bitwidth-16-degree-21-seed-23-bounding-reduced-native-encoding	bounding	NA	sat	sat	sat	sat	sat
bitwidth-16-degree-20-seed-23-multiplication-original-subpolynomial-encoding	multiplication	unsat				unsat	unsat
bitwidth-16-degree-20-seed-23-nonequality-reduced-subpolynomial-encoding	nonequality	NA				sat	sat
bitwidth-16-degree-20-seed-23-multiplication-reduced-subpolynomial-encoding	multiplication	unsat				unsat	unsat
bitwidth-16-degree-20-seed-23-multiplication-reduced-native-encoding	multiplication	unsat					
bitwidth-16-degree-21-seed-23-bounding-original-subpolynomial-encoding	bounding	NA	sat	sat	sat	sat	sat
bitwidth-16-degree-21-seed-23-bounding-reduced-subpolynomial-encoding	bounding	NA	sat	sat	sat	sat	sat
bitwidth-16-degree-21-seed-23-addition-original-subpolynomial-encoding	addition	unsat				unsat	unsat
bitwidth-16-degree-21-seed-23-addition-reduced-native-encoding	addition	unsat				unsat	
bitwidth-16-degree-21-seed-23-addition-reduced-subpolynomial-encoding	addition	unsat				unsat	unsat
bitwidth-16-degree-21-seed-23-equality-original-native-encoding	equality	NA	sat	sat	sat	sat	sat
bitwidth-16-degree-21-seed-23-correctness-original-native-encoding-vs-reduced-native-encoding	correctness	unsat			unsat		
bitwidth-16-degree-21-seed-23-identity-point-original-native-encoding	identity-point	NA	unsat	unsat	unsat	unsat	unsat
bitwidth-16-degree-21-seed-23-identity-point-reduced-native-encoding	identity-point	NA	unsat	unsat	unsat	unsat	unsat
bitwidth-16-degree-21-seed-23-equality-reduced-native-encoding	equality	NA	sat	sat	sat	sat	sat
bitwidth-16-degree-21-seed-23-correctness-original-subpolynomial-encoding-vs-reduced-subpolynomial-encoding	correctness	unsat				unsat	unsat
bitwidth-16-degree-21-seed-23-correctness-original-native-encoding-vs-original-subpolynomial-encoding	correctness	unsat					
bitwidth-16-degree-21-seed-23-correctness-original-native-encoding-vs-reduced-subpolynomial-encoding	correctness	unsat					
bitwidth-16-degree-21-seed-23-equality-original-subpolynomial-encoding	equality	NA				sat	sat
bitwidth-16-degree-21-seed-23-correctness-reduced-native-encoding-vs-original-subpolynomial-encoding	correctness	unsat					
bitwidth-16-degree-21-seed-23-identity-point-reduced-subpolynomial-encoding	identity-point	NA	unsat	unsat	unsat	unsat	unsat
bitwidth-16-degree-21-seed-23-identity-point-original-subpolynomial-encoding	identity-point	NA	unsat	unsat	unsat	unsat	unsat
bitwidth-16-degree-21-seed-23-nonequality-original-native-encoding	nonequality	NA	sat	sat		sat	sat
bitwidth-16-degree-21-seed-23-root-finding-original-native-encoding	root-finding	NA	sat	sat	sat	sat	sat
bitwidth-16-degree-21-seed-23-equality-reduced-subpolynomial-encoding	equality	NA				sat	sat
bitwidth-16-degree-21-seed-23-root-finding-reduced-native-encoding	root-finding	NA	sat	sat	sat	sat	sat
bitwidth-16-degree-21-seed-23-correctness-reduced-native-encoding-vs-reduced-subpolynomial-encoding	correctness	unsat					
bitwidth-16-degree-21-seed-23-nonequality-reduced-native-encoding	nonequality	NA	sat	sat		sat	sat
bitwidth-16-degree-21-seed-23-multiplication-original-native-encoding	multiplication	unsat			unsat	unsat	
bitwidth-16-degree-21-seed-23-multiplication-original-subpolynomial-encoding	multiplication	unsat				unsat	unsat
bitwidth-16-degree-21-seed-23-root-finding-original-subpolynomial-encoding	root-finding	NA	sat	sat	sat	sat	sat
bitwidth-16-degree-21-seed-23-root-finding-reduced-subpolynomial-encoding	root-finding	NA	sat	sat	sat	sat	sat
bitwidth-16-degree-22-seed-23-bounding-original-native-encoding	bounding	NA	sat	sat	sat	sat	sat
bitwidth-16-degree-22-seed-23-addition-original-native-encoding	addition	unsat			unsat	unsat	unsat
bitwidth-16-degree-22-seed-23-bounding-reduced-native-encoding	bounding	NA	sat	sat	sat	sat	sat
bitwidth-16-degree-21-seed-23-multiplication-reduced-subpolynomial-encoding	multiplication	unsat				unsat	unsat
bitwidth-16-degree-21-seed-23-nonequality-original-subpolynomial-encoding	nonequality	NA				sat	sat
bitwidth-16-degree-21-seed-23-nonequality-reduced-subpolynomial-encoding	nonequality	NA				sat	sat
bitwidth-16-degree-21-seed-23-multiplication-reduced-native-encoding	multiplication	unsat					
bitwidth-16-degree-22-seed-23-bounding-reduced-subpolynomial-encoding	bounding	NA	sat	sat	sat	sat	sat
bitwidth-16-degree-22-seed-23-bounding-original-subpolynomial-encoding	bounding	NA	sat	sat	sat	sat	sat
bitwidth-16-degree-22-seed-23-addition-original-subpolynomial-encoding	addition	unsat				unsat	unsat
bitwidth-16-degree-22-seed-23-addition-reduced-native-encoding	addition	unsat				unsat	
bitwidth-16-degree-22-seed-23-addition-reduced-subpolynomial-encoding	addition	unsat				unsat	unsat
bitwidth-16-degree-22-seed-23-equality-reduced-native-encoding	equality	NA	unsat	unsat	unsat	unsat	unsat
bitwidth-16-degree-22-seed-23-equality-original-native-encoding	equality	NA	unsat	unsat	unsat	unsat	unsat
bitwidth-16-degree-22-seed-23-correctness-original-subpolynomial-encoding-vs-reduced-subpolynomial-encoding	correctness	unsat				unsat	unsat
bitwidth-16-degree-22-seed-23-identity-point-original-native-encoding	identity-point	NA	unsat	unsat	unsat	unsat	unsat
bitwidth-16-degree-22-seed-23-identity-point-reduced-native-encoding	identity-point	NA	unsat	unsat	unsat	unsat	unsat
bitwidth-16-degree-22-seed-23-correctness-original-native-encoding-vs-reduced-native-encoding	correctness	unsat			unsat		
bitwidth-16-degree-22-seed-23-correctness-original-native-encoding-vs-original-subpolynomial-encoding	correctness	unsat					
bitwidth-16-degree-22-seed-23-correctness-original-native-encoding-vs-reduced-subpolynomial-encoding	correctness	unsat					
bitwidth-16-degree-22-seed-23-equality-original-subpolynomial-encoding	equality	NA				unsat	unsat
bitwidth-16-degree-22-seed-23-identity-point-reduced-subpolynomial-encoding	identity-point	NA	unsat	unsat	unsat	unsat	unsat
bitwidth-16-degree-22-seed-23-correctness-reduced-native-encoding-vs-original-subpolynomial-encoding	correctness	unsat					
bitwidth-16-degree-22-seed-23-identity-point-original-subpolynomial-encoding	identity-point	NA	unsat	unsat	unsat	unsat	unsat
bitwidth-16-degree-22-seed-23-equality-reduced-subpolynomial-encoding	equality	NA				unsat	unsat
bitwidth-16-degree-22-seed-23-root-finding-original-native-encoding	root-finding	NA	sat	sat	sat	sat	sat
bitwidth-16-degree-22-seed-23-nonequality-original-native-encoding	nonequality	NA	sat	sat		sat	sat
bitwidth-16-degree-22-seed-23-root-finding-reduced-native-encoding	root-finding	NA	sat	sat	sat	sat	sat
bitwidth-16-degree-22-seed-23-correctness-reduced-native-encoding-vs-reduced-subpolynomial-encoding	correctness	unsat					
bitwidth-16-degree-22-seed-23-nonequality-reduced-native-encoding	nonequality	NA	sat	sat		sat	sat
bitwidth-16-degree-22-seed-23-multiplication-original-native-encoding	multiplication	unsat			unsat	unsat	
bitwidth-16-degree-22-seed-23-multiplication-original-subpolynomial-encoding	multiplication	unsat				unsat	unsat
bitwidth-16-degree-22-seed-23-root-finding-original-subpolynomial-encoding	root-finding	NA	sat	sat	sat	sat	sat
bitwidth-16-degree-23-seed-23-bounding-original-native-encoding	bounding	NA	sat	sat	sat	sat	sat
bitwidth-16-degree-22-seed-23-root-finding-reduced-subpolynomial-encoding	root-finding	NA	sat	sat	sat	sat	sat
bitwidth-16-degree-23-seed-23-bounding-reduced-native-encoding	bounding	NA	sat	sat	sat	sat	sat
bitwidth-16-degree-22-seed-23-nonequality-original-subpolynomial-encoding	nonequality	NA				sat	sat
bitwidth-16-degree-23-seed-23-addition-original-native-encoding	addition	unsat			unsat	unsat	unsat
bitwidth-16-degree-22-seed-23-nonequality-reduced-subpolynomial-encoding	nonequality	NA				sat	sat
bitwidth-16-degree-22-seed-23-multiplication-reduced-subpolynomial-encoding	multiplication	unsat				unsat	unsat
bitwidth-16-degree-22-seed-23-multiplication-reduced-native-encoding	multiplication	unsat					
bitwidth-16-degree-23-seed-23-addition-reduced-native-encoding	addition	unsat			unsat	unsat	
bitwidth-16-degree-23-seed-23-bounding-reduced-subpolynomial-encoding	bounding	NA	sat	sat	sat	sat	sat
bitwidth-16-degree-23-seed-23-bounding-original-subpolynomial-encoding	bounding	NA	sat	sat	sat	sat	sat
bitwidth-16-degree-23-seed-23-equality-original-native-encoding	equality	NA	unsat	unsat	unsat	unsat	unsat
bitwidth-16-degree-23-seed-23-equality-reduced-native-encoding	equality	NA	unsat	unsat	unsat	unsat	unsat
bitwidth-16-degree-23-seed-23-addition-original-subpolynomial-encoding	addition	unsat				unsat	unsat
bitwidth-16-degree-23-seed-23-identity-point-original-native-encoding	identity-point	NA	unsat	unsat	unsat	unsat	unsat
bitwidth-16-degree-23-seed-23-addition-reduced-subpolynomial-encoding	addition	unsat				unsat	unsat
bitwidth-16-degree-23-seed-23-identity-point-reduced-native-encoding	identity-point	NA	unsat	unsat	unsat	unsat	unsat
bitwidth-16-degree-23-seed-23-correctness-original-subpolynomial-encoding-vs-reduced-subpolynomial-encoding	correctness	unsat				unsat	unsat
bitwidth-16-degree-23-seed-23-correctness-original-native-encoding-vs-reduced-native-encoding	correctness	unsat			unsat		
bitwidth-16-degree-23-seed-23-identity-point-original-subpolynomial-encoding	identity-point	NA	unsat	unsat	unsat	unsat	unsat
bitwidth-16-degree-23-seed-23-equality-original-subpolynomial-encoding	equality	NA				unsat	unsat
bitwidth-16-degree-23-seed-23-identity-point-reduced-subpolynomial-encoding	identity-point	NA	unsat	unsat	unsat	unsat	unsat
bitwidth-16-degree-23-seed-23-equality-reduced-subpolynomial-encoding	equality	NA				unsat	unsat
bitwidth-16-degree-23-seed-23-correctness-original-native-encoding-vs-original-subpolynomial-encoding	correctness	unsat					
bitwidth-16-degree-23-seed-23-correctness-original-native-encoding-vs-reduced-subpolynomial-encoding	correctness	unsat					
bitwidth-16-degree-23-seed-23-correctness-reduced-native-encoding-vs-original-subpolynomial-encoding	correctness	unsat					
bitwidth-16-degree-23-seed-23-nonequality-reduced-native-encoding	nonequality	NA	sat	sat		sat	sat
bitwidth-16-degree-23-seed-23-root-finding-original-native-encoding	root-finding	NA	sat	sat	sat	sat	sat
bitwidth-16-degree-23-seed-23-nonequality-original-native-encoding	nonequality	NA	sat	sat		sat	sat
bitwidth-16-degree-23-seed-23-root-finding-reduced-native-encoding	root-finding	NA	sat	sat	sat	sat	sat
bitwidth-16-degree-23-seed-23-correctness-reduced-native-encoding-vs-reduced-subpolynomial-encoding	correctness	unsat					
bitwidth-16-degree-23-seed-23-multiplication-original-native-encoding	multiplication	unsat			unsat	unsat	
bitwidth-16-degree-23-seed-23-nonequality-original-subpolynomial-encoding	nonequality	NA				sat	sat
bitwidth-16-degree-23-seed-23-nonequality-reduced-subpolynomial-encoding	nonequality	NA				sat	sat
bitwidth-16-degree-23-seed-23-root-finding-reduced-subpolynomial-encoding	root-finding	NA	sat	sat	sat	sat	sat
bitwidth-16-degree-23-seed-23-root-finding-original-subpolynomial-encoding	root-finding	NA	sat	sat	sat	sat	sat
bitwidth-16-degree-24-seed-23-bounding-original-native-encoding	bounding	NA	sat	sat	sat	sat	sat
bitwidth-16-degree-24-seed-23-bounding-reduced-native-encoding	bounding	NA	sat	sat	sat	sat	sat
bitwidth-16-degree-24-seed-23-addition-original-native-encoding	addition	unsat			unsat	unsat	unsat
bitwidth-16-degree-23-seed-23-multiplication-original-subpolynomial-encoding	multiplication	unsat				unsat	unsat
bitwidth-16-degree-23-seed-23-multiplication-reduced-subpolynomial-encoding	multiplication	unsat				unsat	unsat
bitwidth-16-degree-23-seed-23-multiplication-reduced-native-encoding	multiplication	unsat					
bitwidth-16-degree-24-seed-23-bounding-original-subpolynomial-encoding	bounding	NA	sat	sat	sat	sat	sat
bitwidth-16-degree-24-seed-23-bounding-reduced-subpolynomial-encoding	bounding	NA	sat	sat	sat	sat	sat
bitwidth-16-degree-24-seed-23-addition-original-subpolynomial-encoding	addition	unsat				unsat	unsat
bitwidth-16-degree-24-seed-23-addition-reduced-native-encoding	addition	unsat				unsat	unsat
bitwidth-16-degree-24-seed-23-equality-original-native-encoding	equality	NA	unsat	unsat	unsat	unsat	unsat
bitwidth-16-degree-24-seed-23-equality-reduced-native-encoding	equality	NA	unsat	unsat	unsat	unsat	unsat
bitwidth-16-degree-24-seed-23-identity-point-original-native-encoding	identity-point	NA	unsat	unsat	unsat	unsat	unsat
bitwidth-16-degree-24-seed-23-addition-reduced-subpolynomial-encoding	addition	unsat				unsat	unsat
bitwidth-16-degree-24-seed-23-identity-point-reduced-native-encoding	identity-point	NA	unsat	unsat	unsat	unsat	unsat
bitwidth-16-degree-24-seed-23-correctness-original-native-encoding-vs-reduced-native-encoding	correctness	unsat			unsat		
bitwidth-16-degree-24-seed-23-correctness-original-subpolynomial-encoding-vs-reduced-subpolynomial-encoding	correctness	unsat				unsat	unsat
bitwidth-16-degree-24-seed-23-correctness-original-native-encoding-vs-original-subpolynomial-encoding	correctness	unsat					
bitwidth-16-degree-24-seed-23-correctness-original-native-encoding-vs-reduced-subpolynomial-encoding	correctness	unsat					
bitwidth-16-degree-24-seed-23-equality-original-subpolynomial-encoding	equality	NA				unsat	unsat
bitwidth-16-degree-24-seed-23-identity-point-original-subpolynomial-encoding	identity-point	NA	unsat	unsat	unsat	unsat	unsat
bitwidth-16-degree-24-seed-23-equality-reduced-subpolynomial-encoding	equality	NA				unsat	unsat
bitwidth-16-degree-24-seed-23-correctness-reduced-native-encoding-vs-original-subpolynomial-encoding	correctness	unsat					
bitwidth-16-degree-24-seed-23-identity-point-reduced-subpolynomial-encoding	identity-point	NA	unsat	unsat	unsat	unsat	unsat
bitwidth-16-degree-24-seed-23-root-finding-original-native-encoding	root-finding	NA	sat	sat	sat	sat	sat
bitwidth-16-degree-24-seed-23-nonequality-original-native-encoding	nonequality	NA	sat	sat		sat	sat
bitwidth-16-degree-24-seed-23-root-finding-reduced-native-encoding	root-finding	NA	sat	sat	sat	sat	sat
bitwidth-16-degree-24-seed-23-nonequality-reduced-native-encoding	nonequality	NA	sat	sat		sat	sat
bitwidth-16-degree-24-seed-23-correctness-reduced-native-encoding-vs-reduced-subpolynomial-encoding	correctness	unsat					
bitwidth-16-degree-24-seed-23-multiplication-original-native-encoding	multiplication	unsat			unsat	unsat	
bitwidth-16-degree-24-seed-23-multiplication-original-subpolynomial-encoding	multiplication	unsat				unsat	unsat
bitwidth-16-degree-24-seed-23-root-finding-original-subpolynomial-encoding	root-finding	NA	sat	sat	sat	sat	sat
bitwidth-16-degree-24-seed-23-nonequality-original-subpolynomial-encoding	nonequality	NA				sat	sat
bitwidth-16-degree-25-seed-23-bounding-original-native-encoding	bounding	NA	sat	sat	sat	sat	sat
bitwidth-16-degree-24-seed-23-root-finding-reduced-subpolynomial-encoding	root-finding	NA	sat	sat	sat	sat	sat
bitwidth-16-degree-25-seed-23-bounding-reduced-native-encoding	bounding	NA	sat	sat	sat	sat	sat
bitwidth-16-degree-24-seed-23-multiplication-reduced-native-encoding	multiplication	unsat			unsat		
bitwidth-16-degree-24-seed-23-nonequality-reduced-subpolynomial-encoding	nonequality	NA				sat	sat
bitwidth-16-degree-25-seed-23-addition-original-native-encoding	addition	unsat			unsat	unsat	unsat
bitwidth-16-degree-24-seed-23-multiplication-reduced-subpolynomial-encoding	multiplication	unsat				unsat	unsat
bitwidth-16-degree-25-seed-23-addition-reduced-native-encoding	addition	unsat			unsat	unsat	unsat
bitwidth-16-degree-25-seed-23-bounding-original-subpolynomial-encoding	bounding	NA	sat	sat	sat	sat	sat
bitwidth-16-degree-25-seed-23-bounding-reduced-subpolynomial-encoding	bounding	NA	sat	sat	sat	sat	sat
bitwidth-16-degree-25-seed-23-equality-original-native-encoding	equality	NA	unsat	unsat	unsat	unsat	unsat
bitwidth-16-degree-25-seed-23-equality-reduced-native-encoding	equality	NA	unsat	unsat	unsat	unsat	unsat
bitwidth-16-degree-25-seed-23-addition-original-subpolynomial-encoding	addition	unsat				unsat	unsat
bitwidth-16-degree-25-seed-23-identity-point-original-native-encoding	identity-point	NA	unsat	unsat	unsat	unsat	unsat
bitwidth-16-degree-25-seed-23-addition-reduced-subpolynomial-encoding	addition	unsat				unsat	unsat
bitwidth-16-degree-25-seed-23-identity-point-reduced-native-encoding	identity-point	NA	unsat	unsat	unsat	unsat	unsat
bitwidth-16-degree-25-seed-23-correctness-original-subpolynomial-encoding-vs-reduced-subpolynomial-encoding	correctness	unsat				unsat	unsat
bitwidth-16-degree-25-seed-23-correctness-original-native-encoding-vs-reduced-native-encoding	correctness	unsat			unsat		
bitwidth-16-degree-25-seed-23-identity-point-original-subpolynomial-encoding	identity-point	NA	unsat	unsat	unsat	unsat	unsat
bitwidth-16-degree-25-seed-23-correctness-original-native-encoding-vs-original-subpolynomial-encoding	correctness	unsat					
bitwidth-16-degree-25-seed-23-equality-original-subpolynomial-encoding	equality	NA				unsat	unsat
bitwidth-16-degree-25-seed-23-equality-reduced-subpolynomial-encoding	equality	NA				unsat	unsat
bitwidth-16-degree-25-seed-23-correctness-original-native-encoding-vs-reduced-subpolynomial-encoding	correctness	unsat					
bitwidth-16-degree-25-seed-23-correctness-reduced-native-encoding-vs-original-subpolynomial-encoding	correctness	unsat					
bitwidth-16-degree-25-seed-23-correctness-reduced-native-encoding-vs-reduced-subpolynomial-encoding	correctness	unsat					
bitwidth-16-degree-25-seed-23-identity-point-reduced-subpolynomial-encoding	identity-point	NA	unsat	unsat	unsat	unsat	unsat
bitwidth-16-degree-25-seed-23-root-finding-original-native-encoding	root-finding	NA	sat	sat	sat	sat	sat
bitwidth-16-degree-25-seed-23-root-finding-reduced-native-encoding	root-finding	NA	sat	sat	sat	sat	sat
bitwidth-16-degree-25-seed-23-nonequality-original-native-encoding	nonequality	NA	sat	sat		sat	sat
bitwidth-16-degree-25-seed-23-nonequality-reduced-native-encoding	nonequality	NA	sat	sat		sat	sat
bitwidth-16-degree-25-seed-23-multiplication-original-native-encoding	multiplication	unsat			unsat	unsat	
bitwidth-16-degree-25-seed-23-root-finding-original-subpolynomial-encoding	root-finding	NA	sat	sat	sat	sat	sat
bitwidth-16-degree-25-seed-23-root-finding-reduced-subpolynomial-encoding	root-finding	NA	sat	sat	sat	sat	sat
bitwidth-16-degree-26-seed-23-bounding-original-native-encoding	bounding	NA	sat	sat	sat	sat	sat
bitwidth-16-degree-26-seed-23-addition-original-native-encoding	addition	unsat			unsat	unsat	unsat
bitwidth-16-degree-25-seed-23-nonequality-original-subpolynomial-encoding	nonequality	NA				sat	sat
bitwidth-16-degree-26-seed-23-bounding-reduced-native-encoding	bounding	NA	sat	sat	sat	sat	sat
bitwidth-16-degree-25-seed-23-nonequality-reduced-subpolynomial-encoding	nonequality	NA				sat	sat
bitwidth-16-degree-25-seed-23-multiplication-reduced-native-encoding	multiplication	unsat			unsat		
bitwidth-16-degree-25-seed-23-multiplication-original-subpolynomial-encoding	multiplication	unsat				unsat	unsat
bitwidth-16-degree-25-seed-23-multiplication-reduced-subpolynomial-encoding	multiplication	unsat				unsat	
bitwidth-16-degree-26-seed-23-bounding-original-subpolynomial-encoding	bounding	NA	sat	sat	sat	sat	sat
bitwidth-16-degree-26-seed-23-bounding-reduced-subpolynomial-encoding	bounding	NA	sat	sat	sat	sat	sat
bitwidth-16-degree-26-seed-23-addition-original-subpolynomial-encoding	addition	unsat				unsat	unsat
bitwidth-16-degree-26-seed-23-addition-reduced-native-encoding	addition	unsat			unsat	unsat	
bitwidth-16-degree-26-seed-23-equality-reduced-native-encoding	equality	NA	unsat	unsat	unsat	unsat	unsat
bitwidth-16-degree-26-seed-23-equality-original-native-encoding	equality	NA	unsat	unsat	unsat	unsat	unsat
bitwidth-16-degree-26-seed-23-identity-point-original-native-encoding	identity-point	NA	unsat	unsat	unsat	unsat	unsat
bitwidth-16-degree-26-seed-23-addition-reduced-subpolynomial-encoding	addition	unsat				unsat	unsat
bitwidth-16-degree-26-seed-23-identity-point-reduced-native-encoding	identity-point	NA	unsat	unsat	unsat	unsat	unsat
bitwidth-16-degree-26-seed-23-correctness-original-subpolynomial-encoding-vs-reduced-subpolynomial-encoding	correctness	unsat				unsat	unsat
bitwidth-16-degree-26-seed-23-correctness-original-native-encoding-vs-reduced-native-encoding	correctness	unsat			unsat		
bitwidth-16-degree-26-seed-23-identity-point-original-subpolynomial-encoding	identity-point	NA	unsat	unsat	unsat	unsat	unsat
bitwidth-16-degree-26-seed-23-correctness-original-native-encoding-vs-original-subpolynomial-encoding	correctness	unsat					
bitwidth-16-degree-26-seed-23-equality-original-subpolynomial-encoding	equality	NA				unsat	unsat
bitwidth-16-degree-26-seed-23-correctness-original-native-encoding-vs-reduced-subpolynomial-encoding	correctness	unsat					
bitwidth-16-degree-26-seed-23-equality-reduced-subpolynomial-encoding	equality	NA				unsat	unsat
bitwidth-16-degree-26-seed-23-identity-point-reduced-subpolynomial-encoding	identity-point	NA	unsat	unsat	unsat	unsat	unsat
bitwidth-16-degree-26-seed-23-nonequality-original-native-encoding	nonequality	NA	sat	sat		sat	sat
bitwidth-16-degree-26-seed-23-correctness-reduced-native-encoding-vs-original-subpolynomial-encoding	correctness	unsat					
bitwidth-16-degree-26-seed-23-nonequality-reduced-native-encoding	nonequality	NA	sat	sat		sat	sat
bitwidth-16-degree-26-seed-23-root-finding-original-native-encoding	root-finding	NA	sat	sat	sat	sat	sat
bitwidth-16-degree-26-seed-23-root-finding-reduced-native-encoding	root-finding	NA	sat	sat	sat	sat	sat
bitwidth-16-degree-26-seed-23-correctness-reduced-native-encoding-vs-reduced-subpolynomial-encoding	correctness	unsat					
bitwidth-16-degree-26-seed-23-multiplication-original-native-encoding	multiplication	unsat			unsat	unsat	
bitwidth-16-degree-26-seed-23-nonequality-original-subpolynomial-encoding	nonequality	NA				sat	sat
bitwidth-16-degree-26-seed-23-root-finding-original-subpolynomial-encoding	root-finding	NA	sat	sat	sat	sat	sat
bitwidth-16-degree-26-seed-23-root-finding-reduced-subpolynomial-encoding	root-finding	NA	sat	sat	sat	sat	sat
bitwidth-16-degree-27-seed-23-bounding-original-native-encoding	bounding	NA	sat	sat	sat	sat	sat
bitwidth-16-degree-26-seed-23-multiplication-reduced-native-encoding	multiplication	unsat			unsat		
bitwidth-16-degree-27-seed-23-bounding-reduced-native-encoding	bounding	NA	sat	sat	sat	sat	sat
bitwidth-16-degree-27-seed-23-addition-original-native-encoding	addition	unsat			unsat	unsat	unsat
bitwidth-16-degree-26-seed-23-multiplication-original-subpolynomial-encoding	multiplication	unsat				unsat	
bitwidth-16-degree-26-seed-23-nonequality-reduced-subpolynomial-encoding	nonequality	NA				sat	sat
bitwidth-16-degree-26-seed-23-multiplication-reduced-subpolynomial-encoding	multiplication	unsat				unsat	unsat
bitwidth-16-degree-27-seed-23-bounding-original-subpolynomial-encoding	bounding	NA	sat	sat	sat	sat	sat
bitwidth-16-degree-27-seed-23-bounding-reduced-subpolynomial-encoding	bounding	NA	sat	sat	sat	sat	sat
bitwidth-16-degree-27-seed-23-equality-original-native-encoding	equality	NA	unsat	unsat	unsat	unsat	unsat
bitwidth-16-degree-27-seed-23-addition-original-subpolynomial-encoding	addition	unsat				unsat	unsat
bitwidth-16-degree-27-seed-23-equality-reduced-native-encoding	equality	NA	unsat	unsat	unsat	unsat	unsat
bitwidth-16-degree-27-seed-23-addition-reduced-native-encoding	addition	unsat				unsat	
bitwidth-16-degree-27-seed-23-identity-point-original-native-encoding	identity-point	NA	sat	sat	sat	sat	sat
bitwidth-16-degree-27-seed-23-correctness-original-subpolynomial-encoding-vs-reduced-subpolynomial-encoding	correctness	unsat				unsat	unsat
bitwidth-16-degree-27-seed-23-identity-point-reduced-native-encoding	identity-point	NA	sat	sat	sat	sat	sat
bitwidth-16-degree-27-seed-23-addition-reduced-subpolynomial-encoding	addition	unsat				unsat	unsat
bitwidth-16-degree-27-seed-23-correctness-original-native-encoding-vs-reduced-native-encoding	correctness	unsat			unsat		
bitwidth-16-degree-27-seed-23-correctness-original-native-encoding-vs-original-subpolynomial-encoding	correctness	unsat					
bitwidth-16-degree-27-seed-23-correctness-original-native-encoding-vs-reduced-subpolynomial-encoding	correctness	unsat					
bitwidth-16-degree-27-seed-23-equality-original-subpolynomial-encoding	equality	NA				unsat	unsat
bitwidth-16-degree-27-seed-23-identity-point-original-subpolynomial-encoding	identity-point	NA	sat	sat	sat	sat	sat
bitwidth-16-degree-27-seed-23-identity-point-reduced-subpolynomial-encoding	identity-point	NA	sat	sat	sat	sat	sat
bitwidth-16-degree-27-seed-23-equality-reduced-subpolynomial-encoding	equality	NA				unsat	unsat
bitwidth-16-degree-27-seed-23-correctness-reduced-native-encoding-vs-original-subpolynomial-encoding	correctness	unsat					
bitwidth-16-degree-27-seed-23-root-finding-original-native-encoding	root-finding	NA	unsat	unsat	unsat	unsat	unsat
bitwidth-16-degree-27-seed-23-nonequality-original-native-encoding	nonequality	NA	sat	sat		sat	sat
bitwidth-16-degree-27-seed-23-nonequality-reduced-native-encoding	nonequality	NA	sat	sat		sat	sat
bitwidth-16-degree-27-seed-23-root-finding-reduced-native-encoding	root-finding	NA	unsat	unsat	unsat	unsat	unsat
bitwidth-16-degree-27-seed-23-correctness-reduced-native-encoding-vs-reduced-subpolynomial-encoding	correctness	unsat					
bitwidth-16-degree-27-seed-23-multiplication-original-native-encoding	multiplication	unsat			unsat	unsat	
bitwidth-16-degree-27-seed-23-multiplication-original-subpolynomial-encoding	multiplication	unsat				unsat	unsat
bitwidth-16-degree-27-seed-23-root-finding-original-subpolynomial-encoding	root-finding	NA	unsat	unsat	unsat	unsat	unsat
bitwidth-16-degree-28-seed-23-bounding-original-native-encoding	bounding	NA	sat	sat	sat	sat	sat
bitwidth-16-degree-27-seed-23-root-finding-reduced-subpolynomial-encoding	root-finding	NA	unsat	unsat	unsat	unsat	unsat
bitwidth-16-degree-27-seed-23-nonequality-original-subpolynomial-encoding	nonequality	NA				sat	sat
bitwidth-16-degree-28-seed-23-bounding-reduced-native-encoding	bounding	NA	sat	sat	sat	sat	sat
bitwidth-16-degree-27-seed-23-nonequality-reduced-subpolynomial-encoding	nonequality	NA				sat	sat
bitwidth-16-degree-28-seed-23-addition-original-native-encoding	addition	unsat			unsat	unsat	unsat
bitwidth-16-degree-27-seed-23-multiplication-reduced-subpolynomial-encoding	multiplication	unsat				unsat	unsat
bitwidth-16-degree-27-seed-23-multiplication-reduced-native-encoding	multiplication	unsat			unsat		
bitwidth-16-degree-28-seed-23-bounding-original-subpolynomial-encoding	bounding	NA	sat	sat	sat	sat	sat
bitwidth-16-degree-28-seed-23-bounding-reduced-subpolynomial-encoding	bounding	NA	sat	sat	sat	sat	sat
bitwidth-16-degree-28-seed-23-equality-original-native-encoding	equality	NA	sat	sat	sat	sat	sat
bitwidth-16-degree-28-seed-23-addition-original-subpolynomial-encoding	addition	unsat				unsat	unsat
bitwidth-16-degree-28-seed-23-equality-reduced-native-encoding	equality	NA	sat	sat	sat	sat	sat
bitwidth-16-degree-28-seed-23-addition-reduced-native-encoding	addition	unsat				unsat	
bitwidth-16-degree-28-seed-23-identity-point-original-native-encoding	identity-point	NA	sat	sat	sat	sat	sat
bitwidth-16-degree-28-seed-23-addition-reduced-subpolynomial-encoding	addition	unsat				unsat	unsat
bitwidth-16-degree-28-seed-23-identity-point-reduced-native-encoding	identity-point	NA	sat	sat	sat	sat	sat
bitwidth-16-degree-28-seed-23-correctness-original-subpolynomial-encoding-vs-reduced-subpolynomial-encoding	correctness	unsat				unsat	unsat
bitwidth-16-degree-28-seed-23-correctness-original-native-encoding-vs-reduced-native-encoding	correctness	unsat			unsat		
bitwidth-16-degree-28-seed-23-correctness-original-native-encoding-vs-original-subpolynomial-encoding	correctness	unsat					
bitwidth-16-degree-28-seed-23-identity-point-original-subpolynomial-encoding	identity-point	NA	sat	sat	sat	sat	sat
bitwidth-16-degree-28-seed-23-correctness-original-native-encoding-vs-reduced-subpolynomial-encoding	correctness	unsat					
bitwidth-16-degree-28-seed-23-equality-original-subpolynomial-encoding	equality	NA				sat	sat
bitwidth-16-degree-28-seed-23-correctness-reduced-native-encoding-vs-original-subpolynomial-encoding	correctness	unsat					
bitwidth-16-degree-28-seed-23-identity-point-reduced-subpolynomial-encoding	identity-point	NA	sat	sat	sat	sat	sat
bitwidth-16-degree-28-seed-23-equality-reduced-subpolynomial-encoding	equality	NA				sat	sat
bitwidth-16-degree-28-seed-23-root-finding-original-native-encoding	root-finding	NA	unsat	unsat	unsat	unsat	unsat
bitwidth-16-degree-28-seed-23-nonequality-original-native-encoding	nonequality	NA	sat	sat		sat	sat
bitwidth-16-degree-28-seed-23-root-finding-reduced-native-encoding	root-finding	NA	unsat	unsat	unsat	unsat	unsat
bitwidth-16-degree-28-seed-23-correctness-reduced-native-encoding-vs-reduced-subpolynomial-encoding	correctness	unsat					
bitwidth-16-degree-28-seed-23-nonequality-reduced-native-encoding	nonequality	NA	sat	sat		sat	sat
bitwidth-16-degree-28-seed-23-multiplication-original-native-encoding	multiplication	unsat			unsat	unsat	
bitwidth-16-degree-28-seed-23-root-finding-original-subpolynomial-encoding	root-finding	NA	unsat	unsat	unsat	unsat	unsat
bitwidth-16-degree-28-seed-23-nonequality-original-subpolynomial-encoding	nonequality	NA				sat	sat
bitwidth-16-degree-28-seed-23-root-finding-reduced-subpolynomial-encoding	root-finding	NA	unsat	unsat	unsat	unsat	unsat
bitwidth-16-degree-29-seed-23-bounding-original-native-encoding	bounding	NA	sat	sat	sat	sat	sat
bitwidth-16-degree-29-seed-23-bounding-reduced-native-encoding	bounding	NA	sat	sat	sat	sat	sat
bitwidth-16-degree-28-seed-23-multiplication-original-subpolynomial-encoding	multiplication	unsat				unsat	unsat
bitwidth-16-degree-29-seed-23-addition-original-native-encoding	addition	unsat			unsat	unsat	unsat
bitwidth-16-degree-28-seed-23-nonequality-reduced-subpolynomial-encoding	nonequality	NA				sat	sat
bitwidth-16-degree-28-seed-23-multiplication-reduced-subpolynomial-encoding	multiplication	unsat				unsat	unsat
bitwidth-16-degree-28-seed-23-multiplication-reduced-native-encoding	multiplication	unsat					
bitwidth-16-degree-29-seed-23-bounding-original-subpolynomial-encoding	bounding	NA	sat	sat	sat	sat	sat
bitwidth-16-degree-29-seed-23-bounding-reduced-subpolynomial-encoding	bounding	NA	sat	sat	sat	sat	sat
bitwidth-16-degree-29-seed-23-addition-original-subpolynomial-encoding	addition	unsat				unsat	unsat
bitwidth-16-degree-29-seed-23-equality-original-native-encoding	equality	NA	sat	sat	sat	sat	sat
bitwidth-16-degree-29-seed-23-equality-reduced-native-encoding	equality	NA	sat	sat	sat	sat	sat
bitwidth-16-degree-29-seed-23-addition-reduced-native-encoding	addition	unsat				unsat	unsat
bitwidth-16-degree-29-seed-23-identity-point-original-native-encoding	identity-point	NA	sat	sat	sat	sat	sat
bitwidth-16-degree-29-seed-23-addition-reduced-subpolynomial-encoding	addition	unsat				unsat	unsat
bitwidth-16-degree-29-seed-23-identity-point-reduced-native-encoding	identity-point	NA	sat	sat	sat	sat	sat
bitwidth-16-degree-29-seed-23-correctness-original-native-encoding-vs-reduced-native-encoding	correctness	unsat			unsat		
bitwidth-16-degree-29-seed-23-correctness-original-subpolynomial-encoding-vs-reduced-subpolynomial-encoding	correctness	unsat				unsat	unsat
bitwidth-16-degree-29-seed-23-identity-point-original-subpolynomial-encoding	identity-point	NA	sat	sat	sat	sat	sat
bitwidth-16-degree-29-seed-23-correctness-original-native-encoding-vs-original-subpolynomial-encoding	correctness	unsat					
bitwidth-16-degree-29-seed-23-equality-original-subpolynomial-encoding	equality	NA				sat	sat
bitwidth-16-degree-29-seed-23-identity-point-reduced-subpolynomial-encoding	identity-point	NA	sat	sat	sat	sat	sat
bitwidth-16-degree-29-seed-23-correctness-original-native-encoding-vs-reduced-subpolynomial-encoding	correctness	unsat					
bitwidth-16-degree-29-seed-23-equality-reduced-subpolynomial-encoding	equality	NA				sat	sat
bitwidth-16-degree-29-seed-23-correctness-reduced-native-encoding-vs-original-subpolynomial-encoding	correctness	unsat					
bitwidth-16-degree-29-seed-23-nonequality-reduced-native-encoding	nonequality	NA	sat	sat		sat	sat
bitwidth-16-degree-29-seed-23-nonequality-original-native-encoding	nonequality	NA	sat	sat		sat	sat
bitwidth-16-degree-29-seed-23-root-finding-reduced-native-encoding	root-finding	NA	unsat	unsat	unsat	unsat	unsat
bitwidth-16-degree-29-seed-23-root-finding-original-native-encoding	root-finding	NA	unsat	unsat	unsat	unsat	unsat
bitwidth-16-degree-29-seed-23-correctness-reduced-native-encoding-vs-reduced-subpolynomial-encoding	correctness	unsat					
bitwidth-16-degree-29-seed-23-multiplication-original-native-encoding	multiplication	unsat			unsat	unsat	
bitwidth-16-degree-29-seed-23-nonequality-original-subpolynomial-encoding	nonequality	NA				sat	sat
bitwidth-16-degree-29-seed-23-root-finding-reduced-subpolynomial-encoding	root-finding	NA	unsat	unsat	unsat	unsat	unsat
bitwidth-16-degree-3-seed-23-bounding-original-native-encoding	bounding	NA	sat	sat	sat	sat	sat
bitwidth-16-degree-29-seed-23-root-finding-original-subpolynomial-encoding	root-finding	NA	unsat	unsat	unsat	unsat	unsat
bitwidth-16-degree-3-seed-23-bounding-reduced-native-encoding	bounding	NA	sat	sat	sat	sat	sat
bitwidth-16-degree-3-seed-23-bounding-original-subpolynomial-encoding	bounding	NA	sat	sat	sat	sat	sat
bitwidth-16-degree-3-seed-23-bounding-reduced-subpolynomial-encoding	bounding	NA	sat	sat	sat	sat	sat
bitwidth-16-degree-3-seed-23-addition-original-native-encoding	addition	unsat			unsat	unsat	unsat
bitwidth-16-degree-29-seed-23-nonequality-reduced-subpolynomial-encoding	nonequality	NA				sat	sat
bitwidth-16-degree-3-seed-23-correctness-original-subpolynomial-encoding-vs-reduced-subpolynomial-encoding	correctness	unsat	unsat	unsat	unsat	unsat	unsat
bitwidth-16-degree-29-seed-23-multiplication-original-subpolynomial-encoding	multiplication	unsat				unsat	unsat
bitwidth-16-degree-29-seed-23-multiplication-reduced-subpolynomial-encoding	multiplication	unsat				unsat	unsat
bitwidth-16-degree-3-seed-23-equality-original-native-encoding	equality	NA	unsat	unsat	unsat	unsat	unsat
bitwidth-16-degree-3-seed-23-equality-original-subpolynomial-encoding	equality	NA	unsat	unsat	unsat	unsat	unsat
bitwidth-16-degree-3-seed-23-equality-reduced-native-encoding	equality	NA	unsat	unsat	unsat	unsat	unsat
bitwidth-16-degree-3-seed-23-addition-reduced-native-encoding	addition	unsat			unsat	unsat	unsat
bitwidth-16-degree-3-seed-23-identity-point-original-native-encoding	identity-point	NA	unsat	unsat	unsat	unsat	unsat
bitwidth-16-degree-3-seed-23-identity-point-original-subpolynomial-encoding	identity-point	NA	unsat	unsat	unsat	unsat	unsat
bitwidth-16-degree-3-seed-23-identity-point-reduced-native-encoding	identity-point	NA	unsat	unsat	unsat	unsat	unsat
bitwidth-16-degree-3-seed-23-correctness-original-native-encoding-vs-reduced-native-encoding	correctness	unsat	unsat	unsat	unsat	unsat	unsat
bitwidth-16-degree-3-seed-23-identity-point-reduced-subpolynomial-encoding	identity-point	NA	unsat	unsat	unsat	unsat	unsat
bitwidth-16-degree-29-seed-23-multiplication-reduced-native-encoding	multiplication	unsat					
bitwidth-16-degree-3-seed-23-equality-reduced-subpolynomial-encoding	equality	NA	unsat	unsat	unsat	unsat	unsat
bitwidth-16-degree-3-seed-23-addition-original-subpolynomial-encoding	addition	unsat				unsat	unsat
bitwidth-16-degree-3-seed-23-nonequality-original-native-encoding	nonequality	NA	sat	sat	sat	sat	sat
bitwidth-16-degree-3-seed-23-nonequality-original-subpolynomial-encoding	nonequality	NA	sat	sat	sat	sat	sat
bitwidth-16-degree-3-seed-23-nonequality-reduced-native-encoding	nonequality	NA	sat	sat	sat	sat	sat
bitwidth-16-degree-3-seed-23-nonequality-reduced-subpolynomial-encoding	nonequality	NA	sat	sat	sat	sat	sat
bitwidth-16-degree-3-seed-23-root-finding-original-native-encoding	root-finding	NA	unsat	unsat	unsat	unsat	unsat
bitwidth-16-degree-3-seed-23-root-finding-original-subpolynomial-encoding	root-finding	NA	unsat	unsat	unsat	unsat	unsat
bitwidth-16-degree-3-seed-23-root-finding-reduced-native-encoding	root-finding	NA	unsat	unsat	unsat	unsat	unsat
bitwidth-16-degree-3-seed-23-addition-reduced-subpolynomial-encoding	addition	unsat				unsat	unsat
bitwidth-16-degree-3-seed-23-root-finding-reduced-subpolynomial-encoding	root-finding	NA	unsat	unsat	unsat	unsat	unsat
bitwidth-16-degree-3-seed-23-correctness-original-native-encoding-vs-original-subpolynomial-encoding	correctness	unsat	unsat	unsat		unsat	unsat
bitwidth-16-degree-3-seed-23-multiplication-original-native-encoding	multiplication	unsat			unsat	unsat	
bitwidth-16-degree-3-seed-23-correctness-original-native-encoding-vs-reduced-subpolynomial-encoding	correctness	unsat	unsat	unsat		unsat	unsat
bitwidth-16-degree-3-seed-23-multiplication-reduced-native-encoding	multiplication	unsat			unsat	unsat	
bitwidth-16-degree-30-seed-23-bounding-original-native-encoding	bounding	NA	sat	sat	sat	sat	sat
bitwidth-16-degree-3-seed-23-correctness-reduced-native-encoding-vs-original-subpolynomial-encoding	correctness	unsat	unsat	unsat		unsat	unsat
bitwidth-16-degree-30-seed-23-bounding-reduced-native-encoding	bounding	NA	sat	sat	sat	sat	sat
bitwidth-16-degree-3-seed-23-correctness-reduced-native-encoding-vs-reduced-subpolynomial-encoding	correctness	unsat	unsat	unsat		unsat	unsat
bitwidth-16-degree-3-seed-23-multiplication-original-subpolynomial-encoding	multiplication	unsat				unsat	unsat
bitwidth-16-degree-3-seed-23-multiplication-reduced-subpolynomial-encoding	multiplication	unsat				unsat	unsat
bitwidth-16-degree-30-seed-23-addition-original-native-encoding	addition	unsat			unsat	unsat	unsat
bitwidth-16-degree-30-seed-23-bounding-reduced-subpolynomial-encoding	bounding	NA	sat	sat	sat	sat	sat
bitwidth-16-degree-30-seed-23-addition-reduced-native-encoding	addition	unsat			unsat	unsat	unsat
bitwidth-16-degree-30-seed-23-bounding-original-subpolynomial-encoding	bounding	NA	sat	sat	sat	sat	sat
bitwidth-16-degree-30-seed-23-addition-original-subpolynomial-encoding	addition	unsat				unsat	unsat
bitwidth-16-degree-30-seed-23-addition-reduced-subpolynomial-encoding	addition	unsat				unsat	unsat
bitwidth-16-degree-30-seed-23-equality-reduced-native-encoding	equality	NA	sat	sat	sat	sat	sat
bitwidth-16-degree-30-seed-23-identity-point-original-native-encoding	identity-point	NA	unsat	unsat	unsat	unsat	unsat
bitwidth-16-degree-30-seed-23-correctness-original-subpolynomial-encoding-vs-reduced-subpolynomial-encoding	correctness	unsat				unsat	unsat
bitwidth-16-degree-30-seed-23-identity-point-reduced-native-encoding	identity-point	NA	unsat	unsat	unsat	unsat	unsat
bitwidth-16-degree-30-seed-23-correctness-original-native-encoding-vs-reduced-native-encoding	correctness	unsat			unsat		
bitwidth-16-degree-30-seed-23-equality-original-native-encoding	equality	NA				sat	sat
bitwidth-16-degree-30-seed-23-equality-original-subpolynomial-encoding	equality	NA				sat	sat
bitwidth-16-degree-30-seed-23-correctness-original-native-encoding-vs-original-subpolynomial-encoding	correctness	unsat					
bitwidth-16-degree-30-seed-23-correctness-original-native-encoding-vs-reduced-subpolynomial-encoding	correctness	unsat					
bitwidth-16-degree-30-seed-23-identity-point-reduced-subpolynomial-encoding	identity-point	NA	unsat	unsat	unsat	unsat	unsat
bitwidth-16-degree-30-seed-23-identity-point-original-subpolynomial-encoding	identity-point	NA	unsat	unsat	unsat	unsat	unsat
bitwidth-16-degree-30-seed-23-correctness-reduced-native-encoding-vs-original-subpolynomial-encoding	correctness	unsat					
bitwidth-16-degree-30-seed-23-equality-reduced-subpolynomial-encoding	equality	NA				sat	sat
bitwidth-16-degree-30-seed-23-correctness-reduced-native-encoding-vs-reduced-subpolynomial-encoding	correctness	unsat					
bitwidth-16-degree-30-seed-23-nonequality-original-native-encoding	nonequality	NA	sat	sat		sat	sat
bitwidth-16-degree-30-seed-23-nonequality-reduced-native-encoding	nonequality	NA	sat	sat		sat	sat
bitwidth-16-degree-30-seed-23-root-finding-reduced-native-encoding	root-finding	NA	unsat	unsat	unsat	unsat	unsat
bitwidth-16-degree-30-seed-23-multiplication-original-native-encoding	multiplication	unsat			unsat	unsat	
bitwidth-16-degree-30-seed-23-multiplication-original-subpolynomial-encoding	multiplication	unsat				unsat	unsat
bitwidth-16-degree-30-seed-23-root-finding-original-native-encoding	root-finding	NA	unsat	unsat	unsat	unsat	unsat
bitwidth-16-degree-30-seed-23-multiplication-reduced-subpolynomial-encoding	multiplication	unsat				unsat	unsat
bitwidth-16-degree-31-seed-23-bounding-original-native-encoding	bounding	NA	sat	sat	sat	sat	sat
bitwidth-16-degree-30-seed-23-root-finding-original-subpolynomial-encoding	root-finding	NA	unsat	unsat	unsat	unsat	unsat
bitwidth-16-degree-31-seed-23-bounding-reduced-native-encoding	bounding	NA	sat	sat	sat	sat	sat
bitwidth-16-degree-30-seed-23-nonequality-original-subpolynomial-encoding	nonequality	NA				sat	sat
bitwidth-16-degree-30-seed-23-root-finding-reduced-subpolynomial-encoding	root-finding	NA	unsat	unsat	unsat	unsat	unsat
bitwidth-16-degree-30-seed-23-multiplication-reduced-native-encoding	multiplication	unsat			unsat		
bitwidth-16-degree-30-seed-23-nonequality-reduced-subpolynomial-encoding	nonequality	NA				sat	sat
bitwidth-16-degree-31-seed-23-addition-original-native-encoding	addition	unsat			unsat	unsat	unsat
bitwidth-16-degree-31-seed-23-addition-reduced-native-encoding	addition	unsat			unsat	unsat	unsat
bitwidth-16-degree-31-seed-23-bounding-reduced-subpolynomial-encoding	bounding	NA	sat	sat	sat	sat	sat
bitwidth-16-degree-31-seed-23-bounding-original-subpolynomial-encoding	bounding	NA	sat	sat	sat	sat	sat
bitwidth-16-degree-31-seed-23-equality-original-native-encoding	equality	NA	sat	sat	sat	sat	sat
bitwidth-16-degree-31-seed-23-equality-reduced-native-encoding	equality	NA	sat	sat	sat	sat	sat
bitwidth-16-degree-31-seed-23-addition-original-subpolynomial-encoding	addition	unsat				unsat	unsat
bitwidth-16-degree-31-seed-23-identity-point-original-native-encoding	identity-point	NA	unsat	unsat	unsat	unsat	unsat
bitwidth-16-degree-31-seed-23-addition-reduced-subpolynomial-encoding	addition	unsat				unsat	unsat
bitwidth-16-degree-31-seed-23-identity-point-reduced-native-encoding	identity-point	NA	unsat	unsat	unsat	unsat	unsat
bitwidth-16-degree-31-seed-23-correctness-original-subpolynomial-encoding-vs-reduced-subpolynomial-encoding	correctness	unsat				unsat	unsat
bitwidth-16-degree-31-seed-23-correctness-original-native-encoding-vs-reduced-native-encoding	correctness	unsat			unsat		
bitwidth-16-degree-31-seed-23-correctness-original-native-encoding-vs-original-subpolynomial-encoding	correctness	unsat					
bitwidth-16-degree-31-seed-23-equality-original-subpolynomial-encoding	equality	NA				sat	sat
bitwidth-16-degree-31-seed-23-identity-point-original-subpolynomial-encoding	identity-point	NA	unsat	unsat	unsat	unsat	unsat
bitwidth-16-degree-31-seed-23-identity-point-reduced-subpolynomial-encoding	identity-point	NA	unsat	unsat	unsat	unsat	unsat
bitwidth-16-degree-31-seed-23-correctness-original-native-encoding-vs-reduced-subpolynomial-encoding	correctness	unsat					
bitwidth-16-degree-31-seed-23-equality-reduced-subpolynomial-encoding	equality	NA				sat	sat
bitwidth-16-degree-31-seed-23-correctness-reduced-native-encoding-vs-original-subpolynomial-encoding	correctness	unsat					
bitwidth-16-degree-31-seed-23-nonequality-reduced-native-encoding	nonequality	NA	sat	sat		sat	sat
bitwidth-16-degree-31-seed-23-nonequality-original-native-encoding	nonequality	NA	sat	sat		sat	sat
bitwidth-16-degree-31-seed-23-correctness-reduced-native-encoding-vs-reduced-subpolynomial-encoding	correctness	unsat					
bitwidth-16-degree-31-seed-23-root-finding-reduced-native-encoding	root-finding	NA	unsat	unsat	unsat	unsat	unsat
bitwidth-16-degree-31-seed-23-multiplication-original-native-encoding	multiplication	unsat			unsat	unsat	
bitwidth-16-degree-31-seed-23-root-finding-original-native-encoding	root-finding	NA	unsat	unsat	unsat	unsat	unsat
bitwidth-16-degree-31-seed-23-multiplication-original-subpolynomial-encoding	multiplication	unsat				unsat	unsat
bitwidth-16-degree-31-seed-23-root-finding-reduced-subpolynomial-encoding	root-finding	NA	unsat	unsat	unsat	unsat	unsat
bitwidth-16-degree-31-seed-23-nonequality-original-subpolynomial-encoding	nonequality	NA				sat	sat
bitwidth-16-degree-31-seed-23-nonequality-reduced-subpolynomial-encoding	nonequality	NA				sat	sat
bitwidth-16-degree-32-seed-23-bounding-original-native-encoding	bounding	NA	sat	sat	sat	sat	sat
bitwidth-16-degree-32-seed-23-bounding-reduced-native-encoding	bounding	NA	sat	sat	sat	sat	sat
bitwidth-16-degree-31-seed-23-root-finding-original-subpolynomial-encoding	root-finding	NA	unsat	unsat	unsat	unsat	unsat
bitwidth-16-degree-31-seed-23-multiplication-reduced-subpolynomial-encoding	multiplication	unsat				unsat	unsat
bitwidth-16-degree-31-seed-23-multiplication-reduced-native-encoding	multiplication	unsat			unsat		
bitwidth-16-degree-32-seed-23-addition-original-native-encoding	addition	unsat			unsat	unsat	unsat
bitwidth-16-degree-32-seed-23-addition-reduced-native-encoding	addition	unsat			unsat	unsat	unsat
bitwidth-16-degree-32-seed-23-bounding-reduced-subpolynomial-encoding	bounding	NA	sat	sat	sat	sat	sat
bitwidth-16-degree-32-seed-23-bounding-original-subpolynomial-encoding	bounding	NA	sat	sat	sat	sat	sat
bitwidth-16-degree-32-seed-23-equality-original-native-encoding	equality	NA	sat	sat	sat	sat	sat
bitwidth-16-degree-32-seed-23-equality-reduced-native-encoding	equality	NA	sat	sat	sat	sat	sat
bitwidth-16-degree-32-seed-23-addition-original-subpolynomial-encoding	addition	unsat				unsat	unsat
bitwidth-16-degree-32-seed-23-identity-point-original-native-encoding	identity-point	NA	unsat	unsat	unsat	unsat	unsat
bitwidth-16-degree-32-seed-23-addition-reduced-subpolynomial-encoding	addition	unsat				unsat	unsat
bitwidth-16-degree-32-seed-23-identity-point-reduced-native-encoding	identity-point	NA	unsat	unsat	unsat	unsat	unsat
bitwidth-16-degree-32-seed-23-correctness-original-subpolynomial-encoding-vs-reduced-subpolynomial-encoding	correctness	unsat				unsat	unsat
bitwidth-16-degree-32-seed-23-correctness-original-native-encoding-vs-reduced-native-encoding	correctness	unsat			unsat		
bitwidth-16-degree-32-seed-23-correctness-original-native-encoding-vs-original-subpolynomial-encoding	correctness	unsat					
bitwidth-16-degree-32-seed-23-equality-original-subpolynomial-encoding	equality	NA				sat	sat
bitwidth-16-degree-32-seed-23-identity-point-original-subpolynomial-encoding	identity-point	NA	unsat	unsat	unsat	unsat	unsat
bitwidth-16-degree-32-seed-23-equality-reduced-subpolynomial-encoding	equality	NA				sat	sat
bitwidth-16-degree-32-seed-23-identity-point-reduced-subpolynomial-encoding	identity-point	NA	unsat	unsat	unsat	unsat	unsat
bitwidth-16-degree-32-seed-23-correctness-original-native-encoding-vs-reduced-subpolynomial-encoding	correctness	unsat					
bitwidth-16-degree-32-seed-23-correctness-reduced-native-encoding-vs-original-subpolynomial-encoding	correctness	unsat					
bitwidth-16-degree-32-seed-23-correctness-reduced-native-encoding-vs-reduced-subpolynomial-encoding	correctness	unsat					
bitwidth-16-degree-32-seed-23-nonequality-original-native-encoding	nonequality	NA	sat	sat		sat	sat
bitwidth-16-degree-32-seed-23-nonequality-reduced-native-encoding	nonequality	NA	sat	sat		sat	sat
bitwidth-16-degree-32-seed-23-root-finding-reduced-native-encoding	root-finding	NA	sat	sat	sat	sat	sat
bitwidth-16-degree-32-seed-23-multiplication-original-native-encoding	multiplication	unsat			unsat	unsat	
bitwidth-16-degree-32-seed-23-multiplication-original-subpolynomial-encoding	multiplication	unsat				unsat	unsat
bitwidth-16-degree-32-seed-23-root-finding-reduced-subpolynomial-encoding	root-finding	NA	sat	sat	sat	sat	sat
bitwidth-16-degree-32-seed-23-root-finding-original-native-encoding	root-finding	NA	sat	sat	sat	sat	sat
bitwidth-16-degree-4-seed-23-bounding-original-native-encoding	bounding	NA	sat	sat	sat	sat	sat
bitwidth-16-degree-4-seed-23-bounding-original-subpolynomial-encoding	bounding	NA	sat	sat	sat	sat	sat
bitwidth-16-degree-4-seed-23-bounding-reduced-native-encoding	bounding	NA	sat	sat	sat	sat	sat
bitwidth-16-degree-32-seed-23-root-finding-original-subpolynomial-encoding	root-finding	NA	sat	sat	sat	sat	sat
bitwidth-16-degree-32-seed-23-nonequality-original-subpolynomial-encoding	nonequality	NA				sat	sat
bitwidth-16-degree-4-seed-23-bounding-reduced-subpolynomial-encoding	bounding	NA	sat	sat	sat	sat	sat
bitwidth-16-degree-32-seed-23-nonequality-reduced-subpolynomial-encoding	nonequality	NA				sat	sat
bitwidth-16-degree-4-seed-23-correctness-original-subpolynomial-encoding-vs-reduced-subpolynomial-encoding	correctness	unsat	unsat	unsat	unsat	unsat	unsat
bitwidth-16-degree-32-seed-23-multiplication-reduced-subpolynomial-encoding	multiplication	unsat				unsat	unsat
bitwidth-16-degree-4-seed-23-addition-original-native-encoding	addition	unsat			unsat	unsat	unsat
bitwidth-16-degree-32-seed-23-multiplication-reduced-native-encoding	multiplication	unsat			unsat		
bitwidth-16-degree-4-seed-23-equality-original-native-encoding	equality	NA	unsat	unsat	unsat	unsat	unsat
bitwidth-16-degree-4-seed-23-equality-reduced-native-encoding	equality	NA	unsat	unsat	unsat	unsat	unsat
bitwidth-16-degree-4-seed-23-correctness-original-native-encoding-vs-reduced-native-encoding	correctness	unsat	unsat	unsat	unsat	unsat	unsat
bitwidth-16-degree-4-seed-23-identity-point-original-native-encoding	identity-point	NA	unsat	unsat	unsat	unsat	unsat
bitwidth-16-degree-4-seed-23-identity-point-original-subpolynomial-encoding	identity-point	NA	unsat	unsat	unsat	unsat	unsat
bitwidth-16-degree-4-seed-23-identity-point-reduced-native-encoding	identity-point	NA	unsat	unsat	unsat	unsat	unsat
bitwidth-16-degree-4-seed-23-identity-point-reduced-subpolynomial-encoding	identity-point	NA	unsat	unsat	unsat	unsat	unsat
bitwidth-16-degree-4-seed-23-addition-reduced-native-encoding	addition	unsat			unsat	unsat	unsat
bitwidth-16-degree-4-seed-23-equality-original-subpolynomial-encoding	equality	NA	unsat	unsat	unsat	unsat	unsat
bitwidth-16-degree-4-seed-23-equality-reduced-subpolynomial-encoding	equality	NA	unsat	unsat	unsat	unsat	unsat
bitwidth-16-degree-4-seed-23-addition-original-subpolynomial-encoding	addition	unsat				unsat	unsat
bitwidth-16-degree-4-seed-23-nonequality-original-native-encoding	nonequality	NA	sat	sat	sat	sat	sat
bitwidth-16-degree-4-seed-23-addition-reduced-subpolynomial-encoding	addition	unsat				unsat	unsat
bitwidth-16-degree-4-seed-23-nonequality-reduced-native-encoding	nonequality	NA	sat	sat	sat	sat	sat
bitwidth-16-degree-4-seed-23-nonequality-original-subpolynomial-encoding	nonequality	NA	sat	sat	sat	sat	sat
bitwidth-16-degree-4-seed-23-root-finding-original-native-encoding	root-finding	NA	unsat	unsat	unsat	unsat	unsat
bitwidth-16-degree-4-seed-23-root-finding-original-subpolynomial-encoding	root-finding	NA	unsat	unsat	unsat	unsat	unsat
bitwidth-16-degree-4-seed-23-root-finding-reduced-native-encoding	root-finding	NA	unsat	unsat	unsat	unsat	unsat
bitwidth-16-degree-4-seed-23-root-finding-reduced-subpolynomial-encoding	root-finding	NA	unsat	unsat	unsat	unsat	unsat
bitwidth-16-degree-4-seed-23-multiplication-original-native-encoding	multiplication	unsat			unsat	unsat	
bitwidth-16-degree-4-seed-23-multiplication-reduced-native-encoding	multiplication	unsat			unsat	unsat	
bitwidth-16-degree-4-seed-23-correctness-original-native-encoding-vs-original-subpolynomial-encoding	correctness	unsat				unsat	
bitwidth-16-degree-4-seed-23-nonequality-reduced-subpolynomial-encoding	nonequality	NA	sat	sat	sat	sat	sat
bitwidth-16-degree-5-seed-23-bounding-original-native-encoding	bounding	NA	sat	sat	sat	sat	sat
bitwidth-16-degree-4-seed-23-correctness-original-native-encoding-vs-reduced-subpolynomial-encoding	correctness	unsat				unsat	
bitwidth-16-degree-5-seed-23-bounding-reduced-native-encoding	bounding	NA	sat	sat	sat	sat	sat
bitwidth-16-degree-5-seed-23-bounding-original-subpolynomial-encoding	bounding	NA	sat	sat	sat	sat	sat
bitwidth-16-degree-5-seed-23-bounding-reduced-subpolynomial-encoding	bounding	NA	sat	sat	sat	sat	sat
bitwidth-16-degree-4-seed-23-correctness-reduced-native-encoding-vs-original-subpolynomial-encoding	correctness	unsat				unsat	
bitwidth-16-degree-4-seed-23-correctness-reduced-native-encoding-vs-reduced-subpolynomial-encoding	correctness	unsat				unsat	
bitwidth-16-degree-5-seed-23-correctness-original-subpolynomial-encoding-vs-reduced-subpolynomial-encoding	correctness	unsat	unsat	unsat	unsat	unsat	unsat
bitwidth-16-degree-4-seed-23-multiplication-original-subpolynomial-encoding	multiplication	unsat				unsat	unsat
bitwidth-16-degree-4-seed-23-multiplication-reduced-subpolynomial-encoding	multiplication	unsat				unsat	unsat
bitwidth-16-degree-5-seed-23-equality-original-native-encoding	equality	NA	sat	sat	sat	sat	sat
bitwidth-16-degree-5-seed-23-addition-original-native-encoding	addition	unsat			unsat	unsat	unsat
bitwidth-16-degree-5-seed-23-equality-reduced-native-encoding	equality	NA	sat	sat	sat	sat	sat
bitwidth-16-degree-5-seed-23-addition-reduced-native-encoding	addition	unsat			unsat	unsat	unsat
bitwidth-16-degree-5-seed-23-identity-point-original-native-encoding	identity-point	NA	unsat	unsat	unsat	unsat	unsat
bitwidth-16-degree-5-seed-23-correctness-original-native-encoding-vs-reduced-native-encoding	correctness	unsat		unsat	unsat	unsat	unsat
bitwidth-16-degree-5-seed-23-identity-point-reduced-native-encoding	identity-point	NA	unsat	unsat	unsat	unsat	unsat
bitwidth-16-degree-5-seed-23-identity-point-original-subpolynomial-encoding	identity-point	NA	unsat	unsat	unsat	unsat	unsat
bitwidth-16-degree-5-seed-23-identity-point-reduced-subpolynomial-encoding	identity-point	NA	unsat	unsat	unsat	unsat	unsat
bitwidth-16-degree-5-seed-23-equality-original-subpolynomial-encoding	equality	NA	sat	sat	sat	sat	sat
bitwidth-16-degree-5-seed-23-equality-reduced-subpolynomial-encoding	equality	NA	sat	sat	sat	sat	sat
bitwidth-16-degree-5-seed-23-addition-original-subpolynomial-encoding	addition	unsat				unsat	unsat
bitwidth-16-degree-5-seed-23-addition-reduced-subpolynomial-encoding	addition	unsat				unsat	unsat
bitwidth-16-degree-5-seed-23-nonequality-original-native-encoding	nonequality	NA	sat	sat	sat	sat	sat
bitwidth-16-degree-5-seed-23-nonequality-reduced-native-encoding	nonequality	NA	sat	sat	sat	sat	sat
bitwidth-16-degree-5-seed-23-correctness-original-native-encoding-vs-original-subpolynomial-encoding	correctness	unsat				unsat	
bitwidth-16-degree-5-seed-23-root-finding-original-native-encoding	root-finding	NA	unsat	unsat	unsat	unsat	unsat
bitwidth-16-degree-5-seed-23-correctness-original-native-encoding-vs-reduced-subpolynomial-encoding	correctness	unsat				unsat	
bitwidth-16-degree-5-seed-23-root-finding-reduced-native-encoding	root-finding	NA	unsat	unsat	unsat	unsat	unsat
bitwidth-16-degree-5-seed-23-multiplication-original-native-encoding	multiplication	unsat			unsat	unsat	
bitwidth-16-degree-5-seed-23-root-finding-original-subpolynomial-encoding	root-finding	NA	unsat	unsat	unsat	unsat	unsat
bitwidth-16-degree-5-seed-23-root-finding-reduced-subpolynomial-encoding	root-finding	NA	unsat	unsat	unsat	unsat	unsat
bitwidth-16-degree-5-seed-23-correctness-reduced-native-encoding-vs-original-subpolynomial-encoding	correctness	unsat				unsat	
bitwidth-16-degree-5-seed-23-nonequality-original-subpolynomial-encoding	nonequality	NA	sat	sat	sat	sat	sat
bitwidth-16-degree-6-seed-23-bounding-original-native-encoding	bounding	NA	sat	sat	sat	sat	sat
bitwidth-16-degree-5-seed-23-correctness-reduced-native-encoding-vs-reduced-subpolynomial-encoding	correctness	unsat				unsat	
bitwidth-16-degree-6-seed-23-bounding-reduced-native-encoding	bounding	NA	sat	sat	sat	sat	sat
bitwidth-16-degree-5-seed-23-multiplication-reduced-native-encoding	multiplication	unsat			unsat	unsat	
bitwidth-16-degree-5-seed-23-nonequality-reduced-subpolynomial-encoding	nonequality	NA	sat	sat	sat	sat	sat
bitwidth-16-degree-6-seed-23-bounding-original-subpolynomial-encoding	bounding	NA	sat	sat	sat	sat	sat
bitwidth-16-degree-6-seed-23-bounding-reduced-subpolynomial-encoding	bounding	NA	sat	sat	sat	sat	sat
bitwidth-16-degree-5-seed-23-multiplication-original-subpolynomial-encoding	multiplication	unsat				unsat	unsat
bitwidth-16-degree-6-seed-23-addition-original-native-encoding	addition	unsat			unsat	unsat	unsat
bitwidth-16-degree-6-seed-23-addition-reduced-native-encoding	addition	unsat			unsat	unsat	unsat
bitwidth-16-degree-6-seed-23-equality-original-native-encoding	equality	NA	sat	sat	sat	sat	sat
bitwidth-16-degree-6-seed-23-correctness-original-native-encoding-vs-reduced-native-encoding	correctness	unsat			unsat	unsat	unsat
bitwidth-16-degree-6-seed-23-equality-reduced-native-encoding	equality	NA	sat	sat	sat	sat	sat
bitwidth-16-degree-5-seed-23-multiplication-reduced-subpolynomial-encoding	multiplication	unsat				unsat	unsat
bitwidth-16-degree-6-seed-23-identity-point-original-native-encoding	identity-point	NA	unsat	unsat	unsat	unsat	unsat
bitwidth-16-degree-6-seed-23-identity-point-original-subpolynomial-encoding	identity-point	NA	unsat	unsat	unsat	unsat	unsat
bitwidth-16-degree-6-seed-23-identity-point-reduced-native-encoding	identity-point	NA	unsat	unsat	unsat	unsat	unsat
bitwidth-16-degree-6-seed-23-identity-point-reduced-subpolynomial-encoding	identity-point	NA	unsat	unsat	unsat	unsat	unsat
bitwidth-16-degree-6-seed-23-addition-original-subpolynomial-encoding	addition	unsat				unsat	unsat
bitwidth-16-degree-6-seed-23-addition-reduced-subpolynomial-encoding	addition	unsat				unsat	unsat
bitwidth-16-degree-6-seed-23-correctness-original-subpolynomial-encoding-vs-reduced-subpolynomial-encoding	correctness	unsat				unsat	unsat
bitwidth-16-degree-6-seed-23-equality-original-subpolynomial-encoding	equality	NA	sat	sat	sat	sat	sat
bitwidth-16-degree-6-seed-23-equality-reduced-subpolynomial-encoding	equality	NA	sat	sat	sat	sat	sat
bitwidth-16-degree-6-seed-23-nonequality-original-native-encoding	nonequality	NA	sat	sat		sat	sat
bitwidth-16-degree-6-seed-23-correctness-original-native-encoding-vs-original-subpolynomial-encoding	correctness	unsat				unsat	
bitwidth-16-degree-6-seed-23-correctness-original-native-encoding-vs-reduced-subpolynomial-encoding	correctness	unsat				unsat	
bitwidth-16-degree-6-seed-23-root-finding-original-native-encoding	root-finding	NA	sat	sat	sat	sat	sat
bitwidth-16-degree-6-seed-23-root-finding-original-subpolynomial-encoding	root-finding	NA	sat	sat	sat	sat	sat
bitwidth-16-degree-6-seed-23-root-finding-reduced-native-encoding	root-finding	NA	sat	sat	sat	sat	sat
bitwidth-16-degree-6-seed-23-root-finding-reduced-subpolynomial-encoding	root-finding	NA	sat	sat	sat	sat	sat
bitwidth-16-degree-6-seed-23-nonequality-reduced-native-encoding	nonequality	NA	sat	sat		sat	sat
bitwidth-16-degree-6-seed-23-multiplication-original-native-encoding	multiplication	unsat			unsat	unsat	
bitwidth-16-degree-6-seed-23-correctness-reduced-native-encoding-vs-original-subpolynomial-encoding	correctness	unsat				unsat	
bitwidth-16-degree-6-seed-23-multiplication-reduced-native-encoding	multiplication	unsat			unsat	unsat	
bitwidth-16-degree-6-seed-23-nonequality-original-subpolynomial-encoding	nonequality	NA	sat	sat	sat	sat	sat
bitwidth-16-degree-7-seed-23-bounding-original-native-encoding	bounding	NA	sat	sat	sat	sat	sat
bitwidth-16-degree-7-seed-23-bounding-reduced-native-encoding	bounding	NA	sat	sat	sat	sat	sat
bitwidth-16-degree-6-seed-23-correctness-reduced-native-encoding-vs-reduced-subpolynomial-encoding	correctness	unsat					
bitwidth-16-degree-7-seed-23-bounding-original-subpolynomial-encoding	bounding	NA	sat	sat	sat	sat	sat
bitwidth-16-degree-7-seed-23-bounding-reduced-subpolynomial-encoding	bounding	NA	sat	sat	sat	sat	sat
bitwidth-16-degree-6-seed-23-nonequality-reduced-subpolynomial-encoding	nonequality	NA	sat	sat	sat	sat	sat
bitwidth-16-degree-7-seed-23-addition-original-native-encoding	addition	unsat			unsat	unsat	unsat
bitwidth-16-degree-7-seed-23-addition-reduced-native-encoding	addition	unsat			unsat	unsat	unsat
bitwidth-16-degree-6-seed-23-multiplication-original-subpolynomial-encoding	multiplication	unsat				unsat	
bitwidth-16-degree-7-seed-23-equality-original-native-encoding	equality	NA	sat	sat	sat	sat	sat
bitwidth-16-degree-6-seed-23-multiplication-reduced-subpolynomial-encoding	multiplication	unsat				unsat	
bitwidth-16-degree-7-seed-23-equality-reduced-native-encoding	equality	NA	sat	sat	sat	sat	sat
bitwidth-16-degree-7-seed-23-correctness-original-native-encoding-vs-reduced-native-encoding	correctness	unsat			unsat	unsat	unsat
bitwidth-16-degree-7-seed-23-identity-point-original-native-encoding	identity-point	NA	sat	sat	sat	sat	sat
bitwidth-16-degree-7-seed-23-identity-point-original-subpolynomial-encoding	identity-point	NA	sat	sat	sat	sat	sat
bitwidth-16-degree-7-seed-23-identity-point-reduced-native-encoding	identity-point	NA	sat	sat	sat	sat	sat
bitwidth-16-degree-7-seed-23-addition-original-subpolynomial-encoding	addition	unsat				unsat	unsat
bitwidth-16-degree-7-seed-23-identity-point-reduced-subpolynomial-encoding	identity-point	NA	sat	sat	sat	sat	sat
bitwidth-16-degree-7-seed-23-addition-reduced-subpolynomial-encoding	addition	unsat				unsat	unsat
bitwidth-16-degree-7-seed-23-correctness-original-subpolynomial-encoding-vs-reduced-subpolynomial-encoding	correctness	unsat				unsat	unsat
bitwidth-16-degree-7-seed-23-equality-original-subpolynomial-encoding	equality	NA				sat	sat
bitwidth-16-degree-7-seed-23-equality-reduced-subpolynomial-encoding	equality	NA				sat	sat
bitwidth-16-degree-7-seed-23-nonequality-original-native-encoding	nonequality	NA	sat	sat	sat	sat	sat
bitwidth-16-degree-7-seed-23-nonequality-reduced-native-encoding	nonequality	NA	sat	sat	sat	sat	sat
bitwidth-16-degree-7-seed-23-correctness-original-native-encoding-vs-original-subpolynomial-encoding	correctness	unsat					
bitwidth-16-degree-7-seed-23-root-finding-original-native-encoding	root-finding	NA	unsat	unsat	unsat	unsat	unsat
bitwidth-16-degree-7-seed-23-correctness-original-native-encoding-vs-reduced-subpolynomial-encoding	correctness	unsat					
bitwidth-16-degree-7-seed-23-root-finding-reduced-native-encoding	root-finding	NA	unsat	unsat	unsat	unsat	unsat
bitwidth-16-degree-7-seed-23-root-finding-original-subpolynomial-encoding	root-finding	NA	unsat	unsat	unsat	unsat	unsat
bitwidth-16-degree-7-seed-23-root-finding-reduced-subpolynomial-encoding	root-finding	NA	unsat	unsat	unsat	unsat	unsat
bitwidth-16-degree-7-seed-23-multiplication-original-native-encoding	multiplication	unsat			unsat	unsat	
bitwidth-16-degree-7-seed-23-correctness-reduced-native-encoding-vs-original-subpolynomial-encoding	correctness	unsat					
bitwidth-16-degree-7-seed-23-correctness-reduced-native-encoding-vs-reduced-subpolynomial-encoding	correctness	unsat					
bitwidth-16-degree-8-seed-23-bounding-original-native-encoding	bounding	NA	sat	sat	sat	sat	sat
bitwidth-16-degree-7-seed-23-multiplication-reduced-native-encoding	multiplication	unsat			unsat	unsat	
bitwidth-16-degree-8-seed-23-bounding-reduced-native-encoding	bounding	NA	sat	sat	sat	sat	sat
bitwidth-16-degree-8-seed-23-bounding-original-subpolynomial-encoding	bounding	NA	sat	sat	sat	sat	sat
bitwidth-16-degree-8-seed-23-bounding-reduced-subpolynomial-encoding	bounding	NA	sat	sat	sat	sat	sat
bitwidth-16-degree-7-seed-23-multiplication-original-subpolynomial-encoding	multiplication	unsat				unsat	unsat
bitwidth-16-degree-8-seed-23-addition-original-native-encoding	addition	unsat			unsat	unsat	unsat
bitwidth-16-degree-7-seed-23-multiplication-reduced-subpolynomial-encoding	multiplication	unsat				unsat	unsat
bitwidth-16-degree-7-seed-23-nonequality-original-subpolynomial-encoding	nonequality	NA				sat	sat
bitwidth-16-degree-7-seed-23-nonequality-reduced-subpolynomial-encoding	nonequality	NA				sat	sat
bitwidth-16-degree-8-seed-23-equality-original-native-encoding	equality	NA	unsat	unsat	unsat	unsat	unsat
bitwidth-16-degree-8-seed-23-addition-reduced-native-encoding	addition	unsat			unsat	unsat	unsat
bitwidth-16-degree-8-seed-23-equality-reduced-native-encoding	equality	NA	unsat	unsat	unsat	unsat	unsat
bitwidth-16-degree-8-seed-23-correctness-original-native-encoding-vs-reduced-native-encoding	correctness	unsat			unsat	unsat	unsat
bitwidth-16-degree-8-seed-23-identity-point-original-native-encoding	identity-point	NA	sat	sat	sat	sat	sat
bitwidth-16-degree-8-seed-23-identity-point-original-subpolynomial-encoding	identity-point	NA	sat	sat	sat	sat	sat
bitwidth-16-degree-8-seed-23-identity-point-reduced-native-encoding	identity-point	NA	sat	sat	sat	sat	sat
bitwidth-16-degree-8-seed-23-addition-original-subpolynomial-encoding	addition	unsat				unsat	unsat
bitwidth-16-degree-8-seed-23-addition-reduced-subpolynomial-encoding	addition	unsat				unsat	unsat
bitwidth-16-degree-8-seed-23-identity-point-reduced-subpolynomial-encoding	identity-point	NA	sat	sat	sat	sat	sat
bitwidth-16-degree-8-seed-23-correctness-original-subpolynomial-encoding-vs-reduced-subpolynomial-encoding	correctness	unsat				unsat	unsat
bitwidth-16-degree-8-seed-23-equality-original-subpolynomial-encoding	equality	NA				unsat	unsat
bitwidth-16-degree-8-seed-23-equality-reduced-subpolynomial-encoding	equality	NA				unsat	unsat
bitwidth-16-degree-8-seed-23-nonequality-original-native-encoding	nonequality	NA	sat	sat	sat	sat	sat
bitwidth-16-degree-8-seed-23-nonequality-reduced-native-encoding	nonequality	NA	sat	sat	sat	sat	sat
bitwidth-16-degree-8-seed-23-correctness-original-native-encoding-vs-original-subpolynomial-encoding	correctness	unsat					
bitwidth-16-degree-8-seed-23-root-finding-original-native-encoding	root-finding	NA	unsat	unsat	unsat	unsat	unsat
bitwidth-16-degree-8-seed-23-correctness-original-native-encoding-vs-reduced-subpolynomial-encoding	correctness	unsat					
bitwidth-16-degree-8-seed-23-root-finding-reduced-native-encoding	root-finding	NA	unsat	unsat	unsat	unsat	unsat
bitwidth-16-degree-8-seed-23-root-finding-original-subpolynomial-encoding	root-finding	NA	unsat	unsat	unsat	unsat	unsat
bitwidth-16-degree-8-seed-23-correctness-reduced-native-encoding-vs-original-subpolynomial-encoding	correctness	unsat					
bitwidth-16-degree-8-seed-23-correctness-reduced-native-encoding-vs-reduced-subpolynomial-encoding	correctness	unsat					
bitwidth-16-degree-8-seed-23-multiplication-original-native-encoding	multiplication	unsat			unsat	unsat	
bitwidth-16-degree-8-seed-23-root-finding-reduced-subpolynomial-encoding	root-finding	NA	unsat	unsat	unsat	unsat	unsat
bitwidth-16-degree-9-seed-23-bounding-original-native-encoding	bounding	NA	sat	sat	sat	sat	sat
bitwidth-16-degree-8-seed-23-multiplication-reduced-native-encoding	multiplication	unsat			unsat	unsat	
bitwidth-16-degree-9-seed-23-bounding-reduced-native-encoding	bounding	NA	sat	sat	sat	sat	sat
bitwidth-16-degree-9-seed-23-bounding-original-subpolynomial-encoding	bounding	NA	sat	sat	sat	sat	sat
bitwidth-16-degree-9-seed-23-bounding-reduced-subpolynomial-encoding	bounding	NA	sat	sat	sat	sat	sat
bitwidth-16-degree-8-seed-23-multiplication-original-subpolynomial-encoding	multiplication	unsat				unsat	unsat
bitwidth-16-degree-8-seed-23-nonequality-original-subpolynomial-encoding	nonequality	NA				sat	sat
bitwidth-16-degree-9-seed-23-addition-original-native-encoding	addition	unsat			unsat	unsat	unsat
bitwidth-16-degree-8-seed-23-multiplication-reduced-subpolynomial-encoding	multiplication	unsat				unsat	unsat
bitwidth-16-degree-9-seed-23-addition-reduced-native-encoding	addition	unsat			unsat	unsat	unsat
bitwidth-16-degree-9-seed-23-equality-original-native-encoding	equality	NA	sat	sat	sat	sat	sat
bitwidth-16-degree-8-seed-23-nonequality-reduced-subpolynomial-encoding	nonequality	NA				sat	sat
bitwidth-16-degree-9-seed-23-equality-reduced-native-encoding	equality	NA	sat	sat	sat	sat	sat
bitwidth-16-degree-9-seed-23-correctness-original-native-encoding-vs-reduced-native-encoding	correctness	unsat			unsat	unsat	unsat
bitwidth-16-degree-9-seed-23-identity-point-original-native-encoding	identity-point	NA	sat	sat	sat	sat	sat
bitwidth-16-degree-9-seed-23-identity-point-original-subpolynomial-encoding	identity-point	NA	sat	sat	sat	sat	sat
bitwidth-16-degree-9-seed-23-identity-point-reduced-native-encoding	identity-point	NA	sat	sat	sat	sat	sat
bitwidth-16-degree-9-seed-23-addition-original-subpolynomial-encoding	addition	unsat				unsat	unsat
bitwidth-16-degree-9-seed-23-addition-reduced-subpolynomial-encoding	addition	unsat				unsat	unsat
bitwidth-16-degree-9-seed-23-identity-point-reduced-subpolynomial-encoding	identity-point	NA	sat	sat	sat	sat	sat
bitwidth-16-degree-9-seed-23-correctness-original-subpolynomial-encoding-vs-reduced-subpolynomial-encoding	correctness	unsat				unsat	unsat
bitwidth-16-degree-9-seed-23-equality-original-subpolynomial-encoding	equality	NA				sat	sat
bitwidth-16-degree-9-seed-23-equality-reduced-subpolynomial-encoding	equality	NA				sat	sat
bitwidth-16-degree-9-seed-23-nonequality-original-native-encoding	nonequality	NA	sat	sat	sat	sat	sat
bitwidth-16-degree-9-seed-23-nonequality-reduced-native-encoding	nonequality	NA	sat	sat	sat	sat	sat
bitwidth-16-degree-9-seed-23-correctness-original-native-encoding-vs-original-subpolynomial-encoding	correctness	unsat					
bitwidth-16-degree-9-seed-23-root-finding-original-native-encoding	root-finding	NA	unsat	unsat	unsat	unsat	unsat
bitwidth-16-degree-9-seed-23-correctness-original-native-encoding-vs-reduced-subpolynomial-encoding	correctness	unsat					
bitwidth-16-degree-9-seed-23-root-finding-reduced-native-encoding	root-finding	NA	unsat	unsat	unsat	unsat	unsat
bitwidth-16-degree-9-seed-23-root-finding-original-subpolynomial-encoding	root-finding	NA	unsat	unsat	unsat	unsat	unsat
bitwidth-16-degree-9-seed-23-multiplication-original-native-encoding	multiplication	unsat			unsat	unsat	
bitwidth-16-degree-9-seed-23-correctness-reduced-native-encoding-vs-original-subpolynomial-encoding	correctness	unsat					
bitwidth-16-degree-9-seed-23-root-finding-reduced-subpolynomial-encoding	root-finding	NA	unsat	unsat	unsat	unsat	unsat
bitwidth-16-degree-9-seed-23-correctness-reduced-native-encoding-vs-reduced-subpolynomial-encoding	correctness	unsat					
bitwidth-32-degree-10-seed-23-bounding-original-native-encoding	bounding	NA	sat	sat	sat	sat	sat
bitwidth-16-degree-9-seed-23-multiplication-reduced-native-encoding	multiplication	unsat			unsat	unsat	
bitwidth-32-degree-10-seed-23-bounding-reduced-native-encoding	bounding	NA	sat	sat	sat	sat	sat
bitwidth-16-degree-9-seed-23-nonequality-original-subpolynomial-encoding	nonequality	NA				sat	sat
bitwidth-16-degree-9-seed-23-multiplication-original-subpolynomial-encoding	multiplication	unsat				unsat	unsat
bitwidth-32-degree-10-seed-23-addition-original-native-encoding	addition	unsat			unsat	unsat	unsat
bitwidth-16-degree-9-seed-23-nonequality-reduced-subpolynomial-encoding	nonequality	NA				sat	sat
bitwidth-32-degree-10-seed-23-addition-reduced-native-encoding	addition	unsat			unsat	unsat	unsat
bitwidth-32-degree-10-seed-23-addition-original-subpolynomial-encoding	addition	unsat					
bitwidth-16-degree-9-seed-23-multiplication-reduced-subpolynomial-encoding	multiplication	unsat				unsat	unsat
bitwidth-32-degree-10-seed-23-addition-reduced-subpolynomial-encoding	addition	unsat					
bitwidth-32-degree-10-seed-23-equality-original-native-encoding	equality	NA	sat	sat	sat	sat	sat
bitwidth-32-degree-10-seed-23-equality-reduced-native-encoding	equality	NA	sat	sat	sat	sat	sat
bitwidth-32-degree-10-seed-23-equality-original-subpolynomial-encoding	equality	NA				sat	sat
bitwidth-32-degree-10-seed-23-bounding-original-subpolynomial-encoding	bounding	NA				sat	sat
bitwidth-32-degree-10-seed-23-identity-point-original-native-encoding	identity-point	NA	sat	sat	sat	sat	sat
bitwidth-32-degree-10-seed-23-identity-point-reduced-native-encoding	identity-point	NA	sat	sat	sat	sat	sat
bitwidth-32-degree-10-seed-23-correctness-original-native-encoding-vs-reduced-native-encoding	correctness	unsat			unsat	unsat	unsat
bitwidth-32-degree-10-seed-23-equality-reduced-subpolynomial-encoding	equality	NA				sat	sat
bitwidth-32-degree-10-seed-23-bounding-reduced-subpolynomial-encoding	bounding	NA				sat	sat
bitwidth-32-degree-10-seed-23-correctness-original-subpolynomial-encoding-vs-reduced-subpolynomial-encoding	correctness	unsat					
bitwidth-32-degree-10-seed-23-multiplication-original-subpolynomial-encoding	multiplication	unsat					
bitwidth-32-degree-10-seed-23-correctness-original-native-encoding-vs-original-subpolynomial-encoding	correctness	unsat					
bitwidth-32-degree-10-seed-23-multiplication-reduced-subpolynomial-encoding	multiplication	unsat					
bitwidth-32-degree-10-seed-23-correctness-original-native-encoding-vs-reduced-subpolynomial-encoding	correctness	unsat					
bitwidth-32-degree-10-seed-23-identity-point-original-subpolynomial-encoding	identity-point	NA				sat	sat
bitwidth-32-degree-10-seed-23-root-finding-original-native-encoding	root-finding	NA	sat	sat	sat	sat	sat
bitwidth-32-degree-10-seed-23-multiplication-original-native-encoding	multiplication	unsat			unsat	unsat	
bitwidth-32-degree-10-seed-23-identity-point-reduced-subpolynomial-encoding	identity-point	NA				sat	sat
bitwidth-32-degree-10-seed-23-root-finding-reduced-native-encoding	root-finding	NA	sat	sat	sat	sat	sat
bitwidth-32-degree-10-seed-23-correctness-reduced-native-encoding-vs-original-subpolynomial-encoding	correctness	unsat					
bitwidth-32-degree-10-seed-23-nonequality-original-native-encoding	nonequality	NA	sat	sat		sat	sat
bitwidth-32-degree-10-seed-23-correctness-reduced-native-encoding-vs-reduced-subpolynomial-encoding	correctness	unsat					
bitwidth-32-degree-10-seed-23-nonequality-original-subpolynomial-encoding	nonequality	NA				sat	sat
bitwidth-32-degree-11-seed-23-bounding-original-native-encoding	bounding	NA	sat	sat	sat	sat	sat
bitwidth-32-degree-10-seed-23-nonequality-reduced-subpolynomial-encoding	nonequality	NA				sat	sat
bitwidth-32-degree-10-seed-23-nonequality-reduced-native-encoding	nonequality	NA	sat	sat		sat	sat
bitwidth-32-degree-11-seed-23-bounding-reduced-native-encoding	bounding	NA	sat	sat	sat	sat	sat
bitwidth-32-degree-10-seed-23-multiplication-reduced-native-encoding	multiplication	unsat			unsat	unsat	
bitwidth-32-degree-11-seed-23-addition-original-native-encoding	addition	unsat			unsat	unsat	unsat
bitwidth-32-degree-11-seed-23-addition-reduced-native-encoding	addition	unsat			unsat	unsat	unsat
bitwidth-32-degree-11-seed-23-addition-original-subpolynomial-encoding	addition	unsat					
bitwidth-32-degree-11-seed-23-addition-reduced-subpolynomial-encoding	addition	unsat					
bitwidth-32-degree-11-seed-23-correctness-original-native-encoding-vs-reduced-native-encoding	correctness	unsat			unsat	unsat	unsat
bitwidth-32-degree-10-seed-23-root-finding-original-subpolynomial-encoding	root-finding	NA				sat	sat
bitwidth-32-degree-10-seed-23-root-finding-reduced-subpolynomial-encoding	root-finding	NA				sat	sat
bitwidth-32-degree-11-seed-23-equality-original-native-encoding	equality	NA	unsat	unsat	unsat	unsat	unsat
bitwidth-32-degree-11-seed-23-equality-reduced-native-encoding	equality	NA	unsat	unsat	unsat	unsat	unsat
bitwidth-32-degree-11-seed-23-bounding-original-subpolynomial-encoding	bounding	NA				sat	sat
bitwidth-32-degree-11-seed-23-identity-point-original-native-encoding	identity-point	NA	sat	sat	sat	sat	sat
bitwidth-32-degree-11-seed-23-equality-original-subpolynomial-encoding	equality	NA				unsat	unsat
bitwidth-32-degree-11-seed-23-bounding-reduced-subpolynomial-encoding	bounding	NA				sat	sat
bitwidth-32-degree-11-seed-23-identity-point-reduced-native-encoding	identity-point	NA	sat	sat	sat	sat	sat
bitwidth-32-degree-11-seed-23-equality-reduced-subpolynomial-encoding	equality	NA				unsat	unsat
bitwidth-32-degree-11-seed-23-correctness-original-subpolynomial-encoding-vs-reduced-subpolynomial-encoding	correctness	unsat					
bitwidth-32-degree-11-seed-23-correctness-original-native-encoding-vs-original-subpolynomial-encoding	correctness	unsat					
bitwidth-32-degree-11-seed-23-multiplication-original-subpolynomial-encoding	multiplication	unsat					
bitwidth-32-degree-11-seed-23-nonequality-original-native-encoding	nonequality	NA	sat	sat		sat	sat
bitwidth-32-degree-11-seed-23-correctness-original-native-encoding-vs-reduced-subpolynomial-encoding	correctness	unsat					
bitwidth-32-degree-11-seed-23-identity-point-original-subpolynomial-encoding	identity-point	NA				sat	sat
bitwidth-32-degree-11-seed-23-multiplication-reduced-subpolynomial-encoding	multiplication	unsat					
bitwidth-32-degree-11-seed-23-multiplication-original-native-encoding	multiplication	unsat			unsat	unsat	
bitwidth-32-degree-11-seed-23-identity-point-reduced-subpolynomial-encoding	identity-point	NA				sat	sat
bitwidth-32-degree-11-seed-23-root-finding-original-native-encoding	root-finding	NA	sat	sat	sat	sat	sat
bitwidth-32-degree-11-seed-23-root-finding-reduced-native-encoding	root-finding	NA	sat	sat	sat	sat	sat
bitwidth-32-degree-11-seed-23-nonequality-original-subpolynomial-encoding	nonequality	NA				sat	sat
bitwidth-32-degree-11-seed-23-correctness-reduced-native-encoding-vs-original-subpolynomial-encoding	correctness	unsat					
bitwidth-32-degree-11-seed-23-correctness-reduced-native-encoding-vs-reduced-subpolynomial-encoding	correctness	unsat					
bitwidth-32-degree-11-seed-23-nonequality-reduced-subpolynomial-encoding	nonequality	NA				sat	sat
bitwidth-32-degree-12-seed-23-bounding-original-native-encoding	bounding	NA	sat	sat	sat	sat	sat
bitwidth-32-degree-11-seed-23-nonequality-reduced-native-encoding	nonequality	NA	sat	sat		sat	sat
bitwidth-32-degree-12-seed-23-bounding-reduced-native-encoding	bounding	NA	sat	sat	sat	sat	sat
bitwidth-32-degree-11-seed-23-multiplication-reduced-native-encoding	multiplication	unsat			unsat		
bitwidth-32-degree-12-seed-23-addition-original-native-encoding	addition	unsat			unsat	unsat	unsat
bitwidth-32-degree-12-seed-23-addition-reduced-native-encoding	addition	unsat			unsat	unsat	unsat
bitwidth-32-degree-12-seed-23-addition-original-subpolynomial-encoding	addition	unsat					
bitwidth-32-degree-12-seed-23-addition-reduced-subpolynomial-encoding	addition	unsat					
bitwidth-32-degree-11-seed-23-root-finding-original-subpolynomial-encoding	root-finding	NA				sat	sat
bitwidth-32-degree-11-seed-23-root-finding-reduced-subpolynomial-encoding	root-finding	NA				sat	sat
bitwidth-32-degree-12-seed-23-equality-original-native-encoding	equality	NA	sat	sat	sat	sat	sat
bitwidth-32-degree-12-seed-23-correctness-original-native-encoding-vs-reduced-native-encoding	correctness	unsat			unsat	unsat	unsat
bitwidth-32-degree-12-seed-23-equality-reduced-native-encoding	equality	NA	sat	sat	sat	sat	sat
bitwidth-32-degree-12-seed-23-identity-point-original-native-encoding	identity-point	NA	sat	sat	sat	sat	sat
bitwidth-32-degree-12-seed-23-bounding-original-subpolynomial-encoding	bounding	NA				sat	sat
bitwidth-32-degree-12-seed-23-bounding-reduced-subpolynomial-encoding	bounding	NA				sat	sat
bitwidth-32-degree-12-seed-23-identity-point-reduced-native-encoding	identity-point	NA	sat	sat	sat	sat	sat
bitwidth-32-degree-12-seed-23-equality-original-subpolynomial-encoding	equality	NA				sat	sat
bitwidth-32-degree-12-seed-23-equality-reduced-subpolynomial-encoding	equality	NA				sat	sat
bitwidth-32-degree-12-seed-23-correctness-original-subpolynomial-encoding-vs-reduced-subpolynomial-encoding	correctness	unsat					
bitwidth-32-degree-12-seed-23-correctness-original-native-encoding-vs-original-subpolynomial-encoding	correctness	unsat					
bitwidth-32-degree-12-seed-23-multiplication-original-subpolynomial-encoding	multiplication	unsat					
bitwidth-32-degree-12-seed-23-multiplication-reduced-subpolynomial-encoding	multiplication	unsat					
bitwidth-32-degree-12-seed-23-correctness-original-native-encoding-vs-reduced-subpolynomial-encoding	correctness	unsat					
bitwidth-32-degree-12-seed-23-nonequality-original-native-encoding	nonequality	NA	sat	sat		sat	sat
bitwidth-32-degree-12-seed-23-identity-point-original-subpolynomial-encoding	identity-point	NA				sat	sat
bitwidth-32-degree-12-seed-23-root-finding-original-native-encoding	root-finding	NA	sat	sat	sat	sat	sat
bitwidth-32-degree-12-seed-23-multiplication-original-native-encoding	multiplication	unsat			unsat	unsat	
bitwidth-32-degree-12-seed-23-correctness-reduced-native-encoding-vs-original-subpolynomial-encoding	correctness	unsat					
bitwidth-32-degree-12-seed-23-identity-point-reduced-subpolynomial-encoding	identity-point	NA				sat	sat
bitwidth-32-degree-12-seed-23-root-finding-reduced-native-encoding	root-finding	NA	sat	sat	sat	sat	sat
bitwidth-32-degree-12-seed-23-nonequality-original-subpolynomial-encoding	nonequality	NA				sat	sat
bitwidth-32-degree-12-seed-23-correctness-reduced-native-encoding-vs-reduced-subpolynomial-encoding	correctness	unsat					
bitwidth-32-degree-13-seed-23-bounding-original-native-encoding	bounding	NA	sat	sat	sat	sat	sat
bitwidth-32-degree-12-seed-23-nonequality-reduced-subpolynomial-encoding	nonequality	NA				sat	sat
bitwidth-32-degree-12-seed-23-nonequality-reduced-native-encoding	nonequality	NA	sat	sat		sat	sat
bitwidth-32-degree-13-seed-23-bounding-reduced-native-encoding	bounding	NA	sat	sat	sat	sat	sat
bitwidth-32-degree-12-seed-23-multiplication-reduced-native-encoding	multiplication	unsat			unsat		
bitwidth-32-degree-13-seed-23-addition-original-native-encoding	addition	unsat			unsat	unsat	unsat
bitwidth-32-degree-13-seed-23-addition-reduced-native-encoding	addition	unsat			unsat	unsat	unsat
bitwidth-32-degree-13-seed-23-addition-original-subpolynomial-encoding	addition	unsat					
bitwidth-32-degree-13-seed-23-addition-reduced-subpolynomial-encoding	addition	unsat					
bitwidth-32-degree-12-seed-23-root-finding-original-subpolynomial-encoding	root-finding	NA				sat	sat
bitwidth-32-degree-12-seed-23-root-finding-reduced-subpolynomial-encoding	root-finding	NA				sat	sat
bitwidth-32-degree-13-seed-23-correctness-original-native-encoding-vs-reduced-native-encoding	correctness	unsat			unsat	unsat	unsat
bitwidth-32-degree-13-seed-23-equality-original-native-encoding	equality	NA	sat	sat	sat	sat	sat
bitwidth-32-degree-13-seed-23-equality-reduced-native-encoding	equality	NA	sat	sat	sat	sat	sat
bitwidth-32-degree-13-seed-23-bounding-original-subpolynomial-encoding	bounding	NA				sat	sat
bitwidth-32-degree-13-seed-23-bounding-reduced-subpolynomial-encoding	bounding	NA				sat	sat
bitwidth-32-degree-13-seed-23-identity-point-original-native-encoding	identity-point	NA	unsat	unsat	unsat	unsat	unsat
bitwidth-32-degree-13-seed-23-equality-original-subpolynomial-encoding	equality	NA				sat	sat
bitwidth-32-degree-13-seed-23-identity-point-reduced-native-encoding	identity-point	NA	unsat	unsat	unsat	unsat	unsat
bitwidth-32-degree-13-seed-23-correctness-original-subpolynomial-encoding-vs-reduced-subpolynomial-encoding	correctness	unsat					
bitwidth-32-degree-13-seed-23-equality-reduced-subpolynomial-encoding	equality	NA				sat	sat
bitwidth-32-degree-13-seed-23-correctness-original-native-encoding-vs-original-subpolynomial-encoding	correctness	unsat					
bitwidth-32-degree-13-seed-23-multiplication-original-subpolynomial-encoding	multiplication	unsat					
bitwidth-32-degree-13-seed-23-nonequality-original-native-encoding	nonequality	NA	sat	sat		sat	sat
bitwidth-32-degree-13-seed-23-correctness-original-native-encoding-vs-reduced-subpolynomial-encoding	correctness	unsat					
bitwidth-32-degree-13-seed-23-multiplication-reduced-subpolynomial-encoding	multiplication	unsat					
bitwidth-32-degree-13-seed-23-identity-point-original-subpolynomial-encoding	identity-point	NA				unsat	unsat
bitwidth-32-degree-13-seed-23-root-finding-original-native-encoding	root-finding	NA	sat	sat	sat	sat	sat
bitwidth-32-degree-13-seed-23-correctness-reduced-native-encoding-vs-original-subpolynomial-encoding	correctness	unsat					
bitwidth-32-degree-13-seed-23-identity-point-reduced-subpolynomial-encoding	identity-point	NA				unsat	unsat
bitwidth-32-degree-13-seed-23-multiplication-original-native-encoding	multiplication	unsat			unsat	unsat	
bitwidth-32-degree-13-seed-23-root-finding-reduced-native-encoding	root-finding	NA	sat	sat	sat	sat	sat
bitwidth-32-degree-13-seed-23-correctness-reduced-native-encoding-vs-reduced-subpolynomial-encoding	correctness	unsat					
bitwidth-32-degree-13-seed-23-nonequality-original-subpolynomial-encoding	nonequality	NA				sat	sat
bitwidth-32-degree-13-seed-23-nonequality-reduced-native-encoding	nonequality	NA	sat	sat		sat	sat
bitwidth-32-degree-13-seed-23-nonequality-reduced-subpolynomial-encoding	nonequality	NA				sat	sat
bitwidth-32-degree-14-seed-23-bounding-original-native-encoding	bounding	NA	sat	sat	sat	sat	sat
bitwidth-32-degree-14-seed-23-bounding-reduced-native-encoding	bounding	NA	sat	sat	sat	sat	sat
bitwidth-32-degree-13-seed-23-multiplication-reduced-native-encoding	multiplication	unsat			unsat		
bitwidth-32-degree-14-seed-23-addition-original-native-encoding	addition	unsat			unsat	unsat	unsat
bitwidth-32-degree-14-seed-23-addition-reduced-native-encoding	addition	unsat			unsat	unsat	unsat
bitwidth-32-degree-14-seed-23-addition-original-subpolynomial-encoding	addition	unsat					
bitwidth-32-degree-14-seed-23-addition-reduced-subpolynomial-encoding	addition	unsat					
bitwidth-32-degree-13-seed-23-root-finding-original-subpolynomial-encoding	root-finding	NA				sat	sat
bitwidth-32-degree-13-seed-23-root-finding-reduced-subpolynomial-encoding	root-finding	NA				sat	sat
bitwidth-32-degree-14-seed-23-correctness-original-native-encoding-vs-reduced-native-encoding	correctness	unsat			unsat	unsat	unsat
bitwidth-32-degree-14-seed-23-equality-original-native-encoding	equality	NA	sat	sat	sat	sat	sat
bitwidth-32-degree-14-seed-23-equality-reduced-native-encoding	equality	NA	sat	sat	sat	sat	sat
bitwidth-32-degree-14-seed-23-bounding-original-subpolynomial-encoding	bounding	NA				sat	sat
bitwidth-32-degree-14-seed-23-bounding-reduced-subpolynomial-encoding	bounding	NA				sat	sat
bitwidth-32-degree-14-seed-23-identity-point-original-native-encoding	identity-point	NA	unsat	unsat	unsat	unsat	unsat
bitwidth-32-degree-14-seed-23-equality-original-subpolynomial-encoding	equality	NA				sat	sat
bitwidth-32-degree-14-seed-23-correctness-original-subpolynomial-encoding-vs-reduced-subpolynomial-encoding	correctness	unsat					
bitwidth-32-degree-14-seed-23-identity-point-reduced-native-encoding	identity-point	NA	unsat	unsat	unsat	unsat	unsat
bitwidth-32-degree-14-seed-23-equality-reduced-subpolynomial-encoding	equality	NA				sat	sat
bitwidth-32-degree-14-seed-23-correctness-original-native-encoding-vs-original-subpolynomial-encoding	correctness	unsat					
bitwidth-32-degree-14-seed-23-multiplication-original-subpolynomial-encoding	multiplication	unsat					
bitwidth-32-degree-14-seed-23-correctness-original-native-encoding-vs-reduced-subpolynomial-encoding	correctness	unsat					
bitwidth-32-degree-14-seed-23-multiplication-reduced-subpolynomial-encoding	multiplication	unsat					
bitwidth-32-degree-14-seed-23-nonequality-original-native-encoding	nonequality	NA	sat	sat		sat	sat
bitwidth-32-degree-14-seed-23-root-finding-original-native-encoding	root-finding	NA	sat	sat	sat	sat	sat
bitwidth-32-degree-14-seed-23-correctness-reduced-native-encoding-vs-original-subpolynomial-encoding	correctness	unsat					
bitwidth-32-degree-14-seed-23-identity-point-original-subpolynomial-encoding	identity-point	NA				unsat	unsat
bitwidth-32-degree-14-seed-23-correctness-reduced-native-encoding-vs-reduced-subpolynomial-encoding	correctness	unsat					
bitwidth-32-degree-14-seed-23-multiplication-original-native-encoding	multiplication	unsat			unsat	unsat	
bitwidth-32-degree-14-seed-23-identity-point-reduced-subpolynomial-encoding	identity-point	NA				unsat	unsat
bitwidth-32-degree-14-seed-23-root-finding-reduced-native-encoding	root-finding	NA	sat	sat	sat	sat	sat
bitwidth-32-degree-14-seed-23-nonequality-original-subpolynomial-encoding	nonequality	NA				sat	sat
bitwidth-32-degree-14-seed-23-nonequality-reduced-native-encoding	nonequality	NA	sat	sat		sat	sat
bitwidth-32-degree-15-seed-23-bounding-original-native-encoding	bounding	NA	sat	sat	sat	sat	sat
bitwidth-32-degree-14-seed-23-nonequality-reduced-subpolynomial-encoding	nonequality	NA				sat	sat
bitwidth-32-degree-15-seed-23-bounding-reduced-native-encoding	bounding	NA	sat	sat	sat	sat	sat
bitwidth-32-degree-14-seed-23-multiplication-reduced-native-encoding	multiplication	unsat			unsat		
bitwidth-32-degree-15-seed-23-addition-original-native-encoding	addition	unsat			unsat	unsat	unsat
bitwidth-32-degree-15-seed-23-addition-reduced-native-encoding	addition	unsat			unsat	unsat	unsat
bitwidth-32-degree-15-seed-23-addition-original-subpolynomial-encoding	addition	unsat					
bitwidth-32-degree-15-seed-23-addition-reduced-subpolynomial-encoding	addition	unsat					
bitwidth-32-degree-14-seed-23-root-finding-original-subpolynomial-encoding	root-finding	NA				sat	sat
bitwidth-32-degree-14-seed-23-root-finding-reduced-subpolynomial-encoding	root-finding	NA				sat	sat
bitwidth-32-degree-15-seed-23-correctness-original-native-encoding-vs-reduced-native-encoding	correctness	unsat			unsat	unsat	unsat
bitwidth-32-degree-15-seed-23-equality-original-native-encoding	equality	NA	unsat	unsat	unsat	unsat	unsat
bitwidth-32-degree-15-seed-23-equality-reduced-native-encoding	equality	NA	unsat	unsat	unsat	unsat	unsat
bitwidth-32-degree-15-seed-23-bounding-original-subpolynomial-encoding	bounding	NA				sat	sat
bitwidth-32-degree-15-seed-23-bounding-reduced-subpolynomial-encoding	bounding	NA				sat	sat
bitwidth-32-degree-15-seed-23-identity-point-original-native-encoding	identity-point	NA	unsat	unsat	unsat	unsat	unsat
bitwidth-32-degree-15-seed-23-correctness-original-subpolynomial-encoding-vs-reduced-subpolynomial-encoding	correctness	unsat					
bitwidth-32-degree-15-seed-23-equality-original-subpolynomial-encoding	equality	NA				unsat	unsat
bitwidth-32-degree-15-seed-23-identity-point-reduced-native-encoding	identity-point	NA	unsat	unsat	unsat	unsat	unsat
bitwidth-32-degree-15-seed-23-equality-reduced-subpolynomial-encoding	equality	NA				unsat	unsat
bitwidth-32-degree-15-seed-23-correctness-original-native-encoding-vs-original-subpolynomial-encoding	correctness	unsat					
bitwidth-32-degree-15-seed-23-multiplication-original-subpolynomial-encoding	multiplication	unsat					
bitwidth-32-degree-15-seed-23-correctness-original-native-encoding-vs-reduced-subpolynomial-encoding	correctness	unsat					
bitwidth-32-degree-15-seed-23-nonequality-original-native-encoding	nonequality	NA	sat	sat		sat	sat
bitwidth-32-degree-15-seed-23-multiplication-reduced-subpolynomial-encoding	multiplication	unsat					
bitwidth-32-degree-15-seed-23-correctness-reduced-native-encoding-vs-original-subpolynomial-encoding	correctness	unsat					
bitwidth-32-degree-15-seed-23-identity-point-original-subpolynomial-encoding	identity-point	NA				unsat	unsat
bitwidth-32-degree-15-seed-23-correctness-reduced-native-encoding-vs-reduced-subpolynomial-encoding	correctness	unsat					
bitwidth-32-degree-15-seed-23-root-finding-original-native-encoding	root-finding	NA	sat	sat	sat	sat	sat
bitwidth-32-degree-15-seed-23-identity-point-reduced-subpolynomial-encoding	identity-point	NA				unsat	unsat
bitwidth-32-degree-15-seed-23-root-finding-reduced-native-encoding	root-finding	NA	sat	sat	sat	sat	sat
bitwidth-32-degree-15-seed-23-multiplication-original-native-encoding	multiplication	unsat			unsat	unsat	
bitwidth-32-degree-15-seed-23-nonequality-reduced-native-encoding	nonequality	NA	sat	sat		sat	sat
bitwidth-32-degree-15-seed-23-nonequality-original-subpolynomial-encoding	nonequality	NA				sat	sat
bitwidth-32-degree-16-seed-23-bounding-original-native-encoding	bounding	NA	sat	sat	sat	sat	sat
bitwidth-32-degree-15-seed-23-nonequality-reduced-subpolynomial-encoding	nonequality	NA				sat	sat
bitwidth-32-degree-16-seed-23-bounding-reduced-native-encoding	bounding	NA	sat	sat	sat	sat	sat
bitwidth-32-degree-15-seed-23-multiplication-reduced-native-encoding	multiplication	unsat			unsat		
bitwidth-32-degree-16-seed-23-addition-original-native-encoding	addition	unsat			unsat	unsat	unsat
bitwidth-32-degree-16-seed-23-addition-reduced-native-encoding	addition	unsat			unsat	unsat	unsat
bitwidth-32-degree-16-seed-23-addition-original-subpolynomial-encoding	addition	unsat					
bitwidth-32-degree-16-seed-23-addition-reduced-subpolynomial-encoding	addition	unsat					
bitwidth-32-degree-15-seed-23-root-finding-original-subpolynomial-encoding	root-finding	NA				sat	sat
bitwidth-32-degree-15-seed-23-root-finding-reduced-subpolynomial-encoding	root-finding	NA				sat	sat
bitwidth-32-degree-16-seed-23-correctness-original-native-encoding-vs-reduced-native-encoding	correctness	unsat			unsat	unsat	unsat
bitwidth-32-degree-16-seed-23-bounding-original-subpolynomial-encoding	bounding	NA				sat	sat
bitwidth-32-degree-16-seed-23-bounding-reduced-subpolynomial-encoding	bounding	NA				sat	sat
bitwidth-32-degree-16-seed-23-equality-original-native-encoding	equality	NA	unsat	unsat	unsat	unsat	unsat
bitwidth-32-degree-16-seed-23-correctness-original-subpolynomial-encoding-vs-reduced-subpolynomial-encoding	correctness	unsat					
bitwidth-32-degree-16-seed-23-equality-original-subpolynomial-encoding	equality	NA				unsat	unsat
bitwidth-32-degree-16-seed-23-equality-reduced-native-encoding	equality	NA	unsat	unsat	unsat	unsat	unsat
bitwidth-32-degree-16-seed-23-equality-reduced-subpolynomial-encoding	equality	NA				unsat	unsat
bitwidth-32-degree-16-seed-23-correctness-original-native-encoding-vs-original-subpolynomial-encoding	correctness	unsat					
bitwidth-32-degree-16-seed-23-identity-point-original-native-encoding	identity-point	NA	unsat	unsat	unsat	unsat	unsat
bitwidth-32-degree-16-seed-23-correctness-original-native-encoding-vs-reduced-subpolynomial-encoding	correctness	unsat					
bitwidth-32-degree-16-seed-23-identity-point-reduced-native-encoding	identity-point	NA	unsat	unsat	unsat	unsat	unsat
bitwidth-32-degree-16-seed-23-correctness-reduced-native-encoding-vs-original-subpolynomial-encoding	correctness	unsat					
bitwidth-32-degree-16-seed-23-correctness-reduced-native-encoding-vs-reduced-subpolynomial-encoding	correctness	unsat					
bitwidth-32-degree-16-seed-23-multiplication-original-subpolynomial-encoding	multiplication	unsat					
bitwidth-32-degree-16-seed-23-identity-point-original-subpolynomial-encoding	identity-point	NA				unsat	unsat
bitwidth-32-degree-16-seed-23-root-finding-original-native-encoding	root-finding	NA	sat	sat	sat	sat	sat
bitwidth-32-degree-16-seed-23-identity-point-reduced-subpolynomial-encoding	identity-point	NA				unsat	unsat
bitwidth-32-degree-16-seed-23-nonequality-original-native-encoding	nonequality	NA	sat	sat		sat	sat
bitwidth-32-degree-16-seed-23-nonequality-original-subpolynomial-encoding	nonequality	NA				sat	sat
bitwidth-32-degree-16-seed-23-root-finding-reduced-native-encoding	root-finding	NA	sat	sat	sat	sat	sat
bitwidth-32-degree-16-seed-23-multiplication-original-native-encoding	multiplication	unsat			unsat	unsat	
bitwidth-32-degree-16-seed-23-nonequality-reduced-native-encoding	nonequality	NA	sat	sat		sat	sat
bitwidth-32-degree-16-seed-23-nonequality-reduced-subpolynomial-encoding	nonequality	NA				sat	sat
bitwidth-32-degree-17-seed-23-bounding-original-native-encoding	bounding	NA	sat	sat	sat	sat	sat
bitwidth-32-degree-16-seed-23-multiplication-reduced-subpolynomial-encoding	multiplication	unsat					
bitwidth-32-degree-17-seed-23-bounding-reduced-native-encoding	bounding	NA	sat	sat	sat	sat	sat
bitwidth-32-degree-16-seed-23-multiplication-reduced-native-encoding	multiplication	unsat			unsat		
bitwidth-32-degree-17-seed-23-addition-original-native-encoding	addition	unsat			unsat	unsat	unsat
bitwidth-32-degree-17-seed-23-addition-reduced-native-encoding	addition	unsat			unsat	unsat	unsat
bitwidth-32-degree-17-seed-23-addition-original-subpolynomial-encoding	addition	unsat					
bitwidth-32-degree-17-seed-23-addition-reduced-subpolynomial-encoding	addition	unsat					
bitwidth-32-degree-16-seed-23-root-finding-original-subpolynomial-encoding	root-finding	NA				sat	sat
bitwidth-32-degree-16-seed-23-root-finding-reduced-subpolynomial-encoding	root-finding	NA				sat	sat
bitwidth-32-degree-17-seed-23-equality-original-native-encoding	equality	NA	unsat	unsat	unsat	unsat	unsat
bitwidth-32-degree-17-seed-23-bounding-original-subpolynomial-encoding	bounding	NA				sat	sat
bitwidth-32-degree-17-seed-23-equality-reduced-native-encoding	equality	NA	unsat	unsat	unsat	unsat	unsat
bitwidth-32-degree-17-seed-23-bounding-reduced-subpolynomial-encoding	bounding	NA				sat	sat
bitwidth-32-degree-17-seed-23-correctness-original-subpolynomial-encoding-vs-reduced-subpolynomial-encoding	correctness	unsat					
bitwidth-32-degree-17-seed-23-identity-point-original-native-encoding	identity-point	NA	unsat	unsat	unsat	unsat	unsat
bitwidth-32-degree-17-seed-23-equality-original-subpolynomial-encoding	equality	NA				unsat	unsat
bitwidth-32-degree-17-seed-23-correctness-original-native-encoding-vs-reduced-native-encoding	correctness	unsat			unsat	unsat	
bitwidth-32-degree-17-seed-23-equality-reduced-subpolynomial-encoding	equality	NA				unsat	unsat
bitwidth-32-degree-17-seed-23-identity-point-reduced-native-encoding	identity-point	NA	unsat	unsat	unsat	unsat	unsat
bitwidth-32-degree-17-seed-23-correctness-original-native-encoding-vs-original-subpolynomial-encoding	correctness	unsat					
bitwidth-32-degree-17-seed-23-correctness-original-native-encoding-vs-reduced-subpolynomial-encoding	correctness	unsat					
bitwidth-32-degree-17-seed-23-nonequality-original-native-encoding	nonequality	NA	sat	sat		sat	sat
bitwidth-32-degree-17-seed-23-correctness-reduced-native-encoding-vs-original-subpolynomial-encoding	correctness	unsat					
bitwidth-32-degree-17-seed-23-identity-point-original-subpolynomial-encoding	identity-point	NA				unsat	unsat
bitwidth-32-degree-17-seed-23-correctness-reduced-native-encoding-vs-reduced-subpolynomial-encoding	correctness	unsat					
bitwidth-32-degree-17-seed-23-multiplication-original-subpolynomial-encoding	multiplication	unsat					
bitwidth-32-degree-17-seed-23-root-finding-original-native-encoding	root-finding	NA	sat	sat	sat	sat	sat
bitwidth-32-degree-17-seed-23-multiplication-reduced-subpolynomial-encoding	multiplication	unsat					
bitwidth-32-degree-17-seed-23-multiplication-original-native-encoding	multiplication	unsat			unsat	unsat	
bitwidth-32-degree-17-seed-23-root-finding-reduced-native-encoding	root-finding	NA	sat	sat	sat	sat	sat
bitwidth-32-degree-17-seed-23-identity-point-reduced-subpolynomial-encoding	identity-point	NA				unsat	unsat
bitwidth-32-degree-17-seed-23-nonequality-original-subpolynomial-encoding	nonequality	NA				sat	sat
bitwidth-32-degree-17-seed-23-nonequality-reduced-native-encoding	nonequality	NA	sat	sat		sat	sat
bitwidth-32-degree-18-seed-23-bounding-original-native-encoding	bounding	NA	sat	sat	sat	sat	sat
bitwidth-32-degree-17-seed-23-nonequality-reduced-subpolynomial-encoding	nonequality	NA				sat	sat
bitwidth-32-degree-18-seed-23-bounding-reduced-native-encoding	bounding	NA	sat	sat	sat	sat	sat
bitwidth-32-degree-17-seed-23-multiplication-reduced-native-encoding	multiplication	unsat			unsat		
bitwidth-32-degree-18-seed-23-addition-original-native-encoding	addition	unsat			unsat	unsat	unsat
bitwidth-32-degree-18-seed-23-addition-original-subpolynomial-encoding	addition	unsat					
bitwidth-32-degree-18-seed-23-addition-reduced-subpolynomial-encoding	addition	unsat					
bitwidth-32-degree-17-seed-23-root-finding-original-subpolynomial-encoding	root-finding	NA				sat	sat
bitwidth-32-degree-17-seed-23-root-finding-reduced-subpolynomial-encoding	root-finding	NA				sat	sat
bitwidth-32-degree-18-seed-23-addition-reduced-native-encoding	addition	unsat			unsat	unsat	
bitwidth-32-degree-18-seed-23-bounding-original-subpolynomial-encoding	bounding	NA				sat	sat
bitwidth-32-degree-18-seed-23-equality-original-native-encoding	equality	NA	sat	sat	sat	sat	sat
bitwidth-32-degree-18-seed-23-bounding-reduced-subpolynomial-encoding	bounding	NA				sat	sat
bitwidth-32-degree-18-seed-23-equality-reduced-native-encoding	equality	NA	sat	sat	sat	sat	sat
bitwidth-32-degree-18-seed-23-identity-point-original-native-encoding	identity-point	NA	sat	sat	sat	sat	sat
bitwidth-32-degree-18-seed-23-correctness-original-subpolynomial-encoding-vs-reduced-subpolynomial-encoding	correctness	unsat					
bitwidth-32-degree-18-seed-23-equality-original-subpolynomial-encoding	equality	NA				sat	
bitwidth-32-degree-18-seed-23-identity-point-reduced-native-encoding	identity-point	NA	sat	sat	sat	sat	sat
bitwidth-32-degree-18-seed-23-correctness-original-native-encoding-vs-reduced-native-encoding	correctness	unsat			unsat	unsat	
bitwidth-32-degree-18-seed-23-equality-reduced-subpolynomial-encoding	equality	NA				sat	
bitwidth-32-degree-18-seed-23-correctness-original-native-encoding-vs-original-subpolynomial-encoding	correctness	unsat					
bitwidth-32-degree-18-seed-23-correctness-original-native-encoding-vs-reduced-subpolynomial-encoding	correctness	unsat					
bitwidth-32-degree-18-seed-23-nonequality-original-native-encoding	nonequality	NA	sat	sat		sat	sat
bitwidth-32-degree-18-seed-23-multiplication-original-subpolynomial-encoding	multiplication	unsat					
bitwidth-32-degree-18-seed-23-correctness-reduced-native-encoding-vs-original-subpolynomial-encoding	correctness	unsat					
bitwidth-32-degree-18-seed-23-multiplication-reduced-subpolynomial-encoding	multiplication	unsat					
bitwidth-32-degree-18-seed-23-correctness-reduced-native-encoding-vs-reduced-subpolynomial-encoding	correctness	unsat					
bitwidth-32-degree-18-seed-23-root-finding-original-native-encoding	root-finding	NA	sat	sat	sat	sat	sat
bitwidth-32-degree-18-seed-23-identity-point-original-subpolynomial-encoding	identity-point	NA				sat	sat
bitwidth-32-degree-18-seed-23-root-finding-reduced-native-encoding	root-finding	NA	sat	sat	sat	sat	sat
bitwidth-32-degree-18-seed-23-identity-point-reduced-subpolynomial-encoding	identity-point	NA				sat	sat
bitwidth-32-degree-18-seed-23-nonequality-original-subpolynomial-encoding	nonequality	NA				sat	
bitwidth-32-degree-18-seed-23-multiplication-original-native-encoding	multiplication	unsat			unsat	unsat	
bitwidth-32-degree-19-seed-23-bounding-original-native-encoding	bounding	NA	sat	sat	sat	sat	sat
bitwidth-32-degree-18-seed-23-nonequality-reduced-native-encoding	nonequality	NA	sat	sat		sat	sat
bitwidth-32-degree-18-seed-23-nonequality-reduced-subpolynomial-encoding	nonequality	NA				sat	
bitwidth-32-degree-19-seed-23-bounding-reduced-native-encoding	bounding	NA	sat	sat	sat	sat	sat
bitwidth-32-degree-18-seed-23-multiplication-reduced-native-encoding	multiplication	unsat			unsat		
bitwidth-32-degree-19-seed-23-addition-original-native-encoding	addition	unsat			unsat	unsat	unsat
bitwidth-32-degree-19-seed-23-addition-original-subpolynomial-encoding	addition	unsat					
bitwidth-32-degree-19-seed-23-addition-reduced-subpolynomial-encoding	addition	unsat					
bitwidth-32-degree-18-seed-23-root-finding-original-subpolynomial-encoding	root-finding	NA				sat	sat
bitwidth-32-degree-18-seed-23-root-finding-reduced-subpolynomial-encoding	root-finding	NA				sat	sat
bitwidth-32-degree-19-seed-23-correctness-original-native-encoding-vs-reduced-native-encoding	correctness	unsat			unsat	unsat	unsat
bitwidth-32-degree-19-seed-23-bounding-original-subpolynomial-encoding	bounding	NA				sat	sat
bitwidth-32-degree-19-seed-23-addition-reduced-native-encoding	addition	unsat			unsat		
bitwidth-32-degree-19-seed-23-bounding-reduced-subpolynomial-encoding	bounding	NA				sat	sat
bitwidth-32-degree-19-seed-23-identity-point-original-native-encoding	identity-point	NA	sat	sat	sat	sat	sat
bitwidth-32-degree-19-seed-23-correctness-original-subpolynomial-encoding-vs-reduced-subpolynomial-encoding	correctness	unsat				unsat	
bitwidth-32-degree-19-seed-23-identity-point-reduced-native-encoding	identity-point	NA	sat	sat	sat	sat	sat
bitwidth-32-degree-19-seed-23-equality-original-subpolynomial-encoding	equality	NA				sat	
bitwidth-32-degree-19-seed-23-equality-reduced-subpolynomial-encoding	equality	NA				sat	
bitwidth-32-degree-19-seed-23-correctness-original-native-encoding-vs-original-subpolynomial-encoding	correctness	unsat					
bitwidth-32-degree-19-seed-23-equality-original-native-encoding	equality	NA				sat	sat
bitwidth-32-degree-19-seed-23-correctness-original-native-encoding-vs-reduced-subpolynomial-encoding	correctness	unsat					
bitwidth-32-degree-19-seed-23-equality-reduced-native-encoding	equality	NA				sat	sat
bitwidth-32-degree-19-seed-23-correctness-reduced-native-encoding-vs-original-subpolynomial-encoding	correctness	unsat					
bitwidth-32-degree-19-seed-23-correctness-reduced-native-encoding-vs-reduced-subpolynomial-encoding	correctness	unsat					
bitwidth-32-degree-19-seed-23-multiplication-original-subpolynomial-encoding	multiplication	unsat					
bitwidth-32-degree-19-seed-23-identity-point-original-subpolynomial-encoding	identity-point	NA				sat	sat
bitwidth-32-degree-19-seed-23-nonequality-original-native-encoding	nonequality	NA	sat	sat		sat	sat
bitwidth-32-degree-19-seed-23-root-finding-original-native-encoding	root-finding	NA	sat	sat	sat	sat	sat
bitwidth-32-degree-19-seed-23-multiplication-reduced-subpolynomial-encoding	multiplication	unsat					
bitwidth-32-degree-19-seed-23-nonequality-original-subpolynomial-encoding	nonequality	NA				sat	
bitwidth-32-degree-19-seed-23-root-finding-reduced-native-encoding	root-finding	NA	sat	sat	sat	sat	sat
bitwidth-32-degree-19-seed-23-identity-point-reduced-subpolynomial-encoding	identity-point	NA				sat	sat
bitwidth-32-degree-19-seed-23-nonequality-reduced-native-encoding	nonequality	NA	sat	sat		sat	sat
bitwidth-32-degree-2-seed-23-bounding-original-native-encoding	bounding	NA	sat	sat	sat	sat	sat
bitwidth-32-degree-19-seed-23-multiplication-original-native-encoding	multiplication	unsat			unsat	unsat	
bitwidth-32-degree-2-seed-23-bounding-reduced-native-encoding	bounding	NA	sat	sat	sat	sat	sat
bitwidth-32-degree-2-seed-23-bounding-original-subpolynomial-encoding	bounding	NA	sat	sat	sat	sat	sat
bitwidth-32-degree-2-seed-23-bounding-reduced-subpolynomial-encoding	bounding	NA	sat	sat	sat	sat	sat
bitwidth-32-degree-2-seed-23-correctness-original-native-encoding-vs-reduced-native-encoding	correctness	unsat	unsat	unsat	unsat	unsat	unsat
bitwidth-32-degree-19-seed-23-nonequality-reduced-subpolynomial-encoding	nonequality	NA				sat	
bitwidth-32-degree-2-seed-23-correctness-original-subpolynomial-encoding-vs-reduced-subpolynomial-encoding	correctness	unsat	unsat	unsat	unsat	unsat	unsat
bitwidth-32-degree-19-seed-23-multiplication-reduced-native-encoding	multiplication	unsat			unsat		
bitwidth-32-degree-2-seed-23-addition-original-native-encoding	addition	unsat			unsat	unsat	unsat
bitwidth-32-degree-2-seed-23-equality-original-native-encoding	equality	NA	unsat	unsat	unsat	unsat	unsat
bitwidth-32-degree-2-seed-23-addition-reduced-native-encoding	addition	unsat			unsat	unsat	unsat
bitwidth-32-degree-2-seed-23-equality-reduced-native-encoding	equality	NA	unsat	unsat	unsat	unsat	unsat
bitwidth-32-degree-19-seed-23-root-finding-original-subpolynomial-encoding	root-finding	NA				sat	sat
bitwidth-32-degree-2-seed-23-identity-point-original-native-encoding	identity-point	NA	sat	sat	sat	sat	sat
bitwidth-32-degree-19-seed-23-root-finding-reduced-subpolynomial-encoding	root-finding	NA				sat	sat
bitwidth-32-degree-2-seed-23-identity-point-reduced-native-encoding	identity-point	NA	sat	sat	sat	sat	sat
bitwidth-32-degree-2-seed-23-identity-point-original-subpolynomial-encoding	identity-point	NA	sat	sat	sat	sat	sat
bitwidth-32-degree-2-seed-23-equality-original-subpolynomial-encoding	equality	NA	unsat	unsat	unsat	unsat	unsat
bitwidth-32-degree-2-seed-23-identity-point-reduced-subpolynomial-encoding	identity-point	NA	sat	sat	sat	sat	sat
bitwidth-32-degree-2-seed-23-equality-reduced-subpolynomial-encoding	equality	NA	unsat	unsat	unsat	unsat	unsat
bitwidth-32-degree-2-seed-23-addition-original-subpolynomial-encoding	addition	unsat					
bitwidth-32-degree-2-seed-23-nonequality-original-native-encoding	nonequality	NA	sat	sat	sat	sat	sat
bitwidth-32-degree-2-seed-23-addition-reduced-subpolynomial-encoding	addition	unsat					
bitwidth-32-degree-2-seed-23-nonequality-reduced-native-encoding	nonequality	NA	sat	sat	sat	sat	sat
bitwidth-32-degree-2-seed-23-correctness-original-native-encoding-vs-original-subpolynomial-encoding	correctness	unsat					
bitwidth-32-degree-2-seed-23-root-finding-original-native-encoding	root-finding	NA	sat	sat	sat	sat	sat
bitwidth-32-degree-2-seed-23-correctness-original-native-encoding-vs-reduced-subpolynomial-encoding	correctness	unsat					
bitwidth-32-degree-2-seed-23-root-finding-reduced-native-encoding	root-finding	NA	sat	sat	sat	sat	sat
bitwidth-32-degree-2-seed-23-root-finding-original-subpolynomial-encoding	root-finding	NA	sat	sat	sat	sat	sat
bitwidth-32-degree-2-seed-23-root-finding-reduced-subpolynomial-encoding	root-finding	NA	sat	sat	sat	sat	sat
bitwidth-32-degree-2-seed-23-correctness-reduced-native-encoding-vs-original-subpolynomial-encoding	correctness	unsat					
bitwidth-32-degree-2-seed-23-correctness-reduced-native-encoding-vs-reduced-subpolynomial-encoding	correctness	unsat					
bitwidth-32-degree-2-seed-23-multiplication-original-native-encoding	multiplication	unsat			unsat	unsat	
bitwidth-32-degree-2-seed-23-multiplication-reduced-native-encoding	multiplication	unsat			unsat	unsat	
bitwidth-32-degree-2-seed-23-nonequality-original-subpolynomial-encoding	nonequality	NA	sat	sat	sat	sat	sat
bitwidth-32-degree-2-seed-23-nonequality-reduced-subpolynomial-encoding	nonequality	NA	sat	sat	sat	sat	sat
bitwidth-32-degree-20-seed-23-bounding-original-native-encoding	bounding	NA	sat	sat	sat	sat	sat
bitwidth-32-degree-20-seed-23-bounding-reduced-native-encoding	bounding	NA	sat	sat	sat	sat	sat
bitwidth-32-degree-20-seed-23-addition-original-native-encoding	addition	unsat			unsat	unsat	unsat
bitwidth-32-degree-20-seed-23-addition-original-subpolynomial-encoding	addition	unsat					
bitwidth-32-degree-2-seed-23-multiplication-original-subpolynomial-encoding	multiplication	unsat					
bitwidth-32-degree-20-seed-23-addition-reduced-subpolynomial-encoding	addition	unsat					
bitwidth-32-degree-2-seed-23-multiplication-reduced-subpolynomial-encoding	multiplication	unsat					
bitwidth-32-degree-20-seed-23-addition-reduced-native-encoding	addition	unsat			unsat		
bitwidth-32-degree-20-seed-23-correctness-original-subpolynomial-encoding-vs-reduced-subpolynomial-encoding	correctness	unsat					
bitwidth-32-degree-20-seed-23-bounding-original-subpolynomial-encoding	bounding	NA				sat	sat
bitwidth-32-degree-20-seed-23-bounding-reduced-subpolynomial-encoding	bounding	NA				sat	sat
bitwidth-32-degree-20-seed-23-identity-point-original-native-encoding	identity-point	NA	sat	sat	sat	sat	sat
bitwidth-32-degree-20-seed-23-correctness-original-native-encoding-vs-reduced-native-encoding	correctness	unsat			unsat		
bitwidth-32-degree-20-seed-23-equality-original-subpolynomial-encoding	equality	NA				sat	
bitwidth-32-degree-20-seed-23-identity-point-reduced-native-encoding	identity-point	NA	sat	sat	sat	sat	sat
bitwidth-32-degree-20-seed-23-equality-reduced-subpolynomial-encoding	equality	NA				sat	
bitwidth-32-degree-20-seed-23-correctness-original-native-encoding-vs-original-subpolynomial-encoding	correctness	unsat					
bitwidth-32-degree-20-seed-23-equality-original-native-encoding	equality	NA				sat	sat
bitwidth-32-degree-20-seed-23-correctness-original-native-encoding-vs-reduced-subpolynomial-encoding	correctness	unsat					
bitwidth-32-degree-20-seed-23-equality-reduced-native-encoding	equality	NA				sat	sat
bitwidth-32-degree-20-seed-23-correctness-reduced-native-encoding-vs-original-subpolynomial-encoding	correctness	unsat					
bitwidth-32-degree-20-seed-23-correctness-reduced-native-encoding-vs-reduced-subpolynomial-encoding	correctness	unsat					
bitwidth-32-degree-20-seed-23-multiplication-original-subpolynomial-encoding	multiplication	unsat					
bitwidth-32-degree-20-seed-23-nonequality-original-native-encoding	nonequality	NA	sat	sat		sat	sat
bitwidth-32-degree-20-seed-23-multiplication-reduced-subpolynomial-encoding	multiplication	unsat					
bitwidth-32-degree-20-seed-23-root-finding-original-native-encoding	root-finding	NA	sat	sat	sat	sat	sat
bitwidth-32-degree-20-seed-23-root-finding-reduced-native-encoding	root-finding	NA	sat	sat	sat	sat	sat
bitwidth-32-degree-20-seed-23-nonequality-original-subpolynomial-encoding	nonequality	NA				sat	
bitwidth-32-degree-20-seed-23-identity-point-original-subpolynomial-encoding	identity-point	NA				sat	sat
bitwidth-32-degree-20-seed-23-nonequality-reduced-native-encoding	nonequality	NA	sat	sat		sat	sat
bitwidth-32-degree-20-seed-23-nonequality-reduced-subpolynomial-encoding	nonequality	NA				sat	
bitwidth-32-degree-20-seed-23-multiplication-original-native-encoding	multiplication	unsat			unsat	unsat	
bitwidth-32-degree-20-seed-23-identity-point-reduced-subpolynomial-encoding	identity-point	NA				sat	sat
bitwidth-32-degree-21-seed-23-bounding-original-native-encoding	bounding	NA	sat	sat	sat	sat	sat
bitwidth-32-degree-21-seed-23-bounding-reduced-native-encoding	bounding	NA	sat	sat	sat	sat	sat
bitwidth-32-degree-20-seed-23-multiplication-reduced-native-encoding	multiplication	unsat			unsat		
bitwidth-32-degree-21-seed-23-addition-original-native-encoding	addition	unsat			unsat	unsat	unsat
bitwidth-32-degree-21-seed-23-addition-original-subpolynomial-encoding	addition	unsat					
bitwidth-32-degree-21-seed-23-addition-reduced-subpolynomial-encoding	addition	unsat					
bitwidth-32-degree-20-seed-23-root-finding-original-subpolynomial-encoding	root-finding	NA				sat	sat
bitwidth-32-degree-20-seed-23-root-finding-reduced-subpolynomial-encoding	root-finding	NA				sat	sat
bitwidth-32-degree-21-seed-23-bounding-original-subpolynomial-encoding	bounding	NA				sat	sat
bitwidth-32-degree-21-seed-23-addition-reduced-native-encoding	addition	unsat			unsat		
bitwidth-32-degree-21-seed-23-bounding-reduced-subpolynomial-encoding	bounding	NA				sat	sat
bitwidth-32-degree-21-seed-23-equality-original-native-encoding	equality	NA	sat	sat	sat	sat	sat
bitwidth-32-degree-21-seed-23-correctness-original-subpolynomial-encoding-vs-reduced-subpolynomial-encoding	correctness	unsat					
bitwidth-32-degree-21-seed-23-equality-reduced-native-encoding	equality	NA	sat	sat	sat	sat	sat
bitwidth-32-degree-21-seed-23-correctness-original-native-encoding-vs-reduced-native-encoding	correctness	unsat			unsat		
bitwidth-32-degree-21-seed-23-equality-original-subpolynomial-encoding	equality	NA				sat	
bitwidth-32-degree-21-seed-23-identity-point-original-native-encoding	identity-point	NA	unsat	unsat	unsat	unsat	unsat
bitwidth-32-degree-21-seed-23-correctness-original-native-encoding-vs-original-subpolynomial-encoding	correctness	unsat					
bitwidth-32-degree-21-seed-23-equality-reduced-subpolynomial-encoding	equality	NA				sat	
bitwidth-32-degree-21-seed-23-identity-point-reduced-native-encoding	identity-point	NA	unsat	unsat	unsat	unsat	unsat
bitwidth-32-degree-21-seed-23-correctness-original-native-encoding-vs-reduced-subpolynomial-encoding	correctness	unsat					
bitwidth-32-degree-21-seed-23-correctness-reduced-native-encoding-vs-original-subpolynomial-encoding	correctness	unsat					
bitwidth-32-degree-21-seed-23-multiplication-original-subpolynomial-encoding	multiplication	unsat					
bitwidth-32-degree-21-seed-23-nonequality-original-native-encoding	nonequality	NA	sat	sat		sat	sat
bitwidth-32-degree-21-seed-23-correctness-reduced-native-encoding-vs-reduced-subpolynomial-encoding	correctness	unsat					
bitwidth-32-degree-21-seed-23-multiplication-reduced-subpolynomial-encoding	multiplication	unsat					
bitwidth-32-degree-21-seed-23-root-finding-original-native-encoding	root-finding	NA	sat	sat	sat	sat	sat
bitwidth-32-degree-21-seed-23-identity-point-original-subpolynomial-encoding	identity-point	NA				unsat	unsat
bitwidth-32-degree-21-seed-23-nonequality-original-subpolynomial-encoding	nonequality	NA				sat	
bitwidth-32-degree-21-seed-23-root-finding-reduced-native-encoding	root-finding	NA	sat	sat	sat	sat	sat
bitwidth-32-degree-21-seed-23-multiplication-original-native-encoding	multiplication	unsat			unsat	unsat	
bitwidth-32-degree-21-seed-23-nonequality-reduced-native-encoding	nonequality	NA	sat	sat		sat	sat
bitwidth-32-degree-21-seed-23-identity-point-reduced-subpolynomial-encoding	identity-point	NA				unsat	unsat
bitwidth-32-degree-21-seed-23-nonequality-reduced-subpolynomial-encoding	nonequality	NA				sat	
bitwidth-32-degree-22-seed-23-bounding-original-native-encoding	bounding	NA	sat	sat	sat	sat	sat
bitwidth-32-degree-22-seed-23-bounding-reduced-native-encoding	bounding	NA	sat	sat	sat	sat	sat
bitwidth-32-degree-21-seed-23-multiplication-reduced-native-encoding	multiplication	unsat			unsat		
bitwidth-32-degree-22-seed-23-bounding-original-subpolynomial-encoding	bounding	NA				sat	sat
bitwidth-32-degree-22-seed-23-addition-original-native-encoding	addition	unsat			unsat	unsat	unsat
bitwidth-32-degree-22-seed-23-addition-original-subpolynomial-encoding	addition	unsat					
bitwidth-32-degree-22-seed-23-bounding-reduced-subpolynomial-encoding	bounding	NA				sat	sat
bitwidth-32-degree-22-seed-23-addition-reduced-subpolynomial-encoding	addition	unsat					
bitwidth-32-degree-21-seed-23-root-finding-original-subpolynomial-encoding	root-finding	NA				sat	sat
bitwidth-32-degree-22-seed-23-equality-original-native-encoding	equality	NA	unsat	unsat	unsat	unsat	unsat
bitwidth-32-degree-22-seed-23-correctness-original-native-encoding-vs-original-subpolynomial-encoding	correctness	unsat					
bitwidth-32-degree-21-seed-23-root-finding-reduced-subpolynomial-encoding	root-finding	NA				sat	sat
bitwidth-32-degree-22-seed-23-equality-reduced-native-encoding	equality	NA	unsat	unsat	unsat	unsat	unsat
bitwidth-32-degree-22-seed-23-correctness-original-native-encoding-vs-reduced-subpolynomial-encoding	correctness	unsat					
bitwidth-32-degree-22-seed-23-addition-reduced-native-encoding	addition	unsat			unsat		
bitwidth-32-degree-22-seed-23-equality-original-subpolynomial-encoding	equality	NA				unsat	
bitwidth-32-degree-22-seed-23-identity-point-original-native-encoding	identity-point	NA	unsat	unsat	unsat	unsat	unsat
bitwidth-32-degree-22-seed-23-correctness-original-subpolynomial-encoding-vs-reduced-subpolynomial-encoding	correctness	unsat					
bitwidth-32-degree-22-seed-23-correctness-reduced-native-encoding-vs-original-subpolynomial-encoding	correctness	unsat					
bitwidth-32-degree-22-seed-23-equality-reduced-subpolynomial-encoding	equality	NA				unsat	
bitwidth-32-degree-22-seed-23-correctness-reduced-native-encoding-vs-reduced-subpolynomial-encoding	correctness	unsat					
bitwidth-32-degree-22-seed-23-identity-point-original-subpolynomial-encoding	identity-point	NA				unsat	unsat
bitwidth-32-degree-22-seed-23-identity-point-reduced-native-encoding	identity-point	NA	unsat	unsat	unsat	unsat	unsat
bitwidth-32-degree-22-seed-23-correctness-original-native-encoding-vs-reduced-native-encoding	correctness	unsat			unsat		
bitwidth-32-degree-22-seed-23-identity-point-reduced-subpolynomial-encoding	identity-point	NA				unsat	unsat
bitwidth-32-degree-22-seed-23-root-finding-original-native-encoding	root-finding	NA	sat	sat	sat	sat	sat
bitwidth-32-degree-22-seed-23-root-finding-reduced-native-encoding	root-finding	NA	sat	sat	sat	sat	sat
bitwidth-32-degree-22-seed-23-nonequality-original-native-encoding	nonequality	NA	sat	sat		sat	sat
bitwidth-32-degree-22-seed-23-nonequality-original-subpolynomial-encoding	nonequality	NA				sat	
bitwidth-32-degree-22-seed-23-nonequality-reduced-native-encoding	nonequality	NA	sat	sat		sat	sat
bitwidth-32-degree-22-seed-23-multiplication-original-subpolynomial-encoding	multiplication	unsat					
bitwidth-32-degree-22-seed-23-nonequality-reduced-subpolynomial-encoding	nonequality	NA				sat	
bitwidth-32-degree-22-seed-23-root-finding-original-subpolynomial-encoding	root-finding	NA				sat	sat
bitwidth-32-degree-22-seed-23-multiplication-reduced-subpolynomial-encoding	multiplication	unsat					
bitwidth-32-degree-23-seed-23-bounding-original-native-encoding	bounding	NA	sat	sat	sat	sat	sat
bitwidth-32-degree-22-seed-23-root-finding-reduced-subpolynomial-encoding	root-finding	NA				sat	sat
bitwidth-32-degree-23-seed-23-bounding-reduced-native-encoding	bounding	NA	sat	sat	sat	sat	sat
bitwidth-32-degree-22-seed-23-multiplication-original-native-encoding	multiplication	unsat			unsat	unsat	
bitwidth-32-degree-23-seed-23-bounding-original-subpolynomial-encoding	bounding	NA				sat	sat
bitwidth-32-degree-23-seed-23-addition-original-native-encoding	addition	unsat			unsat	unsat	unsat
bitwidth-32-degree-22-seed-23-multiplication-reduced-native-encoding	multiplication	unsat			unsat		
bitwidth-32-degree-23-seed-23-addition-original-subpolynomial-encoding	addition	unsat					
bitwidth-32-degree-23-seed-23-bounding-reduced-subpolynomial-encoding	bounding	NA				sat	sat
bitwidth-32-degree-23-seed-23-addition-reduced-subpolynomial-encoding	addition	unsat					
bitwidth-32-degree-23-seed-23-equality-original-native-encoding	equality	NA	unsat	unsat	unsat	unsat	unsat
bitwidth-32-degree-23-seed-23-equality-reduced-native-encoding	equality	NA	unsat	unsat	unsat	unsat	unsat
bitwidth-32-degree-23-seed-23-correctness-original-native-encoding-vs-original-subpolynomial-encoding	correctness	unsat					
bitwidth-32-degree-23-seed-23-correctness-original-native-encoding-vs-reduced-subpolynomial-encoding	correctness	unsat					
bitwidth-32-degree-23-seed-23-identity-point-original-native-encoding	identity-point	NA	sat	sat	sat	sat	sat
bitwidth-32-degree-23-seed-23-equality-original-subpolynomial-encoding	equality	NA				unsat	
bitwidth-32-degree-23-seed-23-correctness-original-subpolynomial-encoding-vs-reduced-subpolynomial-encoding	correctness	unsat					
bitwidth-32-degree-23-seed-23-addition-reduced-native-encoding	addition	unsat			unsat		
bitwidth-32-degree-23-seed-23-identity-point-reduced-native-encoding	identity-point	NA	sat	sat	sat	sat	sat
bitwidth-32-degree-23-seed-23-equality-reduced-subpolynomial-encoding	equality	NA				unsat	
bitwidth-32-degree-23-seed-23-correctness-reduced-native-encoding-vs-original-subpolynomial-encoding	correctness	unsat					
bitwidth-32-degree-23-seed-23-correctness-reduced-native-encoding-vs-reduced-subpolynomial-encoding	correctness	unsat					
bitwidth-32-degree-23-seed-23-identity-point-original-subpolynomial-encoding	identity-point	NA				sat	sat
bitwidth-32-degree-23-seed-23-correctness-original-native-encoding-vs-reduced-native-encoding	correctness	unsat			unsat		
bitwidth-32-degree-23-seed-23-identity-point-reduced-subpolynomial-encoding	identity-point	NA				sat	
bitwidth-32-degree-23-seed-23-root-finding-original-native-encoding	root-finding	NA	sat	sat	sat	sat	sat
bitwidth-32-degree-23-seed-23-nonequality-original-native-encoding	nonequality	NA	sat	sat		sat	sat
bitwidth-32-degree-23-seed-23-root-finding-reduced-native-encoding	root-finding	NA	sat	sat	sat	sat	sat
bitwidth-32-degree-23-seed-23-nonequality-original-subpolynomial-encoding	nonequality	NA				sat	
bitwidth-32-degree-23-seed-23-nonequality-reduced-native-encoding	nonequality	NA	sat	sat		sat	sat
bitwidth-32-degree-23-seed-23-nonequality-reduced-subpolynomial-encoding	nonequality	NA				sat	
bitwidth-32-degree-23-seed-23-multiplication-original-subpolynomial-encoding	multiplication	unsat					
bitwidth-32-degree-23-seed-23-root-finding-original-subpolynomial-encoding	root-finding	NA				sat	
bitwidth-32-degree-23-seed-23-multiplication-reduced-subpolynomial-encoding	multiplication	unsat					
bitwidth-32-degree-23-seed-23-root-finding-reduced-subpolynomial-encoding	root-finding	NA				sat	
bitwidth-32-degree-24-seed-23-bounding-original-native-encoding	bounding	NA	sat	sat	sat	sat	sat
bitwidth-32-degree-24-seed-23-bounding-reduced-native-encoding	bounding	NA	sat	sat	sat	sat	sat
bitwidth-32-degree-23-seed-23-multiplication-original-native-encoding	multiplication	unsat			unsat	unsat	
bitwidth-32-degree-24-seed-23-bounding-original-subpolynomial-encoding	bounding	NA				sat	sat
bitwidth-32-degree-23-seed-23-multiplication-reduced-native-encoding	multiplication	unsat			unsat		
bitwidth-32-degree-24-seed-23-addition-original-subpolynomial-encoding	addition	unsat					
bitwidth-32-degree-24-seed-23-addition-original-native-encoding	addition	unsat			unsat	unsat	unsat
bitwidth-32-degree-24-seed-23-addition-reduced-subpolynomial-encoding	addition	unsat					
bitwidth-32-degree-24-seed-23-bounding-reduced-subpolynomial-encoding	bounding	NA				sat	sat
bitwidth-32-degree-24-seed-23-equality-original-native-encoding	equality	NA	sat	sat	sat	sat	sat
bitwidth-32-degree-24-seed-23-correctness-original-native-encoding-vs-original-subpolynomial-encoding	correctness	unsat					
bitwidth-32-degree-24-seed-23-equality-reduced-native-encoding	equality	NA	sat	sat	sat	sat	sat
bitwidth-32-degree-24-seed-23-correctness-original-native-encoding-vs-reduced-subpolynomial-encoding	correctness	unsat					
bitwidth-32-degree-24-seed-23-addition-reduced-native-encoding	addition	unsat			unsat		
bitwidth-32-degree-24-seed-23-correctness-original-subpolynomial-encoding-vs-reduced-subpolynomial-encoding	correctness	unsat					
bitwidth-32-degree-24-seed-23-equality-original-subpolynomial-encoding	equality	NA				sat	
bitwidth-32-degree-24-seed-23-correctness-reduced-native-encoding-vs-original-subpolynomial-encoding	correctness	unsat					
bitwidth-32-degree-24-seed-23-equality-reduced-subpolynomial-encoding	equality	NA				sat	
bitwidth-32-degree-24-seed-23-correctness-reduced-native-encoding-vs-reduced-subpolynomial-encoding	correctness	unsat					
bitwidth-32-degree-24-seed-23-identity-point-original-native-encoding	identity-point	NA	unsat	unsat	unsat	unsat	unsat
bitwidth-32-degree-24-seed-23-identity-point-reduced-native-encoding	identity-point	NA	unsat	unsat	unsat	unsat	unsat
bitwidth-32-degree-24-seed-23-identity-point-original-subpolynomial-encoding	identity-point	NA				unsat	
bitwidth-32-degree-24-seed-23-identity-point-reduced-subpolynomial-encoding	identity-point	NA				unsat	
bitwidth-32-degree-24-seed-23-correctness-original-native-encoding-vs-reduced-native-encoding	correctness	unsat					
bitwidth-32-degree-24-seed-23-root-finding-original-native-encoding	root-finding	NA	sat	sat	sat	sat	sat
bitwidth-32-degree-24-seed-23-nonequality-original-subpolynomial-encoding	nonequality	NA				sat	
bitwidth-32-degree-24-seed-23-nonequality-original-native-encoding	nonequality	NA	sat	sat		sat	sat
bitwidth-32-degree-24-seed-23-multiplication-original-subpolynomial-encoding	multiplication	unsat					
bitwidth-32-degree-24-seed-23-nonequality-reduced-native-encoding	nonequality	NA	sat	sat		sat	sat
bitwidth-32-degree-24-seed-23-nonequality-reduced-subpolynomial-encoding	nonequality	NA				sat	
bitwidth-32-degree-24-seed-23-root-finding-reduced-native-encoding	root-finding	NA	sat	sat	sat	sat	sat
bitwidth-32-degree-24-seed-23-root-finding-original-subpolynomial-encoding	root-finding	NA				sat	
bitwidth-32-degree-24-seed-23-multiplication-reduced-subpolynomial-encoding	multiplication	unsat					
bitwidth-32-degree-25-seed-23-bounding-original-native-encoding	bounding	NA	sat	sat	sat	sat	sat
bitwidth-32-degree-24-seed-23-multiplication-original-native-encoding	multiplication	unsat			unsat	unsat	
bitwidth-32-degree-25-seed-23-bounding-reduced-native-encoding	bounding	NA	sat	sat	sat	sat	sat
bitwidth-32-degree-24-seed-23-root-finding-reduced-subpolynomial-encoding	root-finding	NA				sat	
bitwidth-32-degree-24-seed-23-multiplication-reduced-native-encoding	multiplication	unsat			unsat		
bitwidth-32-degree-25-seed-23-bounding-original-subpolynomial-encoding	bounding	NA				sat	
bitwidth-32-degree-25-seed-23-addition-original-native-encoding	addition	unsat			unsat	unsat	unsat
bitwidth-32-degree-25-seed-23-bounding-reduced-subpolynomial-encoding	bounding	NA				sat	sat
bitwidth-32-degree-25-seed-23-addition-original-subpolynomial-encoding	addition	unsat					
bitwidth-32-degree-25-seed-23-addition-reduced-subpolynomial-encoding	addition	unsat					
bitwidth-32-degree-25-seed-23-correctness-original-native-encoding-vs-original-subpolynomial-encoding	correctness	unsat					
bitwidth-32-degree-25-seed-23-correctness-original-native-encoding-vs-reduced-subpolynomial-encoding	correctness	unsat					
bitwidth-32-degree-25-seed-23-equality-original-native-encoding	equality	NA	sat	sat	sat	sat	sat
bitwidth-32-degree-25-seed-23-addition-reduced-native-encoding	addition	unsat			unsat		
bitwidth-32-degree-25-seed-23-equality-reduced-native-encoding	equality	NA	sat	sat	sat	sat	sat
bitwidth-32-degree-25-seed-23-equality-original-subpolynomial-encoding	equality	NA				sat	
bitwidth-32-degree-25-seed-23-correctness-original-subpolynomial-encoding-vs-reduced-subpolynomial-encoding	correctness	unsat					
bitwidth-32-degree-25-seed-23-correctness-reduced-native-encoding-vs-original-subpolynomial-encoding	correctness	unsat					
bitwidth-32-degree-25-seed-23-correctness-reduced-native-encoding-vs-reduced-subpolynomial-encoding	correctness	unsat					
bitwidth-32-degree-25-seed-23-equality-reduced-subpolynomial-encoding	equality	NA				sat	
bitwidth-32-degree-25-seed-23-identity-point-original-native-encoding	identity-point	NA	unsat	unsat	unsat	unsat	unsat
bitwidth-32-degree-25-seed-23-correctness-original-native-encoding-vs-reduced-native-encoding	correctness	unsat			unsat		
bitwidth-32-degree-25-seed-23-identity-point-original-subpolynomial-encoding	identity-point	NA				unsat	
bitwidth-32-degree-25-seed-23-identity-point-reduced-native-encoding	identity-point	NA	unsat	unsat	unsat	unsat	unsat
bitwidth-32-degree-25-seed-23-identity-point-reduced-subpolynomial-encoding	identity-point	NA				unsat	
bitwidth-32-degree-25-seed-23-root-finding-original-native-encoding	root-finding	NA	sat	sat	sat	sat	sat
bitwidth-32-degree-25-seed-23-root-finding-reduced-native-encoding	root-finding	NA	sat	sat	sat	sat	sat
bitwidth-32-degree-25-seed-23-nonequality-original-native-encoding	nonequality	NA	sat	sat		sat	sat
bitwidth-32-degree-25-seed-23-nonequality-original-subpolynomial-encoding	nonequality	NA				sat	
bitwidth-32-degree-25-seed-23-nonequality-reduced-native-encoding	nonequality	NA	sat	sat		sat	sat
bitwidth-32-degree-25-seed-23-multiplication-original-subpolynomial-encoding	multiplication	unsat					
bitwidth-32-degree-25-seed-23-nonequality-reduced-subpolynomial-encoding	nonequality	NA				sat	
bitwidth-32-degree-25-seed-23-root-finding-original-subpolynomial-encoding	root-finding	NA				sat	
bitwidth-32-degree-25-seed-23-multiplication-reduced-subpolynomial-encoding	multiplication	unsat					
bitwidth-32-degree-26-seed-23-bounding-original-native-encoding	bounding	NA	sat	sat	sat	sat	sat
bitwidth-32-degree-25-seed-23-multiplication-original-native-encoding	multiplication	unsat			unsat	unsat	
bitwidth-32-degree-26-seed-23-bounding-reduced-native-encoding	bounding	NA	sat	sat	sat	sat	sat
bitwidth-32-degree-25-seed-23-root-finding-reduced-subpolynomial-encoding	root-finding	NA				sat	
bitwidth-32-degree-26-seed-23-bounding-original-subpolynomial-encoding	bounding	NA				sat	
bitwidth-32-degree-26-seed-23-addition-original-native-encoding	addition	unsat			unsat	unsat	unsat
bitwidth-32-degree-25-seed-23-multiplication-reduced-native-encoding	multiplication	unsat			unsat		
bitwidth-32-degree-26-seed-23-bounding-reduced-subpolynomial-encoding	bounding	NA				sat	
bitwidth-32-degree-26-seed-23-addition-original-subpolynomial-encoding	addition	unsat					
bitwidth-32-degree-26-seed-23-addition-reduced-subpolynomial-encoding	addition	unsat					
bitwidth-32-degree-26-seed-23-correctness-original-native-encoding-vs-original-subpolynomial-encoding	correctness	unsat					
bitwidth-32-degree-26-seed-23-correctness-original-native-encoding-vs-reduced-subpolynomial-encoding	correctness	unsat					
bitwidth-32-degree-26-seed-23-equality-original-native-encoding	equality	NA	sat	sat	sat	sat	sat
bitwidth-32-degree-26-seed-23-addition-reduced-native-encoding	addition	unsat			unsat		
bitwidth-32-degree-26-seed-23-equality-reduced-native-encoding	equality	NA	sat	sat	sat	sat	sat
bitwidth-32-degree-26-seed-23-equality-original-subpolynomial-encoding	equality	NA				sat	
bitwidth-32-degree-26-seed-23-correctness-original-subpolynomial-encoding-vs-reduced-subpolynomial-encoding	correctness	unsat					
bitwidth-32-degree-26-seed-23-correctness-reduced-native-encoding-vs-original-subpolynomial-encoding	correctness	unsat					
bitwidth-32-degree-26-seed-23-correctness-reduced-native-encoding-vs-reduced-subpolynomial-encoding	correctness	unsat					
bitwidth-32-degree-26-seed-23-equality-reduced-subpolynomial-encoding	equality	NA				sat	
bitwidth-32-degree-26-seed-23-identity-point-original-native-encoding	identity-point	NA	unsat	unsat	unsat	unsat	unsat
bitwidth-32-degree-26-seed-23-identity-point-original-subpolynomial-encoding	identity-point	NA				unsat	
bitwidth-32-degree-26-seed-23-identity-point-reduced-native-encoding	identity-point	NA	unsat	unsat	unsat	unsat	unsat
bitwidth-32-degree-26-seed-23-identity-point-reduced-subpolynomial-encoding	identity-point	NA				unsat	
bitwidth-32-degree-26-seed-23-correctness-original-native-encoding-vs-reduced-native-encoding	correctness	unsat					
bitwidth-32-degree-26-seed-23-root-finding-original-native-encoding	root-finding	NA	sat	sat	sat	sat	sat
bitwidth-32-degree-26-seed-23-nonequality-original-native-encoding	nonequality	NA	sat	sat		sat	sat
bitwidth-32-degree-26-seed-23-nonequality-original-subpolynomial-encoding	nonequality	NA				sat	
bitwidth-32-degree-26-seed-23-root-finding-reduced-native-encoding	root-finding	NA	sat	sat	sat	sat	sat
bitwidth-32-degree-26-seed-23-multiplication-original-subpolynomial-encoding	multiplication	unsat					
bitwidth-32-degree-26-seed-23-nonequality-reduced-native-encoding	nonequality	NA	sat	sat		sat	sat
bitwidth-32-degree-26-seed-23-nonequality-reduced-subpolynomial-encoding	nonequality	NA				sat	
bitwidth-32-degree-26-seed-23-root-finding-original-subpolynomial-encoding	root-finding	NA				sat	
bitwidth-32-degree-26-seed-23-multiplication-reduced-subpolynomial-encoding	multiplication	unsat					
bitwidth-32-degree-27-seed-23-bounding-original-native-encoding	bounding	NA	sat	sat	sat	sat	sat
bitwidth-32-degree-27-seed-23-bounding-reduced-native-encoding	bounding	NA	sat	sat	sat	sat	sat
bitwidth-32-degree-26-seed-23-multiplication-original-native-encoding	multiplication	unsat			unsat	unsat	
bitwidth-32-degree-26-seed-23-root-finding-reduced-subpolynomial-encoding	root-finding	NA				sat	
bitwidth-32-degree-27-seed-23-bounding-original-subpolynomial-encoding	bounding	NA				sat	
bitwidth-32-degree-26-seed-23-multiplication-reduced-native-encoding	multiplication	unsat			unsat		
bitwidth-32-degree-27-seed-23-addition-original-native-encoding	addition	unsat			unsat	unsat	unsat
bitwidth-32-degree-27-seed-23-addition-original-subpolynomial-encoding	addition	unsat					
bitwidth-32-degree-27-seed-23-bounding-reduced-subpolynomial-encoding	bounding	NA				sat	
bitwidth-32-degree-27-seed-23-addition-reduced-subpolynomial-encoding	addition	unsat					
bitwidth-32-degree-27-seed-23-equality-original-native-encoding	equality	NA	unsat	unsat	unsat	unsat	unsat
bitwidth-32-degree-27-seed-23-correctness-original-native-encoding-vs-original-subpolynomial-encoding	correctness	unsat					
bitwidth-32-degree-27-seed-23-equality-reduced-native-encoding	equality	NA	unsat	unsat	unsat	unsat	unsat
bitwidth-32-degree-27-seed-23-correctness-original-native-encoding-vs-reduced-subpolynomial-encoding	correctness	unsat					
bitwidth-32-degree-27-seed-23-addition-reduced-native-encoding	addition	unsat			unsat		
bitwidth-32-degree-27-seed-23-equality-original-subpolynomial-encoding	equality	NA				unsat	
bitwidth-32-degree-27-seed-23-equality-reduced-subpolynomial-encoding	equality	NA				unsat	
bitwidth-32-degree-27-seed-23-correctness-original-subpolynomial-encoding-vs-reduced-subpolynomial-encoding	correctness	unsat					
bitwidth-32-degree-27-seed-23-correctness-reduced-native-encoding-vs-original-subpolynomial-encoding	correctness	unsat					
bitwidth-32-degree-27-seed-23-identity-point-original-subpolynomial-encoding	identity-point	NA				unsat	
bitwidth-32-degree-27-seed-23-correctness-reduced-native-encoding-vs-reduced-subpolynomial-encoding	correctness	unsat					
bitwidth-32-degree-27-seed-23-correctness-original-native-encoding-vs-reduced-native-encoding	correctness	unsat			unsat		
bitwidth-32-degree-27-seed-23-identity-point-reduced-subpolynomial-encoding	identity-point	NA				unsat	
bitwidth-32-degree-27-seed-23-identity-point-original-native-encoding	identity-point	NA				unsat	unsat
bitwidth-32-degree-27-seed-23-identity-point-reduced-native-encoding	identity-point	NA				unsat	unsat
bitwidth-32-degree-27-seed-23-nonequality-original-subpolynomial-encoding	nonequality	NA				sat	
bitwidth-32-degree-27-seed-23-nonequality-original-native-encoding	nonequality	NA	sat	sat		sat	sat
bitwidth-32-degree-27-seed-23-nonequality-reduced-native-encoding	nonequality	NA	sat	sat		sat	sat
bitwidth-32-degree-27-seed-23-multiplication-original-subpolynomial-encoding	multiplication	unsat					
bitwidth-32-degree-27-seed-23-nonequality-reduced-subpolynomial-encoding	nonequality	NA				sat	
bitwidth-32-degree-27-seed-23-root-finding-original-native-encoding	root-finding	NA	sat	sat	sat	sat	sat
bitwidth-32-degree-27-seed-23-multiplication-reduced-subpolynomial-encoding	multiplication	unsat					
bitwidth-32-degree-27-seed-23-root-finding-reduced-native-encoding	root-finding	NA	sat	sat	sat	sat	sat
bitwidth-32-degree-28-seed-23-bounding-original-native-encoding	bounding	NA	sat	sat	sat	sat	sat
bitwidth-32-degree-28-seed-23-bounding-reduced-native-encoding	bounding	NA	sat	sat	sat	sat	sat
bitwidth-32-degree-27-seed-23-multiplication-original-native-encoding	multiplication	unsat			unsat	unsat	
bitwidth-32-degree-27-seed-23-root-finding-original-subpolynomial-encoding	root-finding	NA				sat	
bitwidth-32-degree-27-seed-23-root-finding-reduced-subpolynomial-encoding	root-finding	NA				sat	
bitwidth-32-degree-28-seed-23-bounding-original-subpolynomial-encoding	bounding	NA				sat	
bitwidth-32-degree-27-seed-23-multiplication-reduced-native-encoding	multiplication	unsat			unsat		
bitwidth-32-degree-28-seed-23-bounding-reduced-subpolynomial-encoding	bounding	NA				sat	
bitwidth-32-degree-28-seed-23-equality-original-native-encoding	equality	NA	sat	sat	sat	sat	sat
bitwidth-32-degree-28-seed-23-correctness-original-native-encoding-vs-original-subpolynomial-encoding	correctness	unsat					
bitwidth-32-degree-28-seed-23-equality-reduced-native-encoding	equality	NA	sat	sat	sat	sat	sat
bitwidth-32-degree-28-seed-23-correctness-original-native-encoding-vs-reduced-subpolynomial-encoding	correctness	unsat					
bitwidth-32-degree-28-seed-23-equality-original-subpolynomial-encoding	equality	NA				sat	
bitwidth-32-degree-28-seed-23-correctness-original-subpolynomial-encoding-vs-reduced-subpolynomial-encoding	correctness	unsat					
bitwidth-32-degree-28-seed-23-equality-reduced-subpolynomial-encoding	equality	NA				sat	
bitwidth-32-degree-28-seed-23-correctness-reduced-native-encoding-vs-original-subpolynomial-encoding	correctness	unsat					
bitwidth-32-degree-28-seed-23-correctness-reduced-native-encoding-vs-reduced-subpolynomial-encoding	correctness	unsat					
bitwidth-32-degree-28-seed-23-identity-point-original-native-encoding	identity-point	NA	unsat	unsat	unsat	unsat	unsat
bitwidth-32-degree-28-seed-23-identity-point-original-subpolynomial-encoding	identity-point	NA				unsat	
bitwidth-32-degree-28-seed-23-identity-point-reduced-native-encoding	identity-point	NA	unsat	unsat	unsat	unsat	unsat
bitwidth-32-degree-28-seed-23-identity-point-reduced-subpolynomial-encoding	identity-point	NA				unsat	
bitwidth-32-degree-28-seed-23-root-finding-original-native-encoding	root-finding	NA	sat	sat	sat	sat	sat
bitwidth-32-degree-28-seed-23-correctness-original-native-encoding-vs-reduced-native-encoding	correctness	unsat					
bitwidth-32-degree-28-seed-23-root-finding-reduced-native-encoding	root-finding	NA	sat	sat	sat	sat	sat
bitwidth-32-degree-28-seed-23-nonequality-original-subpolynomial-encoding	nonequality	NA				sat	
bitwidth-32-degree-3-seed-23-bounding-original-native-encoding	bounding	NA	sat	sat	sat	sat	sat
bitwidth-32-degree-28-seed-23-nonequality-original-native-encoding	nonequality	NA	sat	sat		sat	sat
bitwidth-32-degree-3-seed-23-bounding-reduced-native-encoding	bounding	NA	sat	sat	sat	sat	sat
bitwidth-32-degree-28-seed-23-nonequality-reduced-subpolynomial-encoding	nonequality	NA				sat	
bitwidth-32-degree-28-seed-23-nonequality-reduced-native-encoding	nonequality	NA	sat	sat		sat	sat
bitwidth-32-degree-28-seed-23-root-finding-original-subpolynomial-encoding	root-finding	NA				sat	
bitwidth-32-degree-28-seed-23-root-finding-reduced-subpolynomial-encoding	root-finding	NA				sat	
bitwidth-32-degree-3-seed-23-addition-original-native-encoding	addition	unsat			unsat	unsat	unsat
bitwidth-32-degree-3-seed-23-bounding-original-subpolynomial-encoding	bounding	NA	sat	sat	sat	sat	sat
bitwidth-32-degree-3-seed-23-addition-reduced-native-encoding	addition	unsat			unsat	unsat	unsat
bitwidth-32-degree-3-seed-23-equality-original-native-encoding	equality	NA	sat	sat	sat	sat	sat
bitwidth-32-degree-3-seed-23-bounding-reduced-subpolynomial-encoding	bounding	NA	sat	sat	sat	sat	sat
bitwidth-32-degree-3-seed-23-equality-reduced-native-encoding	equality	NA	sat	sat	sat	sat	sat
bitwidth-32-degree-3-seed-23-correctness-original-subpolynomial-encoding-vs-reduced-subpolynomial-encoding	correctness	unsat	unsat	unsat	unsat	unsat	unsat
bitwidth-32-degree-3-seed-23-identity-point-original-native-encoding	identity-point	NA	unsat	unsat	unsat	unsat	unsat
bitwidth-32-degree-3-seed-23-correctness-original-native-encoding-vs-reduced-native-encoding	correctness	unsat			unsat	unsat	unsat
bitwidth-32-degree-3-seed-23-identity-point-reduced-native-encoding	identity-point	NA	unsat	unsat	unsat	unsat	unsat
bitwidth-32-degree-3-seed-23-identity-point-original-subpolynomial-encoding	identity-point	NA	unsat	unsat	unsat	unsat	unsat
bitwidth-32-degree-3-seed-23-identity-point-reduced-subpolynomial-encoding	identity-point	NA	unsat	unsat	unsat	unsat	unsat
bitwidth-32-degree-3-seed-23-addition-original-subpolynomial-encoding	addition	unsat					
bitwidth-32-degree-3-seed-23-equality-original-subpolynomial-encoding	equality	NA				sat	sat
bitwidth-32-degree-3-seed-23-addition-reduced-subpolynomial-encoding	addition	unsat					
bitwidth-32-degree-3-seed-23-nonequality-original-native-encoding	nonequality	NA	sat	sat	sat	sat	sat
bitwidth-32-degree-3-seed-23-equality-reduced-subpolynomial-encoding	equality	NA				sat	sat
bitwidth-32-degree-3-seed-23-nonequality-reduced-native-encoding	nonequality	NA	sat	sat	sat	sat	sat
bitwidth-32-degree-3-seed-23-correctness-original-native-encoding-vs-original-subpolynomial-encoding	correctness	unsat					
bitwidth-32-degree-3-seed-23-root-finding-original-native-encoding	root-finding	NA	sat	sat	sat	sat	sat
bitwidth-32-degree-3-seed-23-correctness-original-native-encoding-vs-reduced-subpolynomial-encoding	correctness	unsat					
bitwidth-32-degree-3-seed-23-root-finding-reduced-native-encoding	root-finding	NA	sat	sat	sat	sat	sat
bitwidth-32-degree-3-seed-23-correctness-reduced-native-encoding-vs-original-subpolynomial-encoding	correctness	unsat					
bitwidth-32-degree-3-seed-23-correctness-reduced-native-encoding-vs-reduced-subpolynomial-encoding	correctness	unsat					
bitwidth-32-degree-3-seed-23-root-finding-original-subpolynomial-encoding	root-finding	NA	sat	sat	sat	sat	sat
bitwidth-32-degree-3-seed-23-multiplication-original-native-encoding	multiplication	unsat			unsat	unsat	
bitwidth-32-degree-3-seed-23-root-finding-reduced-subpolynomial-encoding	root-finding	NA	sat	sat	sat	sat	sat
bitwidth-32-degree-4-seed-23-bounding-original-native-encoding	bounding	NA	sat	sat	sat	sat	sat
bitwidth-32-degree-3-seed-23-multiplication-reduced-native-encoding	multiplication	unsat			unsat	unsat	
bitwidth-32-degree-4-seed-23-bounding-reduced-native-encoding	bounding	NA	sat	sat	sat	sat	sat
bitwidth-32-degree-3-seed-23-nonequality-original-subpolynomial-encoding	nonequality	NA				sat	sat
bitwidth-32-degree-3-seed-23-nonequality-reduced-subpolynomial-encoding	nonequality	NA				sat	sat
bitwidth-32-degree-4-seed-23-addition-original-native-encoding	addition	unsat			unsat	unsat	unsat
bitwidth-32-degree-4-seed-23-addition-reduced-native-encoding	addition	unsat			unsat	unsat	unsat
bitwidth-32-degree-3-seed-23-multiplication-original-subpolynomial-encoding	multiplication	unsat					
bitwidth-32-degree-3-seed-23-multiplication-reduced-subpolynomial-encoding	multiplication	unsat					
bitwidth-32-degree-4-seed-23-bounding-original-subpolynomial-encoding	bounding	NA				sat	sat
bitwidth-32-degree-4-seed-23-correctness-original-native-encoding-vs-reduced-native-encoding	correctness	unsat			unsat	unsat	unsat
bitwidth-32-degree-4-seed-23-equality-original-native-encoding	equality	NA	unsat	unsat	unsat	unsat	unsat
bitwidth-32-degree-4-seed-23-equality-reduced-native-encoding	equality	NA	unsat	unsat	unsat	unsat	unsat
bitwidth-32-degree-4-seed-23-bounding-reduced-subpolynomial-encoding	bounding	NA				sat	sat
bitwidth-32-degree-4-seed-23-identity-point-original-native-encoding	identity-point	NA	unsat	unsat	unsat	unsat	unsat
bitwidth-32-degree-4-seed-23-addition-original-subpolynomial-encoding	addition	unsat					
bitwidth-32-degree-4-seed-23-identity-point-reduced-native-encoding	identity-point	NA	unsat	unsat	unsat	unsat	unsat
bitwidth-32-degree-4-seed-23-correctness-original-subpolynomial-encoding-vs-reduced-subpolynomial-encoding	correctness	unsat				unsat	unsat
bitwidth-32-degree-4-seed-23-addition-reduced-subpolynomial-encoding	addition	unsat					
bitwidth-32-degree-4-seed-23-correctness-original-native-encoding-vs-original-subpolynomial-encoding	correctness	unsat					
bitwidth-32-degree-4-seed-23-equality-original-subpolynomial-encoding	equality	NA				unsat	unsat
bitwidth-32-degree-4-seed-23-equality-reduced-subpolynomial-encoding	equality	NA				unsat	unsat
bitwidth-32-degree-4-seed-23-correctness-original-native-encoding-vs-reduced-subpolynomial-encoding	correctness	unsat					
bitwidth-32-degree-4-seed-23-nonequality-original-native-encoding	nonequality	NA	sat	sat	sat	sat	sat
bitwidth-32-degree-4-seed-23-identity-point-original-subpolynomial-encoding	identity-point	NA				unsat	unsat
bitwidth-32-degree-4-seed-23-nonequality-reduced-native-encoding	nonequality	NA	sat	sat	sat	sat	sat
bitwidth-32-degree-4-seed-23-root-finding-original-native-encoding	root-finding	NA	sat	sat	sat	sat	sat
bitwidth-32-degree-4-seed-23-correctness-reduced-native-encoding-vs-original-subpolynomial-encoding	correctness	unsat					
bitwidth-32-degree-4-seed-23-root-finding-reduced-native-encoding	root-finding	NA	sat	sat	sat	sat	sat
bitwidth-32-degree-4-seed-23-multiplication-original-subpolynomial-encoding	multiplication	unsat					
bitwidth-32-degree-4-seed-23-identity-point-reduced-subpolynomial-encoding	identity-point	NA				unsat	unsat
bitwidth-32-degree-4-seed-23-correctness-reduced-native-encoding-vs-reduced-subpolynomial-encoding	correctness	unsat					
bitwidth-32-degree-4-seed-23-multiplication-original-native-encoding	multiplication	unsat			unsat	unsat	
bitwidth-32-degree-4-seed-23-multiplication-reduced-subpolynomial-encoding	multiplication	unsat					
bitwidth-32-degree-5-seed-23-bounding-original-native-encoding	bounding	NA	sat	sat	sat	sat	sat
bitwidth-32-degree-4-seed-23-multiplication-reduced-native-encoding	multiplication	unsat			unsat	unsat	
bitwidth-32-degree-5-seed-23-bounding-reduced-native-encoding	bounding	NA	sat	sat	sat	sat	sat
bitwidth-32-degree-5-seed-23-addition-original-native-encoding	addition	unsat			unsat	unsat	unsat
bitwidth-32-degree-4-seed-23-nonequality-original-subpolynomial-encoding	nonequality	NA				sat	sat
bitwidth-32-degree-5-seed-23-addition-reduced-native-encoding	addition	unsat			unsat	unsat	unsat
bitwidth-32-degree-4-seed-23-nonequality-reduced-subpolynomial-encoding	nonequality	NA				sat	sat
bitwidth-32-degree-4-seed-23-root-finding-original-subpolynomial-encoding	root-finding	NA				sat	sat
bitwidth-32-degree-5-seed-23-addition-original-subpolynomial-encoding	addition	unsat					
bitwidth-32-degree-4-seed-23-root-finding-reduced-subpolynomial-encoding	root-finding	NA				sat	sat
bitwidth-32-degree-5-seed-23-equality-original-native-encoding	equality	NA	sat	sat	sat	sat	sat
bitwidth-32-degree-5-seed-23-addition-reduced-subpolynomial-encoding	addition	unsat					
bitwidth-32-degree-5-seed-23-equality-reduced-native-encoding	equality	NA	sat	sat	sat	sat	sat
bitwidth-32-degree-5-seed-23-correctness-original-native-encoding-vs-reduced-native-encoding	correctness	unsat			unsat	unsat	unsat
bitwidth-32-degree-5-seed-23-bounding-original-subpolynomial-encoding	bounding	NA				sat	sat
bitwidth-32-degree-5-seed-23-identity-point-original-native-encoding	identity-point	NA	unsat	unsat	unsat	unsat	unsat
bitwidth-32-degree-5-seed-23-identity-point-reduced-native-encoding	identity-point	NA	unsat	unsat	unsat	unsat	unsat
bitwidth-32-degree-5-seed-23-bounding-reduced-subpolynomial-encoding	bounding	NA				sat	sat
bitwidth-32-degree-5-seed-23-equality-original-subpolynomial-encoding	equality	NA				sat	sat
bitwidth-32-degree-5-seed-23-equality-reduced-subpolynomial-encoding	equality	NA				sat	sat
bitwidth-32-degree-5-seed-23-correctness-original-native-encoding-vs-original-subpolynomial-encoding	correctness	unsat					
bitwidth-32-degree-5-seed-23-identity-point-original-subpolynomial-encoding	identity-point	NA				unsat	unsat
bitwidth-32-degree-5-seed-23-correctness-original-native-encoding-vs-reduced-subpolynomial-encoding	correctness	unsat					
bitwidth-32-degree-5-seed-23-correctness-original-subpolynomial-encoding-vs-reduced-subpolynomial-encoding	correctness	unsat					
bitwidth-32-degree-5-seed-23-correctness-reduced-native-encoding-vs-original-subpolynomial-encoding	correctness	unsat					
bitwidth-32-degree-5-seed-23-identity-point-reduced-subpolynomial-encoding	identity-point	NA				unsat	unsat
bitwidth-32-degree-5-seed-23-correctness-reduced-native-encoding-vs-reduced-subpolynomial-encoding	correctness	unsat					
bitwidth-32-degree-5-seed-23-root-finding-original-native-encoding	root-finding	NA	sat	sat	sat	sat	sat
bitwidth-32-degree-5-seed-23-nonequality-original-native-encoding	nonequality	NA	sat	sat	sat	sat	sat
bitwidth-32-degree-5-seed-23-root-finding-reduced-native-encoding	root-finding	NA	sat	sat	sat	sat	sat
bitwidth-32-degree-5-seed-23-nonequality-reduced-native-encoding	nonequality	NA	sat	sat	sat	sat	sat
bitwidth-32-degree-5-seed-23-multiplication-original-native-encoding	multiplication	unsat			unsat	unsat	
bitwidth-32-degree-5-seed-23-multiplication-original-subpolynomial-encoding	multiplication	unsat					
bitwidth-32-degree-5-seed-23-multiplication-reduced-native-encoding	multiplication	unsat			unsat	unsat	
bitwidth-32-degree-6-seed-23-bounding-original-native-encoding	bounding	NA	sat	sat	sat	sat	sat
bitwidth-32-degree-5-seed-23-multiplication-reduced-subpolynomial-encoding	multiplication	unsat					
bitwidth-32-degree-6-seed-23-bounding-reduced-native-encoding	bounding	NA	sat	sat	sat	sat	sat
bitwidth-32-degree-6-seed-23-addition-original-native-encoding	addition	unsat			unsat	unsat	unsat
bitwidth-32-degree-6-seed-23-addition-reduced-native-encoding	addition	unsat			unsat	unsat	unsat
bitwidth-32-degree-6-seed-23-addition-original-subpolynomial-encoding	addition	unsat					
bitwidth-32-degree-5-seed-23-nonequality-original-subpolynomial-encoding	nonequality	NA				sat	sat
bitwidth-32-degree-6-seed-23-addition-reduced-subpolynomial-encoding	addition	unsat					
bitwidth-32-degree-5-seed-23-nonequality-reduced-subpolynomial-encoding	nonequality	NA				sat	sat
bitwidth-32-degree-5-seed-23-root-finding-original-subpolynomial-encoding	root-finding	NA				sat	sat
bitwidth-32-degree-5-seed-23-root-finding-reduced-subpolynomial-encoding	root-finding	NA				sat	sat
bitwidth-32-degree-6-seed-23-equality-original-native-encoding	equality	NA	sat	sat	sat	sat	sat
bitwidth-32-degree-6-seed-23-equality-reduced-native-encoding	equality	NA	sat	sat	sat	sat	sat
bitwidth-32-degree-6-seed-23-correctness-original-native-encoding-vs-reduced-native-encoding	correctness	unsat			unsat	unsat	unsat
bitwidth-32-degree-6-seed-23-identity-point-original-native-encoding	identity-point	NA	unsat	unsat	unsat	unsat	unsat
bitwidth-32-degree-6-seed-23-bounding-original-subpolynomial-encoding	bounding	NA				sat	sat
bitwidth-32-degree-6-seed-23-bounding-reduced-subpolynomial-encoding	bounding	NA				sat	sat
bitwidth-32-degree-6-seed-23-identity-point-reduced-native-encoding	identity-point	NA	unsat	unsat	unsat	unsat	unsat
bitwidth-32-degree-6-seed-23-equality-original-subpolynomial-encoding	equality	NA				sat	sat
bitwidth-32-degree-6-seed-23-equality-reduced-subpolynomial-encoding	equality	NA				sat	sat
bitwidth-32-degree-6-seed-23-correctness-original-native-encoding-vs-original-subpolynomial-encoding	correctness	unsat					
bitwidth-32-degree-6-seed-23-correctness-original-native-encoding-vs-reduced-subpolynomial-encoding	correctness	unsat					
bitwidth-32-degree-6-seed-23-identity-point-original-subpolynomial-encoding	identity-point	NA				unsat	unsat
bitwidth-32-degree-6-seed-23-nonequality-original-native-encoding	nonequality	NA	sat	sat	sat	sat	sat
bitwidth-32-degree-6-seed-23-identity-point-reduced-subpolynomial-encoding	identity-point	NA				unsat	unsat
bitwidth-32-degree-6-seed-23-correctness-original-subpolynomial-encoding-vs-reduced-subpolynomial-encoding	correctness	unsat					
bitwidth-32-degree-6-seed-23-root-finding-original-native-encoding	root-finding	NA	sat	sat	sat	sat	sat
bitwidth-32-degree-6-seed-23-correctness-reduced-native-encoding-vs-original-subpolynomial-encoding	correctness	unsat					
bitwidth-32-degree-6-seed-23-root-finding-reduced-native-encoding	root-finding	NA	sat	sat	sat	sat	sat
bitwidth-32-degree-6-seed-23-correctness-reduced-native-encoding-vs-reduced-subpolynomial-encoding	correctness	unsat					
bitwidth-32-degree-6-seed-23-multiplication-original-native-encoding	multiplication	unsat			unsat	unsat	
bitwidth-32-degree-6-seed-23-nonequality-reduced-native-encoding	nonequality	NA	sat	sat	sat	sat	sat
bitwidth-32-degree-6-seed-23-multiplication-original-subpolynomial-encoding	multiplication	unsat					
bitwidth-32-degree-6-seed-23-multiplication-reduced-subpolynomial-encoding	multiplication	unsat					
bitwidth-32-degree-6-seed-23-multiplication-reduced-native-encoding	multiplication	unsat			unsat	unsat	
bitwidth-32-degree-7-seed-23-bounding-original-native-encoding	bounding	NA	sat	sat	sat	sat	sat
bitwidth-32-degree-7-seed-23-bounding-reduced-native-encoding	bounding	NA	sat	sat	sat	sat	sat
bitwidth-32-degree-7-seed-23-addition-original-native-encoding	addition	unsat			unsat	unsat	unsat
bitwidth-32-degree-7-seed-23-addition-reduced-native-encoding	addition	unsat			unsat	unsat	unsat
bitwidth-32-degree-7-seed-23-addition-original-subpolynomial-encoding	addition	unsat					
bitwidth-32-degree-6-seed-23-nonequality-original-subpolynomial-encoding	nonequality	NA				sat	sat
bitwidth-32-degree-7-seed-23-addition-reduced-subpolynomial-encoding	addition	unsat					
bitwidth-32-degree-6-seed-23-root-finding-original-subpolynomial-encoding	root-finding	NA				sat	sat
bitwidth-32-degree-6-seed-23-nonequality-reduced-subpolynomial-encoding	nonequality	NA				sat	sat
bitwidth-32-degree-6-seed-23-root-finding-reduced-subpolynomial-encoding	root-finding	NA				sat	sat
bitwidth-32-degree-7-seed-23-equality-original-native-encoding	equality	NA	sat	sat	sat	sat	sat
bitwidth-32-degree-7-seed-23-equality-reduced-native-encoding	equality	NA	sat	sat	sat	sat	sat
bitwidth-32-degree-7-seed-23-correctness-original-subpolynomial-encoding-vs-reduced-subpolynomial-encoding	correctness	unsat				unsat	
bitwidth-32-degree-7-seed-23-correctness-original-native-encoding-vs-reduced-native-encoding	correctness	unsat			unsat	unsat	unsat
bitwidth-32-degree-7-seed-23-identity-point-original-native-encoding	identity-point	NA	unsat	unsat	unsat	unsat	unsat
bitwidth-32-degree-7-seed-23-bounding-original-subpolynomial-encoding	bounding	NA				sat	sat
bitwidth-32-degree-7-seed-23-bounding-reduced-subpolynomial-encoding	bounding	NA				sat	sat
bitwidth-32-degree-7-seed-23-identity-point-reduced-native-encoding	identity-point	NA	unsat	unsat	unsat	unsat	unsat
bitwidth-32-degree-7-seed-23-equality-original-subpolynomial-encoding	equality	NA				sat	sat
bitwidth-32-degree-7-seed-23-equality-reduced-subpolynomial-encoding	equality	NA				sat	sat
bitwidth-32-degree-7-seed-23-correctness-original-native-encoding-vs-original-subpolynomial-encoding	correctness	unsat					
bitwidth-32-degree-7-seed-23-multiplication-original-subpolynomial-encoding	multiplication	unsat					
bitwidth-32-degree-7-seed-23-nonequality-original-native-encoding	nonequality	NA	sat	sat	sat	sat	sat
bitwidth-32-degree-7-seed-23-correctness-original-native-encoding-vs-reduced-subpolynomial-encoding	correctness	unsat					
bitwidth-32-degree-7-seed-23-identity-point-original-subpolynomial-encoding	identity-point	NA				unsat	unsat
bitwidth-32-degree-7-seed-23-root-finding-original-native-encoding	root-finding	NA	sat	sat	sat	sat	sat
bitwidth-32-degree-7-seed-23-nonequality-reduced-native-encoding	nonequality	NA	sat	sat	sat	sat	sat
bitwidth-32-degree-7-seed-23-identity-point-reduced-subpolynomial-encoding	identity-point	NA				unsat	unsat
bitwidth-32-degree-7-seed-23-multiplication-original-native-encoding	multiplication	unsat			unsat	unsat	
bitwidth-32-degree-7-seed-23-root-finding-reduced-native-encoding	root-finding	NA	sat	sat	sat	sat	sat
bitwidth-32-degree-7-seed-23-correctness-reduced-native-encoding-vs-original-subpolynomial-encoding	correctness	unsat					
bitwidth-32-degree-7-seed-23-correctness-reduced-native-encoding-vs-reduced-subpolynomial-encoding	correctness	unsat					
bitwidth-32-degree-7-seed-23-multiplication-reduced-subpolynomial-encoding	multiplication	unsat					
bitwidth-32-degree-8-seed-23-bounding-original-native-encoding	bounding	NA	sat	sat	sat	sat	sat
bitwidth-32-degree-7-seed-23-multiplication-reduced-native-encoding	multiplication	unsat			unsat	unsat	
bitwidth-32-degree-8-seed-23-bounding-reduced-native-encoding	bounding	NA	sat	sat	sat	sat	sat
bitwidth-32-degree-8-seed-23-addition-original-native-encoding	addition	unsat			unsat	unsat	unsat
bitwidth-32-degree-8-seed-23-addition-reduced-native-encoding	addition	unsat			unsat	unsat	unsat
bitwidth-32-degree-8-seed-23-addition-original-subpolynomial-encoding	addition	unsat					
bitwidth-32-degree-8-seed-23-addition-reduced-subpolynomial-encoding	addition	unsat					
bitwidth-32-degree-7-seed-23-nonequality-original-subpolynomial-encoding	nonequality	NA				sat	sat
bitwidth-32-degree-7-seed-23-root-finding-original-subpolynomial-encoding	root-finding	NA				sat	sat
bitwidth-32-degree-7-seed-23-nonequality-reduced-subpolynomial-encoding	nonequality	NA				sat	sat
bitwidth-32-degree-8-seed-23-equality-original-native-encoding	equality	NA	sat	sat	sat	sat	sat
bitwidth-32-degree-7-seed-23-root-finding-reduced-subpolynomial-encoding	root-finding	NA				sat	sat
bitwidth-32-degree-8-seed-23-equality-reduced-native-encoding	equality	NA	sat	sat	sat	sat	sat
bitwidth-32-degree-8-seed-23-equality-original-subpolynomial-encoding	equality	NA				sat	sat
bitwidth-32-degree-8-seed-23-equality-reduced-subpolynomial-encoding	equality	NA				sat	sat
bitwidth-32-degree-8-seed-23-correctness-original-native-encoding-vs-reduced-native-encoding	correctness	unsat			unsat	unsat	unsat
bitwidth-32-degree-8-seed-23-bounding-original-subpolynomial-encoding	bounding	NA				sat	sat
bitwidth-32-degree-8-seed-23-identity-point-original-native-encoding	identity-point	NA	sat	sat	sat	sat	sat
bitwidth-32-degree-8-seed-23-bounding-reduced-subpolynomial-encoding	bounding	NA				sat	sat
bitwidth-32-degree-8-seed-23-identity-point-reduced-native-encoding	identity-point	NA	sat	sat	sat	sat	sat
bitwidth-32-degree-8-seed-23-correctness-original-subpolynomial-encoding-vs-reduced-subpolynomial-encoding	correctness	unsat					
bitwidth-32-degree-8-seed-23-correctness-original-native-encoding-vs-original-subpolynomial-encoding	correctness	unsat					
bitwidth-32-degree-8-seed-23-identity-point-original-subpolynomial-encoding	identity-point	NA				sat	sat
bitwidth-32-degree-8-seed-23-multiplication-original-subpolynomial-encoding	multiplication	unsat					
bitwidth-32-degree-8-seed-23-correctness-original-native-encoding-vs-reduced-subpolynomial-encoding	correctness	unsat					
bitwidth-32-degree-8-seed-23-multiplication-original-native-encoding	multiplication	unsat			unsat	unsat	
bitwidth-32-degree-8-seed-23-multiplication-reduced-subpolynomial-encoding	multiplication	unsat					
bitwidth-32-degree-8-seed-23-identity-point-reduced-subpolynomial-encoding	identity-point	NA				sat	sat
bitwidth-32-degree-8-seed-23-root-finding-original-native-encoding	root-finding	NA	sat	sat	sat	sat	sat
bitwidth-32-degree-8-seed-23-nonequality-original-native-encoding	nonequality	NA	sat	sat	sat	sat	sat
bitwidth-32-degree-8-seed-23-root-finding-reduced-native-encoding	root-finding	NA	sat	sat	sat	sat	sat
bitwidth-32-degree-8-seed-23-correctness-reduced-native-encoding-vs-original-subpolynomial-encoding	correctness	unsat					
bitwidth-32-degree-8-seed-23-correctness-reduced-native-encoding-vs-reduced-subpolynomial-encoding	correctness	unsat					
bitwidth-32-degree-8-seed-23-nonequality-original-subpolynomial-encoding	nonequality	NA				sat	sat
bitwidth-32-degree-8-seed-23-nonequality-reduced-native-encoding	nonequality	NA	sat	sat	sat	sat	sat
bitwidth-32-degree-9-seed-23-bounding-original-native-encoding	bounding	NA	sat	sat	sat	sat	sat
bitwidth-32-degree-8-seed-23-multiplication-reduced-native-encoding	multiplication	unsat			unsat	unsat	
bitwidth-32-degree-9-seed-23-bounding-reduced-native-encoding	bounding	NA	sat	sat	sat	sat	sat
bitwidth-32-degree-8-seed-23-nonequality-reduced-subpolynomial-encoding	nonequality	NA				sat	sat
bitwidth-32-degree-9-seed-23-addition-original-native-encoding	addition	unsat			unsat	unsat	unsat
bitwidth-32-degree-9-seed-23-addition-reduced-native-encoding	addition	unsat			unsat	unsat	unsat
bitwidth-32-degree-9-seed-23-addition-original-subpolynomial-encoding	addition	unsat					
bitwidth-32-degree-9-seed-23-correctness-original-native-encoding-vs-reduced-native-encoding	correctness	unsat			unsat	unsat	unsat
bitwidth-32-degree-9-seed-23-addition-reduced-subpolynomial-encoding	addition	unsat					
bitwidth-32-degree-9-seed-23-equality-original-native-encoding	equality	NA	unsat	unsat	unsat	unsat	unsat
bitwidth-32-degree-8-seed-23-root-finding-original-subpolynomial-encoding	root-finding	NA				sat	sat
bitwidth-32-degree-8-seed-23-root-finding-reduced-subpolynomial-encoding	root-finding	NA				sat	sat
bitwidth-32-degree-9-seed-23-equality-reduced-native-encoding	equality	NA	unsat	unsat	unsat	unsat	unsat
bitwidth-32-degree-9-seed-23-identity-point-original-native-encoding	identity-point	NA	unsat	unsat	unsat	unsat	unsat
bitwidth-32-degree-9-seed-23-bounding-original-subpolynomial-encoding	bounding	NA				sat	sat
bitwidth-32-degree-9-seed-23-bounding-reduced-subpolynomial-encoding	bounding	NA				sat	sat
bitwidth-32-degree-9-seed-23-equality-original-subpolynomial-encoding	equality	NA				unsat	unsat
bitwidth-32-degree-9-seed-23-identity-point-reduced-native-encoding	identity-point	NA	unsat	unsat	unsat	unsat	unsat
bitwidth-32-degree-9-seed-23-equality-reduced-subpolynomial-encoding	equality	NA				unsat	unsat
bitwidth-32-degree-9-seed-23-correctness-original-subpolynomial-encoding-vs-reduced-subpolynomial-encoding	correctness	unsat					
bitwidth-32-degree-9-seed-23-correctness-original-native-encoding-vs-original-subpolynomial-encoding	correctness	unsat					
bitwidth-32-degree-9-seed-23-multiplication-original-subpolynomial-encoding	multiplication	unsat					
bitwidth-32-degree-9-seed-23-identity-point-original-subpolynomial-encoding	identity-point	NA				unsat	unsat
bitwidth-32-degree-9-seed-23-nonequality-original-native-encoding	nonequality	NA	sat	sat		sat	sat
bitwidth-32-degree-9-seed-23-nonequality-original-subpolynomial-encoding	nonequality	NA				sat	sat
bitwidth-32-degree-9-seed-23-multiplication-original-native-encoding	multiplication	unsat			unsat	unsat	
bitwidth-32-degree-9-seed-23-root-finding-original-native-encoding	root-finding	NA	sat	sat	sat	sat	sat
bitwidth-32-degree-9-seed-23-identity-point-reduced-subpolynomial-encoding	identity-point	NA				unsat	unsat
bitwidth-32-degree-9-seed-23-multiplication-reduced-subpolynomial-encoding	multiplication	unsat					
bitwidth-32-degree-9-seed-23-root-finding-reduced-native-encoding	root-finding	NA	sat	sat	sat	sat	sat
bitwidth-8-degree-10-seed-23-addition-original-native-encoding	addition	unsat	unsat	unsat	unsat	unsat	unsat
bitwidth-32-degree-9-seed-23-correctness-original-native-encoding-vs-reduced-subpolynomial-encoding	correctness	unsat					
bitwidth-8-degree-10-seed-23-addition-reduced-native-encoding	addition	unsat	unsat	unsat	unsat	unsat	unsat
bitwidth-8-degree-10-seed-23-bounding-original-native-encoding	bounding	NA	sat	sat	sat	sat	sat
bitwidth-8-degree-10-seed-23-bounding-original-subpolynomial-encoding	bounding	NA	sat	sat	sat	sat	sat
bitwidth-8-degree-10-seed-23-bounding-reduced-native-encoding	bounding	NA	sat	sat	sat	sat	sat
bitwidth-8-degree-10-seed-23-bounding-reduced-subpolynomial-encoding	bounding	NA	sat	sat	sat	sat	sat
bitwidth-8-degree-10-seed-23-correctness-original-native-encoding-vs-original-subpolynomial-encoding	correctness	unsat	unsat	unsat	unsat	unsat	unsat
bitwidth-32-degree-9-seed-23-nonequality-reduced-subpolynomial-encoding	nonequality	NA				sat	sat
bitwidth-8-degree-10-seed-23-addition-original-subpolynomial-encoding	addition	unsat	unsat	unsat	unsat	unsat	unsat
bitwidth-8-degree-10-seed-23-correctness-original-native-encoding-vs-reduced-native-encoding	correctness	unsat	unsat	unsat	unsat	unsat	unsat
bitwidth-32-degree-9-seed-23-multiplication-reduced-native-encoding	multiplication	unsat			unsat	unsat	
bitwidth-8-degree-10-seed-23-correctness-original-native-encoding-vs-reduced-subpolynomial-encoding	correctness	unsat	unsat	unsat	unsat	unsat	unsat
bitwidth-8-degree-10-seed-23-addition-reduced-subpolynomial-encoding	addition	unsat	unsat	unsat	unsat	unsat	unsat
bitwidth-8-degree-10-seed-23-equality-original-native-encoding	equality	NA	unsat	unsat	unsat	unsat	unsat
bitwidth-8-degree-10-seed-23-correctness-reduced-native-encoding-vs-original-subpolynomial-encoding	correctness	unsat	unsat	unsat	unsat	unsat	unsat
bitwidth-8-degree-10-seed-23-equality-reduced-native-encoding	equality	NA	unsat	unsat	unsat	unsat	unsat
bitwidth-8-degree-10-seed-23-identity-point-original-native-encoding	identity-point	NA	unsat	unsat	unsat	unsat	unsat
bitwidth-8-degree-10-seed-23-identity-point-original-subpolynomial-encoding	identity-point	NA	unsat	unsat	unsat	unsat	unsat
bitwidth-8-degree-10-seed-23-correctness-reduced-native-encoding-vs-reduced-subpolynomial-encoding	correctness	unsat	unsat	unsat	unsat	unsat	unsat
bitwidth-8-degree-10-seed-23-identity-point-reduced-native-encoding	identity-point	NA	unsat	unsat	unsat	unsat	unsat
bitwidth-8-degree-10-seed-23-correctness-original-subpolynomial-encoding-vs-reduced-subpolynomial-encoding	correctness	unsat	unsat	unsat	unsat	unsat	unsat
bitwidth-8-degree-10-seed-23-identity-point-reduced-subpolynomial-encoding	identity-point	NA	unsat	unsat	unsat	unsat	unsat
bitwidth-8-degree-10-seed-23-equality-original-subpolynomial-encoding	equality	NA	unsat	unsat	unsat	unsat	unsat
bitwidth-8-degree-10-seed-23-equality-reduced-subpolynomial-encoding	equality	NA	unsat	unsat	unsat	unsat	unsat
bitwidth-8-degree-10-seed-23-multiplication-reduced-native-encoding	multiplication	unsat	unsat	unsat	unsat	unsat	unsat
bitwidth-32-degree-9-seed-23-correctness-reduced-native-encoding-vs-original-subpolynomial-encoding	correctness	unsat					
bitwidth-8-degree-10-seed-23-nonequality-original-subpolynomial-encoding	nonequality	NA	sat	sat	sat	sat	sat
bitwidth-32-degree-9-seed-23-correctness-reduced-native-encoding-vs-reduced-subpolynomial-encoding	correctness	unsat					
bitwidth-8-degree-10-seed-23-root-finding-original-native-encoding	root-finding	NA	sat	sat	sat	sat	sat
bitwidth-8-degree-10-seed-23-root-finding-original-subpolynomial-encoding	root-finding	NA	sat	sat	sat	sat	sat
bitwidth-8-degree-10-seed-23-root-finding-reduced-native-encoding	root-finding	NA	sat	sat	sat	sat	sat
bitwidth-8-degree-10-seed-23-multiplication-original-native-encoding	multiplication	unsat	unsat	unsat	unsat	unsat	unsat
bitwidth-8-degree-10-seed-23-multiplication-reduced-subpolynomial-encoding	multiplication	unsat	unsat	unsat	unsat	unsat	unsat
bitwidth-8-degree-10-seed-23-root-finding-reduced-subpolynomial-encoding	root-finding	NA	sat	sat	sat	sat	sat
bitwidth-32-degree-9-seed-23-nonequality-reduced-native-encoding	nonequality	NA	sat	sat		sat	sat
bitwidth-8-degree-10-seed-23-nonequality-reduced-subpolynomial-encoding	nonequality	NA	sat	sat	sat	sat	sat
bitwidth-8-degree-11-seed-23-bounding-original-native-encoding	bounding	NA	sat	sat	sat	sat	sat
bitwidth-8-degree-11-seed-23-bounding-original-subpolynomial-encoding	bounding	NA	sat	sat	sat	sat	sat
bitwidth-8-degree-11-seed-23-bounding-reduced-native-encoding	bounding	NA	sat	sat	sat	sat	sat
bitwidth-8-degree-11-seed-23-addition-reduced-native-encoding	addition	unsat	unsat	unsat	unsat	unsat	unsat
bitwidth-8-degree-10-seed-23-multiplication-original-subpolynomial-encoding	multiplication	unsat	unsat	unsat	unsat	unsat	unsat
bitwidth-8-degree-11-seed-23-bounding-reduced-subpolynomial-encoding	bounding	NA	sat	sat	sat	sat	sat
bitwidth-8-degree-10-seed-23-nonequality-reduced-native-encoding	nonequality	NA	sat	sat	sat	sat	sat
bitwidth-8-degree-11-seed-23-addition-original-native-encoding	addition	unsat	unsat	unsat	unsat	unsat	unsat
bitwidth-8-degree-11-seed-23-correctness-original-native-encoding-vs-reduced-native-encoding	correctness	unsat	unsat	unsat	unsat	unsat	unsat
bitwidth-8-degree-11-seed-23-correctness-original-native-encoding-vs-original-subpolynomial-encoding	correctness	unsat	unsat	unsat	unsat	unsat	unsat
bitwidth-8-degree-11-seed-23-correctness-original-native-encoding-vs-reduced-subpolynomial-encoding	correctness	unsat	unsat	unsat	unsat	unsat	unsat
bitwidth-8-degree-11-seed-23-equality-original-native-encoding	equality	NA	sat	sat	sat	sat	sat
bitwidth-8-degree-11-seed-23-equality-reduced-native-encoding	equality	NA	sat	sat	sat	sat	sat
bitwidth-8-degree-11-seed-23-correctness-reduced-native-encoding-vs-original-subpolynomial-encoding	correctness	unsat	unsat	unsat	unsat	unsat	unsat
bitwidth-8-degree-11-seed-23-correctness-reduced-native-encoding-vs-reduced-subpolynomial-encoding	correctness	unsat	unsat	unsat	unsat	unsat	unsat
bitwidth-8-degree-11-seed-23-identity-point-original-native-encoding	identity-point	NA	unsat	unsat	unsat	unsat	unsat
bitwidth-8-degree-11-seed-23-identity-point-reduced-native-encoding	identity-point	NA	unsat	unsat	unsat	unsat	unsat
bitwidth-8-degree-11-seed-23-correctness-original-subpolynomial-encoding-vs-reduced-subpolynomial-encoding	correctness	unsat	unsat	unsat	unsat	unsat	unsat
bitwidth-8-degree-11-seed-23-identity-point-original-subpolynomial-encoding	identity-point	NA	unsat	unsat	unsat	unsat	unsat
bitwidth-8-degree-11-seed-23-identity-point-reduced-subpolynomial-encoding	identity-point	NA	unsat	unsat	unsat	unsat	unsat
bitwidth-8-degree-11-seed-23-equality-original-subpolynomial-encoding	equality	NA	sat	sat	sat	sat	sat
bitwidth-8-degree-11-seed-23-addition-original-subpolynomial-encoding	addition	unsat	unsat	unsat	unsat	unsat	unsat
bitwidth-8-degree-11-seed-23-equality-reduced-subpolynomial-encoding	equality	NA	sat	sat	sat	sat	sat
bitwidth-8-degree-11-seed-23-multiplication-reduced-native-encoding	multiplication	unsat	unsat	unsat	unsat	unsat	unsat
bitwidth-8-degree-11-seed-23-addition-reduced-subpolynomial-encoding	addition	unsat	unsat	unsat	unsat	unsat	unsat
bitwidth-8-degree-11-seed-23-nonequality-original-subpolynomial-encoding	nonequality	NA	sat	sat	sat	sat	sat
bitwidth-8-degree-11-seed-23-root-finding-original-native-encoding	root-finding	NA	sat	sat	sat	sat	sat
bitwidth-8-degree-11-seed-23-root-finding-original-subpolynomial-encoding	root-finding	NA	sat	sat	sat	sat	sat
bitwidth-8-degree-11-seed-23-root-finding-reduced-native-encoding	root-finding	NA	sat	sat	sat	sat	sat
bitwidth-8-degree-11-seed-23-root-finding-reduced-subpolynomial-encoding	root-finding	NA	sat	sat	sat	sat	sat
bitwidth-8-degree-11-seed-23-nonequality-reduced-subpolynomial-encoding	nonequality	NA	sat	sat	sat	sat	sat
bitwidth-8-degree-11-seed-23-multiplication-original-native-encoding	multiplication	unsat	unsat	unsat	unsat	unsat	unsat
bitwidth-8-degree-11-seed-23-nonequality-reduced-native-encoding	nonequality	NA	sat	sat	sat	sat	sat
bitwidth-8-degree-11-seed-23-multiplication-original-subpolynomial-encoding	multiplication	unsat	unsat	unsat	unsat	unsat	unsat
bitwidth-8-degree-12-seed-23-bounding-original-native-encoding	bounding	NA	sat	sat	sat	sat	sat
bitwidth-8-degree-12-seed-23-bounding-original-subpolynomial-encoding	bounding	NA	sat	sat	sat	sat	sat
bitwidth-8-degree-12-seed-23-addition-reduced-native-encoding	addition	unsat	unsat	unsat	unsat	unsat	unsat
bitwidth-8-degree-12-seed-23-bounding-reduced-native-encoding	bounding	NA	sat	sat	sat	sat	sat
bitwidth-8-degree-12-seed-23-addition-original-native-encoding	addition	unsat	unsat	unsat	unsat	unsat	unsat
bitwidth-8-degree-12-seed-23-bounding-reduced-subpolynomial-encoding	bounding	NA	sat	sat	sat	sat	sat
bitwidth-8-degree-11-seed-23-multiplication-reduced-subpolynomial-encoding	multiplication	unsat	unsat	unsat	unsat	unsat	unsat
bitwidth-8-degree-12-seed-23-correctness-original-native-encoding-vs-original-subpolynomial-encoding	correctness	unsat	unsat	unsat	unsat	unsat	unsat
bitwidth-8-degree-12-seed-23-correctness-original-native-encoding-vs-reduced-native-encoding	correctness	unsat	unsat	unsat	unsat	unsat	unsat
bitwidth-8-degree-12-seed-23-correctness-original-native-encoding-vs-reduced-subpolynomial-encoding	correctness	unsat	unsat	unsat	unsat	unsat	unsat
bitwidth-8-degree-12-seed-23-correctness-original-subpolynomial-encoding-vs-reduced-subpolynomial-encoding	correctness	unsat	unsat	unsat	unsat	unsat	unsat
bitwidth-8-degree-10-seed-23-nonequality-original-native-encoding	nonequality	NA	sat	sat		sat	sat
bitwidth-8-degree-12-seed-23-correctness-reduced-native-encoding-vs-reduced-subpolynomial-encoding	correctness	unsat	unsat	unsat	unsat	unsat	unsat
bitwidth-8-degree-12-seed-23-correctness-reduced-native-encoding-vs-original-subpolynomial-encoding	correctness	unsat	unsat	unsat	unsat	unsat	unsat
bitwidth-8-degree-12-seed-23-addition-reduced-subpolynomial-encoding	addition	unsat	unsat	unsat	unsat	unsat	unsat
bitwidth-8-degree-12-seed-23-identity-point-original-native-encoding	identity-point	NA	unsat	unsat	unsat	unsat	unsat
bitwidth-8-degree-12-seed-23-identity-point-original-subpolynomial-encoding	identity-point	NA	unsat	unsat	unsat	unsat	unsat
bitwidth-8-degree-12-seed-23-identity-point-reduced-native-encoding	identity-point	NA	unsat	unsat	unsat	unsat	unsat
bitwidth-8-degree-12-seed-23-equality-reduced-native-encoding	equality	NA	unsat	unsat	unsat	unsat	unsat
bitwidth-8-degree-12-seed-23-equality-original-native-encoding	equality	NA	unsat	unsat	unsat	unsat	unsat
bitwidth-8-degree-12-seed-23-identity-point-reduced-subpolynomial-encoding	identity-point	NA	unsat	unsat	unsat	unsat	unsat
bitwidth-8-degree-12-seed-23-addition-original-subpolynomial-encoding	addition	unsat	unsat	unsat	unsat	unsat	unsat
bitwidth-8-degree-12-seed-23-equality-reduced-subpolynomial-encoding	equality	NA	unsat	unsat	unsat	unsat	unsat
bitwidth-8-degree-12-seed-23-equality-original-subpolynomial-encoding	equality	NA	unsat	unsat	unsat	unsat	unsat
bitwidth-8-degree-12-seed-23-multiplication-reduced-native-encoding	multiplication	unsat	unsat	unsat	unsat	unsat	unsat
bitwidth-8-degree-12-seed-23-nonequality-original-subpolynomial-encoding	nonequality	NA	sat	sat	sat	sat	sat
bitwidth-8-degree-12-seed-23-nonequality-reduced-subpolynomial-encoding	nonequality	NA	sat	sat	sat	sat	sat
bitwidth-8-degree-12-seed-23-root-finding-original-native-encoding	root-finding	NA	unsat	unsat	unsat	unsat	unsat
bitwidth-8-degree-12-seed-23-root-finding-reduced-native-encoding	root-finding	NA	unsat	unsat	unsat	unsat	unsat
bitwidth-8-degree-12-seed-23-root-finding-original-subpolynomial-encoding	root-finding	NA	unsat	unsat	unsat	unsat	unsat
bitwidth-8-degree-12-seed-23-root-finding-reduced-subpolynomial-encoding	root-finding	NA	unsat	unsat	unsat	unsat	unsat
bitwidth-8-degree-12-seed-23-multiplication-reduced-subpolynomial-encoding	multiplication	unsat	unsat	unsat	unsat	unsat	unsat
bitwidth-8-degree-12-seed-23-multiplication-original-native-encoding	multiplication	unsat	unsat	unsat	unsat	unsat	unsat
bitwidth-8-degree-13-seed-23-addition-reduced-native-encoding	addition	unsat	unsat	unsat	unsat	unsat	unsat
bitwidth-8-degree-13-seed-23-bounding-original-native-encoding	bounding	NA	sat	sat	sat	sat	sat
bitwidth-8-degree-12-seed-23-multiplication-original-subpolynomial-encoding	multiplication	unsat	unsat	unsat	unsat	unsat	unsat
bitwidth-8-degree-13-seed-23-bounding-reduced-native-encoding	bounding	NA	sat	sat	sat	sat	sat
bitwidth-8-degree-13-seed-23-bounding-original-subpolynomial-encoding	bounding	NA	sat	sat	sat	sat	sat
bitwidth-8-degree-13-seed-23-bounding-reduced-subpolynomial-encoding	bounding	NA	sat	sat	sat	sat	sat
bitwidth-8-degree-13-seed-23-addition-original-native-encoding	addition	unsat	unsat	unsat	unsat	unsat	unsat
bitwidth-8-degree-13-seed-23-correctness-original-native-encoding-vs-reduced-native-encoding	correctness	unsat	unsat	unsat	unsat	unsat	unsat
bitwidth-8-degree-13-seed-23-correctness-original-native-encoding-vs-original-subpolynomial-encoding	correctness	unsat	unsat	unsat	unsat	unsat	unsat
bitwidth-8-degree-13-seed-23-correctness-original-native-encoding-vs-reduced-subpolynomial-encoding	correctness	unsat	unsat	unsat	unsat	unsat	unsat
bitwidth-8-degree-11-seed-23-nonequality-original-native-encoding	nonequality	NA	sat	sat		sat	sat
bitwidth-8-degree-13-seed-23-correctness-reduced-native-encoding-vs-original-subpolynomial-encoding	correctness	unsat	unsat	unsat	unsat	unsat	unsat
bitwidth-8-degree-13-seed-23-addition-original-subpolynomial-encoding	addition	unsat	unsat	unsat	unsat	unsat	unsat
bitwidth-8-degree-13-seed-23-equality-original-native-encoding	equality	NA	sat	sat	sat	sat	sat
bitwidth-8-degree-13-seed-23-equality-reduced-native-encoding	equality	NA	sat	sat	sat	sat	sat
bitwidth-8-degree-13-seed-23-correctness-reduced-native-encoding-vs-reduced-subpolynomial-encoding	correctness	unsat	unsat	unsat	unsat	unsat	unsat
bitwidth-8-degree-13-seed-23-identity-point-original-native-encoding	identity-point	NA	unsat	unsat	unsat	unsat	unsat
bitwidth-8-degree-13-seed-23-identity-point-reduced-native-encoding	identity-point	NA	unsat	unsat	unsat	unsat	unsat
bitwidth-8-degree-13-seed-23-identity-point-original-subpolynomial-encoding	identity-point	NA	unsat	unsat	unsat	unsat	unsat
bitwidth-8-degree-13-seed-23-correctness-original-subpolynomial-encoding-vs-reduced-subpolynomial-encoding	correctness	unsat	unsat	unsat	unsat	unsat	unsat
bitwidth-8-degree-13-seed-23-identity-point-reduced-subpolynomial-encoding	identity-point	NA	unsat	unsat	unsat	unsat	unsat
bitwidth-8-degree-13-seed-23-equality-original-subpolynomial-encoding	equality	NA	sat	sat	sat	sat	sat
bitwidth-8-degree-13-seed-23-equality-reduced-subpolynomial-encoding	equality	NA	sat	sat	sat	sat	sat
bitwidth-8-degree-13-seed-23-multiplication-reduced-native-encoding	multiplication	unsat	unsat	unsat	unsat	unsat	unsat
bitwidth-8-degree-13-seed-23-addition-reduced-subpolynomial-encoding	addition	unsat	unsat	unsat	unsat	unsat	unsat
bitwidth-8-degree-13-seed-23-nonequality-reduced-native-encoding	nonequality	NA	sat	sat	sat	sat	sat
bitwidth-8-degree-13-seed-23-nonequality-original-subpolynomial-encoding	nonequality	NA	sat	sat	sat	sat	sat
bitwidth-8-degree-13-seed-23-root-finding-original-native-encoding	root-finding	NA	unsat	unsat	unsat	unsat	unsat
bitwidth-8-degree-13-seed-23-root-finding-original-subpolynomial-encoding	root-finding	NA	unsat	unsat	unsat	unsat	unsat
bitwidth-8-degree-13-seed-23-root-finding-reduced-native-encoding	root-finding	NA	unsat	unsat	unsat	unsat	unsat
bitwidth-8-degree-13-seed-23-root-finding-reduced-subpolynomial-encoding	root-finding	NA	unsat	unsat	unsat	unsat	unsat
bitwidth-8-degree-13-seed-23-nonequality-reduced-subpolynomial-encoding	nonequality	NA	sat	sat	sat	sat	sat
bitwidth-8-degree-12-seed-23-nonequality-reduced-native-encoding	nonequality	NA	sat	sat	sat	sat	sat
bitwidth-8-degree-13-seed-23-multiplication-original-subpolynomial-encoding	multiplication	unsat	unsat	unsat	unsat	unsat	unsat
bitwidth-8-degree-12-seed-23-nonequality-original-native-encoding	nonequality	NA	sat	sat	sat	sat	sat
bitwidth-8-degree-14-seed-23-bounding-original-native-encoding	bounding	NA	sat	sat	sat	sat	sat
bitwidth-8-degree-14-seed-23-addition-reduced-native-encoding	addition	unsat	unsat	unsat	unsat	unsat	unsat
bitwidth-8-degree-14-seed-23-bounding-reduced-native-encoding	bounding	NA	sat	sat	sat	sat	sat
bitwidth-8-degree-14-seed-23-bounding-original-subpolynomial-encoding	bounding	NA	sat	sat	sat	sat	sat
bitwidth-8-degree-13-seed-23-multiplication-original-native-encoding	multiplication	unsat	unsat	unsat	unsat	unsat	unsat
bitwidth-8-degree-13-seed-23-multiplication-reduced-subpolynomial-encoding	multiplication	unsat	unsat	unsat	unsat	unsat	unsat
bitwidth-8-degree-14-seed-23-bounding-reduced-subpolynomial-encoding	bounding	NA	sat	sat	sat	sat	sat
bitwidth-8-degree-14-seed-23-addition-original-native-encoding	addition	unsat	unsat	unsat	unsat	unsat	unsat
bitwidth-8-degree-14-seed-23-correctness-original-native-encoding-vs-reduced-native-encoding	correctness	unsat	unsat	unsat	unsat	unsat	unsat
bitwidth-8-degree-14-seed-23-correctness-original-subpolynomial-encoding-vs-reduced-subpolynomial-encoding	correctness	unsat	unsat	unsat	unsat	unsat	unsat
bitwidth-8-degree-14-seed-23-correctness-original-native-encoding-vs-original-subpolynomial-encoding	correctness	unsat	unsat	unsat	unsat	unsat	unsat
bitwidth-8-degree-14-seed-23-correctness-original-native-encoding-vs-reduced-subpolynomial-encoding	correctness	unsat	unsat	unsat	unsat	unsat	unsat
bitwidth-8-degree-14-seed-23-equality-original-native-encoding	equality	NA	unsat	unsat	unsat	unsat	unsat
bitwidth-8-degree-14-seed-23-correctness-reduced-native-encoding-vs-original-subpolynomial-encoding	correctness	unsat	unsat	unsat	unsat	unsat	unsat
bitwidth-8-degree-14-seed-23-equality-reduced-native-encoding	equality	NA	unsat	unsat	unsat	unsat	unsat
bitwidth-8-degree-14-seed-23-identity-point-original-native-encoding	identity-point	NA	sat	sat	sat	sat	sat
bitwidth-8-degree-14-seed-23-correctness-reduced-native-encoding-vs-reduced-subpolynomial-encoding	correctness	unsat	unsat	unsat	unsat	unsat	unsat
bitwidth-8-degree-14-seed-23-identity-point-original-subpolynomial-encoding	identity-point	NA	sat	sat	sat	sat	sat
bitwidth-8-degree-14-seed-23-identity-point-reduced-native-encoding	identity-point	NA	sat	sat	sat	sat	sat
bitwidth-8-degree-14-seed-23-identity-point-reduced-subpolynomial-encoding	identity-point	NA	sat	sat	sat	sat	sat
bitwidth-8-degree-14-seed-23-addition-original-subpolynomial-encoding	addition	unsat	unsat	unsat	unsat	unsat	unsat
bitwidth-8-degree-14-seed-23-equality-original-subpolynomial-encoding	equality	NA	unsat	unsat	unsat	unsat	unsat
bitwidth-8-degree-14-seed-23-equality-reduced-subpolynomial-encoding	equality	NA	unsat	unsat	unsat	unsat	unsat
bitwidth-8-degree-14-seed-23-multiplication-reduced-native-encoding	multiplication	unsat	unsat	unsat	unsat	unsat	unsat
bitwidth-8-degree-14-seed-23-addition-reduced-subpolynomial-encoding	addition	unsat	unsat	unsat	unsat	unsat	unsat
bitwidth-8-degree-14-seed-23-nonequality-original-subpolynomial-encoding	nonequality	NA	sat	sat	sat	sat	sat
bitwidth-8-degree-14-seed-23-root-finding-original-native-encoding	root-finding	NA	unsat	unsat	unsat	unsat	unsat
bitwidth-8-degree-14-seed-23-nonequality-reduced-subpolynomial-encoding	nonequality	NA	sat	sat	sat	sat	sat
bitwidth-8-degree-14-seed-23-root-finding-original-subpolynomial-encoding	root-finding	NA	unsat	unsat	unsat	unsat	unsat
bitwidth-8-degree-14-seed-23-root-finding-reduced-native-encoding	root-finding	NA	unsat	unsat	unsat	unsat	unsat
bitwidth-8-degree-14-seed-23-root-finding-reduced-subpolynomial-encoding	root-finding	NA	unsat	unsat	unsat	unsat	unsat
bitwidth-32-degree-9-seed-23-root-finding-original-subpolynomial-encoding	root-finding	NA				sat	sat
bitwidth-8-degree-15-seed-23-addition-reduced-native-encoding	addition	unsat	unsat	unsat	unsat	unsat	unsat
bitwidth-32-degree-9-seed-23-root-finding-reduced-subpolynomial-encoding	root-finding	NA				sat	sat
bitwidth-8-degree-15-seed-23-bounding-original-native-encoding	bounding	NA	sat	sat	sat	sat	sat
bitwidth-8-degree-14-seed-23-multiplication-original-subpolynomial-encoding	multiplication	unsat	unsat	unsat	unsat	unsat	unsat
bitwidth-8-degree-15-seed-23-bounding-reduced-native-encoding	bounding	NA	sat	sat	sat	sat	sat
bitwidth-8-degree-15-seed-23-bounding-original-subpolynomial-encoding	bounding	NA	sat	sat	sat	sat	sat
bitwidth-8-degree-15-seed-23-bounding-reduced-subpolynomial-encoding	bounding	NA	sat	sat	sat	sat	sat
bitwidth-8-degree-14-seed-23-multiplication-reduced-subpolynomial-encoding	multiplication	unsat	unsat	unsat	unsat	unsat	unsat
bitwidth-8-degree-15-seed-23-addition-original-native-encoding	addition	unsat	unsat	unsat	unsat	unsat	unsat
bitwidth-8-degree-13-seed-23-nonequality-original-native-encoding	nonequality	NA	sat	sat		sat	sat
bitwidth-8-degree-15-seed-23-correctness-original-native-encoding-vs-reduced-native-encoding	correctness	unsat	unsat	unsat	unsat	unsat	unsat
bitwidth-8-degree-15-seed-23-correctness-original-native-encoding-vs-original-subpolynomial-encoding	correctness	unsat	unsat	unsat	unsat	unsat	unsat
bitwidth-8-degree-15-seed-23-equality-original-native-encoding	equality	NA	sat	sat	sat	sat	sat
bitwidth-8-degree-15-seed-23-correctness-reduced-native-encoding-vs-original-subpolynomial-encoding	correctness	unsat	unsat	unsat	unsat	unsat	unsat
bitwidth-8-degree-15-seed-23-correctness-reduced-native-encoding-vs-reduced-subpolynomial-encoding	correctness	unsat	unsat	unsat	unsat	unsat	unsat
bitwidth-8-degree-15-seed-23-addition-original-subpolynomial-encoding	addition	unsat	unsat	unsat	unsat	unsat	unsat
bitwidth-8-degree-15-seed-23-equality-reduced-native-encoding	equality	NA	sat	sat	sat	sat	sat
bitwidth-8-degree-15-seed-23-correctness-original-native-encoding-vs-reduced-subpolynomial-encoding	correctness	unsat	unsat	unsat	unsat	unsat	unsat
bitwidth-8-degree-15-seed-23-identity-point-original-native-encoding	identity-point	NA	unsat	unsat	unsat	unsat	unsat
bitwidth-8-degree-15-seed-23-identity-point-reduced-native-encoding	identity-point	NA	unsat	unsat	unsat	unsat	unsat
bitwidth-8-degree-15-seed-23-identity-point-original-subpolynomial-encoding	identity-point	NA	unsat	unsat	unsat	unsat	unsat
bitwidth-8-degree-15-seed-23-identity-point-reduced-subpolynomial-encoding	identity-point	NA	unsat	unsat	unsat	unsat	unsat
bitwidth-8-degree-15-seed-23-correctness-original-subpolynomial-encoding-vs-reduced-subpolynomial-encoding	correctness	unsat	unsat	unsat	unsat	unsat	unsat
bitwidth-8-degree-14-seed-23-multiplication-original-native-encoding	multiplication	unsat	unsat	unsat	unsat	unsat	unsat
bitwidth-8-degree-15-seed-23-equality-original-subpolynomial-encoding	equality	NA	sat	sat	sat	sat	sat
bitwidth-8-degree-15-seed-23-equality-reduced-subpolynomial-encoding	equality	NA	sat	sat	sat	sat	sat
bitwidth-8-degree-15-seed-23-multiplication-reduced-native-encoding	multiplication	unsat	unsat	unsat	unsat	unsat	unsat
bitwidth-8-degree-15-seed-23-addition-reduced-subpolynomial-encoding	addition	unsat	unsat	unsat	unsat	unsat	unsat
bitwidth-8-degree-15-seed-23-root-finding-original-native-encoding	root-finding	NA	sat	sat	sat	sat	sat
bitwidth-8-degree-15-seed-23-nonequality-original-subpolynomial-encoding	nonequality	NA	sat	sat	sat	sat	sat
bitwidth-8-degree-15-seed-23-root-finding-reduced-native-encoding	root-finding	NA	sat	sat	sat	sat	sat
bitwidth-8-degree-15-seed-23-root-finding-original-subpolynomial-encoding	root-finding	NA	sat	sat	sat	sat	sat
bitwidth-8-degree-15-seed-23-root-finding-reduced-subpolynomial-encoding	root-finding	NA	sat	sat	sat	sat	sat
bitwidth-8-degree-15-seed-23-nonequality-reduced-native-encoding	nonequality	NA	sat	sat	sat	sat	sat
bitwidth-8-degree-15-seed-23-nonequality-reduced-subpolynomial-encoding	nonequality	NA	sat	sat	sat	sat	sat
bitwidth-8-degree-16-seed-23-addition-reduced-native-encoding	addition	unsat	unsat	unsat	unsat	unsat	unsat
bitwidth-8-degree-16-seed-23-bounding-original-native-encoding	bounding	NA	sat	sat	sat	sat	sat
bitwidth-8-degree-16-seed-23-bounding-original-subpolynomial-encoding	bounding	NA	sat	sat	sat	sat	sat
bitwidth-8-degree-16-seed-23-bounding-reduced-native-encoding	bounding	NA	sat	sat	sat	sat	sat
bitwidth-8-degree-16-seed-23-bounding-reduced-subpolynomial-encoding	bounding	NA	sat	sat	sat	sat	sat
bitwidth-8-degree-15-seed-23-multiplication-original-subpolynomial-encoding	multiplication	unsat	unsat	unsat	unsat	unsat	unsat
bitwidth-8-degree-14-seed-23-nonequality-reduced-native-encoding	nonequality	NA	sat	sat	sat	sat	sat
bitwidth-8-degree-15-seed-23-multiplication-reduced-subpolynomial-encoding	multiplication	unsat	unsat	unsat	unsat	unsat	unsat
bitwidth-8-degree-16-seed-23-correctness-original-native-encoding-vs-reduced-native-encoding	correctness	unsat	unsat	unsat	unsat	unsat	unsat
bitwidth-8-degree-16-seed-23-addition-original-native-encoding	addition	unsat	unsat	unsat	unsat	unsat	unsat
bitwidth-8-degree-16-seed-23-correctness-original-native-encoding-vs-original-subpolynomial-encoding	correctness	unsat	unsat	unsat	unsat	unsat	unsat
bitwidth-8-degree-16-seed-23-addition-original-subpolynomial-encoding	addition	unsat	unsat	unsat	unsat	unsat	unsat
bitwidth-8-degree-16-seed-23-addition-reduced-subpolynomial-encoding	addition	unsat	unsat	unsat	unsat	unsat	unsat
bitwidth-8-degree-16-seed-23-correctness-reduced-native-encoding-vs-original-subpolynomial-encoding	correctness	unsat	unsat	unsat	unsat	unsat	unsat
bitwidth-8-degree-14-seed-23-nonequality-original-native-encoding	nonequality	NA	sat	sat		sat	sat
bitwidth-8-degree-16-seed-23-correctness-reduced-native-encoding-vs-reduced-subpolynomial-encoding	correctness	unsat	unsat	unsat	unsat	unsat	unsat
bitwidth-8-degree-16-seed-23-correctness-original-subpolynomial-encoding-vs-reduced-subpolynomial-encoding	correctness	unsat	unsat	unsat	unsat	unsat	unsat
bitwidth-8-degree-16-seed-23-equality-reduced-native-encoding	equality	NA	unsat	unsat	unsat	unsat	unsat
bitwidth-8-degree-16-seed-23-identity-point-reduced-native-encoding	identity-point	NA	sat	sat	sat	sat	sat
bitwidth-8-degree-16-seed-23-identity-point-original-subpolynomial-encoding	identity-point	NA	sat	sat	sat	sat	sat
bitwidth-8-degree-16-seed-23-correctness-original-native-encoding-vs-reduced-subpolynomial-encoding	correctness	unsat	unsat	unsat	unsat	unsat	unsat
bitwidth-8-degree-16-seed-23-identity-point-reduced-subpolynomial-encoding	identity-point	NA	sat	sat	sat	sat	sat
bitwidth-8-degree-16-seed-23-equality-original-native-encoding	equality	NA	unsat	unsat	unsat	unsat	unsat
bitwidth-8-degree-16-seed-23-identity-point-original-native-encoding	identity-point	NA	sat	sat	sat	sat	sat
bitwidth-8-degree-16-seed-23-equality-reduced-subpolynomial-encoding	equality	NA	unsat	unsat	unsat	unsat	unsat
bitwidth-8-degree-16-seed-23-equality-original-subpolynomial-encoding	equality	NA	unsat	unsat	unsat	unsat	unsat
bitwidth-8-degree-16-seed-23-multiplication-reduced-native-encoding	multiplication	unsat	unsat	unsat	unsat	unsat	unsat
bitwidth-8-degree-16-seed-23-root-finding-original-native-encoding	root-finding	NA	unsat	unsat	unsat	unsat	unsat
bitwidth-8-degree-16-seed-23-root-finding-original-subpolynomial-encoding	root-finding	NA	unsat	unsat	unsat	unsat	unsat
bitwidth-8-degree-16-seed-23-root-finding-reduced-native-encoding	root-finding	NA	unsat	unsat	unsat	unsat	unsat
bitwidth-8-degree-16-seed-23-root-finding-reduced-subpolynomial-encoding	root-finding	NA	unsat	unsat	unsat	unsat	unsat
bitwidth-8-degree-15-seed-23-multiplication-original-native-encoding	multiplication	unsat	unsat	unsat	unsat	unsat	unsat
bitwidth-8-degree-2-seed-23-addition-original-native-encoding	addition	unsat	unsat	unsat	unsat	unsat	unsat
bitwidth-8-degree-2-seed-23-addition-original-subpolynomial-encoding	addition	unsat	unsat	unsat	unsat	unsat	unsat
bitwidth-8-degree-2-seed-23-addition-reduced-native-encoding	addition	unsat	unsat	unsat	unsat	unsat	unsat
bitwidth-8-degree-16-seed-23-nonequality-reduced-subpolynomial-encoding	nonequality	NA	sat	sat	sat	sat	sat
bitwidth-8-degree-16-seed-23-nonequality-original-subpolynomial-encoding	nonequality	NA	sat	sat	sat	sat	sat
bitwidth-8-degree-2-seed-23-bounding-original-native-encoding	bounding	NA	sat	sat	sat	sat	sat
bitwidth-8-degree-2-seed-23-bounding-original-subpolynomial-encoding	bounding	NA	sat	sat	sat	sat	sat
bitwidth-8-degree-2-seed-23-bounding-reduced-native-encoding	bounding	NA	sat	sat	sat	sat	sat
bitwidth-8-degree-2-seed-23-bounding-reduced-subpolynomial-encoding	bounding	NA	sat	sat	sat	sat	sat
bitwidth-8-degree-2-seed-23-addition-reduced-subpolynomial-encoding	addition	unsat	unsat	unsat	unsat	unsat	unsat
bitwidth-8-degree-2-seed-23-correctness-original-native-encoding-vs-reduced-native-encoding	correctness	unsat	unsat	unsat	unsat	unsat	unsat
bitwidth-8-degree-2-seed-23-correctness-original-native-encoding-vs-original-subpolynomial-encoding	correctness	unsat	unsat	unsat	unsat	unsat	unsat
bitwidth-8-degree-2-seed-23-correctness-original-subpolynomial-encoding-vs-reduced-subpolynomial-encoding	correctness	unsat	unsat	unsat	unsat	unsat	unsat
bitwidth-8-degree-2-seed-23-correctness-original-native-encoding-vs-reduced-subpolynomial-encoding	correctness	unsat	unsat	unsat	unsat	unsat	unsat
bitwidth-8-degree-2-seed-23-equality-original-native-encoding	equality	NA	sat	sat	sat	sat	sat
bitwidth-8-degree-2-seed-23-correctness-reduced-native-encoding-vs-original-subpolynomial-encoding	correctness	unsat	unsat	unsat	unsat	unsat	unsat
bitwidth-8-degree-2-seed-23-equality-original-subpolynomial-encoding	equality	NA	sat	sat	sat	sat	sat
bitwidth-8-degree-2-seed-23-correctness-reduced-native-encoding-vs-reduced-subpolynomial-encoding	correctness	unsat	unsat	unsat	unsat	unsat	unsat
bitwidth-8-degree-2-seed-23-identity-point-original-native-encoding	identity-point	NA	unsat	unsat	unsat	unsat	unsat
bitwidth-8-degree-2-seed-23-equality-reduced-native-encoding	equality	NA	sat	sat	sat	sat	sat
bitwidth-8-degree-2-seed-23-equality-reduced-subpolynomial-encoding	equality	NA	sat	sat	sat	sat	sat
bitwidth-8-degree-2-seed-23-identity-point-original-subpolynomial-encoding	identity-point	NA	unsat	unsat	unsat	unsat	unsat
bitwidth-8-degree-2-seed-23-identity-point-reduced-native-encoding	identity-point	NA	unsat	unsat	unsat	unsat	unsat
bitwidth-8-degree-2-seed-23-identity-point-reduced-subpolynomial-encoding	identity-point	NA	unsat	unsat	unsat	unsat	unsat
bitwidth-8-degree-2-seed-23-multiplication-original-native-encoding	multiplication	unsat	unsat	unsat	unsat	unsat	unsat
bitwidth-8-degree-2-seed-23-multiplication-reduced-native-encoding	multiplication	unsat	unsat	unsat	unsat	unsat	unsat
bitwidth-8-degree-2-seed-23-nonequality-original-native-encoding	nonequality	NA	sat	sat	sat	sat	sat
bitwidth-8-degree-2-seed-23-nonequality-original-subpolynomial-encoding	nonequality	NA	sat	sat	sat	sat	sat
bitwidth-8-degree-2-seed-23-nonequality-reduced-native-encoding	nonequality	NA	sat	sat	sat	sat	sat
bitwidth-8-degree-2-seed-23-multiplication-original-subpolynomial-encoding	multiplication	unsat	unsat	unsat	unsat	unsat	unsat
bitwidth-8-degree-2-seed-23-multiplication-reduced-subpolynomial-encoding	multiplication	unsat	unsat	unsat	unsat	unsat	unsat
bitwidth-8-degree-2-seed-23-nonequality-reduced-subpolynomial-encoding	nonequality	NA	sat	sat	sat	sat	sat
bitwidth-8-degree-2-seed-23-root-finding-original-native-encoding	root-finding	NA	sat	sat	sat	sat	sat
bitwidth-8-degree-2-seed-23-root-finding-original-subpolynomial-encoding	root-finding	NA	sat	sat	sat	sat	sat
bitwidth-8-degree-2-seed-23-root-finding-reduced-native-encoding	root-finding	NA	sat	sat	sat	sat	sat
bitwidth-8-degree-2-seed-23-root-finding-reduced-subpolynomial-encoding	root-finding	NA	sat	sat	sat	sat	sat
bitwidth-8-degree-3-seed-23-addition-original-native-encoding	addition	unsat	unsat	unsat	unsat	unsat	unsat
bitwidth-8-degree-3-seed-23-addition-reduced-native-encoding	addition	unsat	unsat	unsat	unsat	unsat	unsat
bitwidth-8-degree-3-seed-23-bounding-original-native-encoding	bounding	NA	sat	sat	sat	sat	sat
bitwidth-8-degree-3-seed-23-bounding-reduced-native-encoding	bounding	NA	sat	sat	sat	sat	sat
bitwidth-8-degree-3-seed-23-bounding-original-subpolynomial-encoding	bounding	NA	sat	sat	sat	sat	sat
bitwidth-8-degree-3-seed-23-bounding-reduced-subpolynomial-encoding	bounding	NA	sat	sat	sat	sat	sat
bitwidth-8-degree-3-seed-23-correctness-original-native-encoding-vs-reduced-native-encoding	correctness	unsat	unsat	unsat	unsat	unsat	unsat
bitwidth-8-degree-3-seed-23-addition-original-subpolynomial-encoding	addition	unsat	unsat	unsat	unsat	unsat	unsat
bitwidth-8-degree-3-seed-23-correctness-original-native-encoding-vs-original-subpolynomial-encoding	correctness	unsat	unsat	unsat	unsat	unsat	unsat
bitwidth-8-degree-3-seed-23-addition-reduced-subpolynomial-encoding	addition	unsat	unsat	unsat	unsat	unsat	unsat
bitwidth-8-degree-3-seed-23-correctness-original-subpolynomial-encoding-vs-reduced-subpolynomial-encoding	correctness	unsat	unsat	unsat	unsat	unsat	unsat
bitwidth-8-degree-3-seed-23-correctness-original-native-encoding-vs-reduced-subpolynomial-encoding	correctness	unsat	unsat	unsat	unsat	unsat	unsat
bitwidth-8-degree-3-seed-23-equality-original-native-encoding	equality	NA	sat	sat	sat	sat	sat
bitwidth-8-degree-3-seed-23-correctness-reduced-native-encoding-vs-original-subpolynomial-encoding	correctness	unsat	unsat	unsat	unsat	unsat	unsat
bitwidth-8-degree-3-seed-23-correctness-reduced-native-encoding-vs-reduced-subpolynomial-encoding	correctness	unsat	unsat	unsat	unsat	unsat	unsat
bitwidth-8-degree-3-seed-23-equality-reduced-native-encoding	equality	NA	sat	sat	sat	sat	sat
bitwidth-8-degree-16-seed-23-nonequality-reduced-native-encoding	nonequality	NA	sat	sat	sat	sat	sat
bitwidth-8-degree-3-seed-23-equality-original-subpolynomial-encoding	equality	NA	sat	sat	sat	sat	sat
bitwidth-8-degree-3-seed-23-identity-point-original-native-encoding	identity-point	NA	unsat	unsat	unsat	unsat	unsat
bitwidth-8-degree-16-seed-23-multiplication-reduced-subpolynomial-encoding	multiplication	unsat	unsat	unsat	unsat	unsat	unsat
bitwidth-8-degree-3-seed-23-identity-point-original-subpolynomial-encoding	identity-point	NA	unsat	unsat	unsat	unsat	unsat
bitwidth-8-degree-3-seed-23-identity-point-reduced-native-encoding	identity-point	NA	unsat	unsat	unsat	unsat	unsat
bitwidth-8-degree-3-seed-23-equality-reduced-subpolynomial-encoding	equality	NA	sat	sat	sat	sat	sat
bitwidth-8-degree-3-seed-23-identity-point-reduced-subpolynomial-encoding	identity-point	NA	unsat	unsat	unsat	unsat	unsat
bitwidth-8-degree-3-seed-23-nonequality-original-native-encoding	nonequality	NA	sat	sat	sat	sat	sat
bitwidth-8-degree-3-seed-23-nonequality-original-subpolynomial-encoding	nonequality	NA	sat	sat	sat	sat	sat
bitwidth-8-degree-3-seed-23-multiplication-original-native-encoding	multiplication	unsat	unsat	unsat	unsat	unsat	unsat
bitwidth-8-degree-16-seed-23-multiplication-original-subpolynomial-encoding	multiplication	unsat	unsat	unsat	unsat	unsat	unsat
bitwidth-8-degree-3-seed-23-multiplication-reduced-native-encoding	multiplication	unsat	unsat	unsat	unsat	unsat	unsat
bitwidth-8-degree-3-seed-23-nonequality-reduced-native-encoding	nonequality	NA	sat	sat	sat	sat	sat
bitwidth-8-degree-3-seed-23-root-finding-original-native-encoding	root-finding	NA	sat	sat	sat	sat	sat
bitwidth-8-degree-3-seed-23-root-finding-reduced-native-encoding	root-finding	NA	sat	sat	sat	sat	sat
bitwidth-8-degree-3-seed-23-root-finding-original-subpolynomial-encoding	root-finding	NA	sat	sat	sat	sat	sat
bitwidth-8-degree-3-seed-23-nonequality-reduced-subpolynomial-encoding	nonequality	NA	sat	sat	sat	sat	sat
bitwidth-8-degree-3-seed-23-root-finding-reduced-subpolynomial-encoding	root-finding	NA	sat	sat	sat	sat	sat
bitwidth-8-degree-4-seed-23-bounding-original-native-encoding	bounding	NA	sat	sat	sat	sat	sat
bitwidth-8-degree-4-seed-23-addition-original-native-encoding	addition	unsat	unsat	unsat	unsat	unsat	unsat
bitwidth-8-degree-4-seed-23-bounding-original-subpolynomial-encoding	bounding	NA	sat	sat	sat	sat	sat
bitwidth-8-degree-4-seed-23-addition-reduced-native-encoding	addition	unsat	unsat	unsat	unsat	unsat	unsat
bitwidth-8-degree-4-seed-23-bounding-reduced-native-encoding	bounding	NA	sat	sat	sat	sat	sat
bitwidth-8-degree-4-seed-23-bounding-reduced-subpolynomial-encoding	bounding	NA	sat	sat	sat	sat	sat
bitwidth-8-degree-4-seed-23-correctness-original-native-encoding-vs-reduced-native-encoding	correctness	unsat	unsat	unsat	unsat	unsat	unsat
bitwidth-8-degree-3-seed-23-multiplication-original-subpolynomial-encoding	multiplication	unsat	unsat	unsat	unsat	unsat	unsat
bitwidth-8-degree-4-seed-23-correctness-original-native-encoding-vs-original-subpolynomial-encoding	correctness	unsat	unsat	unsat	unsat	unsat	unsat
bitwidth-8-degree-3-seed-23-multiplication-reduced-subpolynomial-encoding	multiplication	unsat	unsat	unsat	unsat	unsat	unsat
bitwidth-8-degree-4-seed-23-equality-original-native-encoding	equality	NA	sat	sat	sat	sat	sat
bitwidth-8-degree-4-seed-23-correctness-original-native-encoding-vs-reduced-subpolynomial-encoding	correctness	unsat	unsat	unsat	unsat	unsat	unsat
bitwidth-8-degree-4-seed-23-equality-reduced-native-encoding	equality	NA	sat	sat	sat	sat	sat
bitwidth-8-degree-4-seed-23-correctness-reduced-native-encoding-vs-reduced-subpolynomial-encoding	correctness	unsat	unsat	unsat	unsat	unsat	unsat
bitwidth-8-degree-4-seed-23-correctness-reduced-native-encoding-vs-original-subpolynomial-encoding	correctness	unsat	unsat	unsat	unsat	unsat	unsat
bitwidth-8-degree-4-seed-23-correctness-original-subpolynomial-encoding-vs-reduced-subpolynomial-encoding	correctness	unsat	unsat	unsat	unsat	unsat	unsat
bitwidth-8-degree-4-seed-23-identity-point-original-native-encoding	identity-point	NA	unsat	unsat	unsat	unsat	unsat
bitwidth-8-degree-4-seed-23-identity-point-original-subpolynomial-encoding	identity-point	NA	unsat	unsat	unsat	unsat	unsat
bitwidth-8-degree-4-seed-23-identity-point-reduced-native-encoding	identity-point	NA	unsat	unsat	unsat	unsat	unsat
bitwidth-8-degree-4-seed-23-equality-original-subpolynomial-encoding	equality	NA	sat	sat	sat	sat	sat
bitwidth-8-degree-4-seed-23-identity-point-reduced-subpolynomial-encoding	identity-point	NA	unsat	unsat	unsat	unsat	unsat
bitwidth-8-degree-4-seed-23-equality-reduced-subpolynomial-encoding	equality	NA	sat	sat	sat	sat	sat
bitwidth-8-degree-4-seed-23-addition-reduced-subpolynomial-encoding	addition	unsat	unsat	unsat	unsat	unsat	unsat
bitwidth-8-degree-4-seed-23-addition-original-subpolynomial-encoding	addition	unsat	unsat	unsat	unsat	unsat	unsat
bitwidth-8-degree-4-seed-23-multiplication-original-native-encoding	multiplication	unsat	unsat	unsat	unsat	unsat	unsat
bitwidth-8-degree-4-seed-23-multiplication-reduced-native-encoding	multiplication	unsat	unsat	unsat	unsat	unsat	unsat
bitwidth-8-degree-4-seed-23-root-finding-original-native-encoding	root-finding	NA	unsat	unsat	unsat	unsat	unsat
bitwidth-8-degree-4-seed-23-nonequality-original-subpolynomial-encoding	nonequality	NA	sat	sat	sat	sat	sat
bitwidth-8-degree-4-seed-23-root-finding-reduced-native-encoding	root-finding	NA	unsat	unsat	unsat	unsat	unsat
bitwidth-8-degree-4-seed-23-root-finding-original-subpolynomial-encoding	root-finding	NA	unsat	unsat	unsat	unsat	unsat
bitwidth-8-degree-4-seed-23-root-finding-reduced-subpolynomial-encoding	root-finding	NA	unsat	unsat	unsat	unsat	unsat
bitwidth-8-degree-4-seed-23-nonequality-reduced-subpolynomial-encoding	nonequality	NA	sat	sat	sat	sat	sat
bitwidth-8-degree-5-seed-23-addition-original-native-encoding	addition	unsat	unsat	unsat	unsat	unsat	unsat
bitwidth-8-degree-5-seed-23-addition-reduced-native-encoding	addition	unsat	unsat	unsat	unsat	unsat	unsat
bitwidth-8-degree-15-seed-23-nonequality-original-native-encoding	nonequality	NA	sat	sat		sat	sat
bitwidth-8-degree-5-seed-23-bounding-original-native-encoding	bounding	NA	sat	sat	sat	sat	sat
bitwidth-8-degree-5-seed-23-bounding-reduced-native-encoding	bounding	NA	sat	sat	sat	sat	sat
bitwidth-8-degree-5-seed-23-bounding-original-subpolynomial-encoding	bounding	NA	sat	sat	sat	sat	sat
bitwidth-8-degree-5-seed-23-bounding-reduced-subpolynomial-encoding	bounding	NA	sat	sat	sat	sat	sat
bitwidth-8-degree-5-seed-23-correctness-original-native-encoding-vs-reduced-native-encoding	correctness	unsat	unsat	unsat	unsat	unsat	unsat
bitwidth-8-degree-5-seed-23-correctness-original-native-encoding-vs-original-subpolynomial-encoding	correctness	unsat	unsat	unsat	unsat	unsat	unsat
bitwidth-8-degree-4-seed-23-multiplication-original-subpolynomial-encoding	multiplication	unsat	unsat	unsat	unsat	unsat	unsat
bitwidth-8-degree-4-seed-23-multiplication-reduced-subpolynomial-encoding	multiplication	unsat	unsat	unsat	unsat	unsat	unsat
bitwidth-8-degree-5-seed-23-correctness-original-native-encoding-vs-reduced-subpolynomial-encoding	correctness	unsat	unsat	unsat	unsat	unsat	unsat
bitwidth-8-degree-5-seed-23-correctness-reduced-native-encoding-vs-original-subpolynomial-encoding	correctness	unsat	unsat	unsat	unsat	unsat	unsat
bitwidth-8-degree-4-seed-23-nonequality-original-native-encoding	nonequality	NA	sat	sat	sat	sat	sat
bitwidth-8-degree-5-seed-23-equality-original-native-encoding	equality	NA	sat	sat	sat	sat	sat
bitwidth-8-degree-5-seed-23-correctness-reduced-native-encoding-vs-reduced-subpolynomial-encoding	correctness	unsat	unsat	unsat	unsat	unsat	unsat
bitwidth-8-degree-4-seed-23-nonequality-reduced-native-encoding	nonequality	NA	sat	sat	sat	sat	sat
bitwidth-8-degree-5-seed-23-equality-reduced-native-encoding	equality	NA	sat	sat	sat	sat	sat
bitwidth-8-degree-5-seed-23-identity-point-original-native-encoding	identity-point	NA	unsat	unsat	unsat	unsat	unsat
bitwidth-8-degree-5-seed-23-correctness-original-subpolynomial-encoding-vs-reduced-subpolynomial-encoding	correctness	unsat	unsat	unsat	unsat	unsat	unsat
bitwidth-8-degree-5-seed-23-identity-point-reduced-native-encoding	identity-point	NA	unsat	unsat	unsat	unsat	unsat
bitwidth-8-degree-5-seed-23-identity-point-original-subpolynomial-encoding	identity-point	NA	unsat	unsat	unsat	unsat	unsat
bitwidth-8-degree-5-seed-23-identity-point-reduced-subpolynomial-encoding	identity-point	NA	unsat	unsat	unsat	unsat	unsat
bitwidth-8-degree-5-seed-23-addition-original-subpolynomial-encoding	addition	unsat	unsat	unsat	unsat	unsat	unsat
bitwidth-8-degree-5-seed-23-equality-reduced-subpolynomial-encoding	equality	NA	sat	sat	sat	sat	sat
bitwidth-8-degree-5-seed-23-equality-original-subpolynomial-encoding	equality	NA	sat	sat	sat	sat	sat
bitwidth-8-degree-5-seed-23-addition-reduced-subpolynomial-encoding	addition	unsat	unsat	unsat	unsat	unsat	unsat
bitwidth-8-degree-5-seed-23-multiplication-original-native-encoding	multiplication	unsat	unsat	unsat	unsat	unsat	unsat
bitwidth-8-degree-5-seed-23-multiplication-reduced-native-encoding	multiplication	unsat	unsat	unsat	unsat	unsat	unsat
bitwidth-8-degree-5-seed-23-root-finding-original-native-encoding	root-finding	NA	sat	sat	sat	sat	sat
bitwidth-8-degree-5-seed-23-nonequality-original-subpolynomial-encoding	nonequality	NA	sat	sat	sat	sat	sat
bitwidth-8-degree-5-seed-23-root-finding-original-subpolynomial-encoding	root-finding	NA	sat	sat	sat	sat	sat
bitwidth-8-degree-5-seed-23-nonequality-reduced-subpolynomial-encoding	nonequality	NA	sat	sat	sat	sat	sat
bitwidth-8-degree-5-seed-23-root-finding-reduced-native-encoding	root-finding	NA	sat	sat	sat	sat	sat
bitwidth-8-degree-5-seed-23-root-finding-reduced-subpolynomial-encoding	root-finding	NA	sat	sat	sat	sat	sat
bitwidth-8-degree-6-seed-23-addition-original-native-encoding	addition	unsat	unsat	unsat	unsat	unsat	unsat
bitwidth-8-degree-6-seed-23-addition-reduced-native-encoding	addition	unsat	unsat	unsat	unsat	unsat	unsat
bitwidth-8-degree-6-seed-23-bounding-original-native-encoding	bounding	NA	sat	sat	sat	sat	sat
bitwidth-8-degree-6-seed-23-bounding-reduced-native-encoding	bounding	NA	sat	sat	sat	sat	sat
bitwidth-8-degree-6-seed-23-bounding-original-subpolynomial-encoding	bounding	NA	sat	sat	sat	sat	sat
bitwidth-8-degree-6-seed-23-bounding-reduced-subpolynomial-encoding	bounding	NA	sat	sat	sat	sat	sat
bitwidth-8-degree-6-seed-23-correctness-original-native-encoding-vs-reduced-native-encoding	correctness	unsat	unsat	unsat	unsat	unsat	unsat
bitwidth-8-degree-16-seed-23-multiplication-original-native-encoding	multiplication	unsat	unsat	unsat	unsat	unsat	unsat
bitwidth-8-degree-6-seed-23-correctness-original-native-encoding-vs-original-subpolynomial-encoding	correctness	unsat	unsat	unsat	unsat	unsat	unsat
bitwidth-8-degree-5-seed-23-multiplication-original-subpolynomial-encoding	multiplication	unsat	unsat	unsat	unsat	unsat	unsat
bitwidth-8-degree-5-seed-23-multiplication-reduced-subpolynomial-encoding	multiplication	unsat	unsat	unsat	unsat	unsat	unsat
bitwidth-8-degree-6-seed-23-equality-original-native-encoding	equality	NA	sat	sat	sat	sat	sat
bitwidth-8-degree-5-seed-23-nonequality-original-native-encoding	nonequality	NA	sat	sat	sat	sat	sat
bitwidth-8-degree-6-seed-23-correctness-original-native-encoding-vs-reduced-subpolynomial-encoding	correctness	unsat	unsat	unsat	unsat	unsat	unsat
bitwidth-8-degree-6-seed-23-equality-reduced-native-encoding	equality	NA	sat	sat	sat	sat	sat
bitwidth-8-degree-6-seed-23-correctness-reduced-native-encoding-vs-original-subpolynomial-encoding	correctness	unsat	unsat	unsat	unsat	unsat	unsat
bitwidth-8-degree-6-seed-23-identity-point-original-native-encoding	identity-point	NA	unsat	unsat	unsat	unsat	unsat
bitwidth-8-degree-5-seed-23-nonequality-reduced-native-encoding	nonequality	NA	sat	sat	sat	sat	sat
bitwidth-8-degree-6-seed-23-correctness-reduced-native-encoding-vs-reduced-subpolynomial-encoding	correctness	unsat	unsat	unsat	unsat	unsat	unsat
bitwidth-8-degree-6-seed-23-identity-point-reduced-native-encoding	identity-point	NA	unsat	unsat	unsat	unsat	unsat
bitwidth-8-degree-6-seed-23-identity-point-original-subpolynomial-encoding	identity-point	NA	unsat	unsat	unsat	unsat	unsat
bitwidth-8-degree-6-seed-23-identity-point-reduced-subpolynomial-encoding	identity-point	NA	unsat	unsat	unsat	unsat	unsat
bitwidth-8-degree-6-seed-23-correctness-original-subpolynomial-encoding-vs-reduced-subpolynomial-encoding	correctness	unsat	unsat	unsat	unsat	unsat	unsat
bitwidth-8-degree-6-seed-23-equality-original-subpolynomial-encoding	equality	NA	sat	sat	sat	sat	sat
bitwidth-8-degree-6-seed-23-multiplication-reduced-native-encoding	multiplication	unsat	unsat	unsat	unsat	unsat	unsat
bitwidth-8-degree-6-seed-23-multiplication-original-native-encoding	multiplication	unsat	unsat	unsat	unsat	unsat	unsat
bitwidth-8-degree-6-seed-23-equality-reduced-subpolynomial-encoding	equality	NA	sat	sat	sat	sat	sat
bitwidth-8-degree-6-seed-23-root-finding-original-native-encoding	root-finding	NA	unsat	unsat	unsat	unsat	unsat
bitwidth-8-degree-6-seed-23-root-finding-original-subpolynomial-encoding	root-finding	NA	unsat	unsat	unsat	unsat	unsat
bitwidth-8-degree-6-seed-23-root-finding-reduced-native-encoding	root-finding	NA	unsat	unsat	unsat	unsat	unsat
bitwidth-8-degree-6-seed-23-root-finding-reduced-subpolynomial-encoding	root-finding	NA	unsat	unsat	unsat	unsat	unsat
bitwidth-8-degree-6-seed-23-addition-original-subpolynomial-encoding	addition	unsat	unsat	unsat	unsat	unsat	unsat
bitwidth-8-degree-6-seed-23-addition-reduced-subpolynomial-encoding	addition	unsat	unsat	unsat	unsat	unsat	unsat
bitwidth-8-degree-6-seed-23-nonequality-original-subpolynomial-encoding	nonequality	NA	sat	sat	sat	sat	sat
bitwidth-8-degree-6-seed-23-nonequality-reduced-subpolynomial-encoding	nonequality	NA	sat	sat	sat	sat	sat
bitwidth-8-degree-7-seed-23-bounding-original-native-encoding	bounding	NA	sat	sat	sat	sat	sat
bitwidth-8-degree-7-seed-23-addition-original-native-encoding	addition	unsat	unsat	unsat	unsat	unsat	unsat
bitwidth-8-degree-7-seed-23-bounding-reduced-native-encoding	bounding	NA	sat	sat	sat	sat	sat
bitwidth-8-degree-16-seed-23-nonequality-original-native-encoding	nonequality	NA	sat	sat		sat	sat
bitwidth-8-degree-7-seed-23-addition-reduced-native-encoding	addition	unsat	unsat	unsat	unsat	unsat	unsat
bitwidth-8-degree-7-seed-23-bounding-original-subpolynomial-encoding	bounding	NA	sat	sat	sat	sat	sat
bitwidth-8-degree-7-seed-23-bounding-reduced-subpolynomial-encoding	bounding	NA	sat	sat	sat	sat	sat
bitwidth-8-degree-7-seed-23-correctness-original-native-encoding-vs-reduced-native-encoding	correctness	unsat	unsat	unsat	unsat	unsat	unsat
bitwidth-8-degree-7-seed-23-correctness-original-native-encoding-vs-original-subpolynomial-encoding	correctness	unsat	unsat	unsat	unsat	unsat	unsat
bitwidth-8-degree-7-seed-23-correctness-original-native-encoding-vs-reduced-subpolynomial-encoding	correctness	unsat	unsat	unsat	unsat	unsat	unsat
bitwidth-8-degree-7-seed-23-equality-original-native-encoding	equality	NA	sat	sat	sat	sat	sat
bitwidth-8-degree-7-seed-23-correctness-reduced-native-encoding-vs-original-subpolynomial-encoding	correctness	unsat	unsat	unsat	unsat	unsat	unsat
bitwidth-8-degree-7-seed-23-equality-reduced-native-encoding	equality	NA	sat	sat	sat	sat	sat
bitwidth-8-degree-7-seed-23-correctness-reduced-native-encoding-vs-reduced-subpolynomial-encoding	correctness	unsat	unsat	unsat	unsat	unsat	unsat
bitwidth-8-degree-7-seed-23-identity-point-original-native-encoding	identity-point	NA	sat	sat	sat	sat	sat
bitwidth-8-degree-6-seed-23-multiplication-original-subpolynomial-encoding	multiplication	unsat	unsat	unsat	unsat	unsat	unsat
bitwidth-8-degree-7-seed-23-correctness-original-subpolynomial-encoding-vs-reduced-subpolynomial-encoding	correctness	unsat	unsat	unsat	unsat	unsat	unsat
bitwidth-8-degree-7-seed-23-identity-point-original-subpolynomial-encoding	identity-point	NA	sat	sat	sat	sat	sat
bitwidth-8-degree-7-seed-23-identity-point-reduced-native-encoding	identity-point	NA	sat	sat	sat	sat	sat
bitwidth-8-degree-7-seed-23-identity-point-reduced-subpolynomial-encoding	identity-point	NA	sat	sat	sat	sat	sat
bitwidth-8-degree-6-seed-23-multiplication-reduced-subpolynomial-encoding	multiplication	unsat	unsat	unsat	unsat	unsat	unsat
bitwidth-8-degree-7-seed-23-equality-original-subpolynomial-encoding	equality	NA	sat	sat	sat	sat	sat
bitwidth-8-degree-7-seed-23-equality-reduced-subpolynomial-encoding	equality	NA	sat	sat	sat	sat	sat
bitwidth-8-degree-7-seed-23-multiplication-reduced-native-encoding	multiplication	unsat	unsat	unsat	unsat	unsat	unsat
bitwidth-8-degree-7-seed-23-multiplication-original-native-encoding	multiplication	unsat	unsat	unsat	unsat	unsat	unsat
bitwidth-8-degree-7-seed-23-addition-original-subpolynomial-encoding	addition	unsat	unsat	unsat	unsat	unsat	unsat
bitwidth-8-degree-7-seed-23-root-finding-original-native-encoding	root-finding	NA	unsat	unsat	unsat	unsat	unsat
bitwidth-8-degree-7-seed-23-addition-reduced-subpolynomial-encoding	addition	unsat	unsat	unsat	unsat	unsat	unsat
bitwidth-8-degree-7-seed-23-root-finding-reduced-native-encoding	root-finding	NA	unsat	unsat	unsat	unsat	unsat
bitwidth-8-degree-7-seed-23-root-finding-original-subpolynomial-encoding	root-finding	NA	unsat	unsat	unsat	unsat	unsat
bitwidth-8-degree-7-seed-23-nonequality-original-subpolynomial-encoding	nonequality	NA	sat	sat	sat	sat	sat
bitwidth-8-degree-7-seed-23-root-finding-reduced-subpolynomial-encoding	root-finding	NA	unsat	unsat	unsat	unsat	unsat
bitwidth-8-degree-7-seed-23-nonequality-original-native-encoding	nonequality	NA	sat	sat	sat	sat	sat
bitwidth-8-degree-8-seed-23-addition-original-native-encoding	addition	unsat	unsat	unsat	unsat	unsat	unsat
bitwidth-8-degree-7-seed-23-nonequality-reduced-subpolynomial-encoding	nonequality	NA	sat	sat	sat	sat	sat
bitwidth-8-degree-8-seed-23-bounding-original-native-encoding	bounding	NA	sat	sat	sat	sat	sat
bitwidth-8-degree-8-seed-23-addition-reduced-native-encoding	addition	unsat	unsat	unsat	unsat	unsat	unsat
bitwidth-8-degree-8-seed-23-bounding-reduced-native-encoding	bounding	NA	sat	sat	sat	sat	sat
bitwidth-8-degree-8-seed-23-bounding-original-subpolynomial-encoding	bounding	NA	sat	sat	sat	sat	sat
bitwidth-8-degree-8-seed-23-bounding-reduced-subpolynomial-encoding	bounding	NA	sat	sat	sat	sat	sat
bitwidth-8-degree-7-seed-23-nonequality-reduced-native-encoding	nonequality	NA	sat	sat	sat	sat	sat
bitwidth-8-degree-8-seed-23-correctness-original-native-encoding-vs-reduced-native-encoding	correctness	unsat	unsat	unsat	unsat	unsat	unsat
bitwidth-8-degree-8-seed-23-correctness-original-native-encoding-vs-original-subpolynomial-encoding	correctness	unsat	unsat	unsat	unsat	unsat	unsat
bitwidth-8-degree-8-seed-23-correctness-original-native-encoding-vs-reduced-subpolynomial-encoding	correctness	unsat	unsat	unsat	unsat	unsat	unsat
bitwidth-8-degree-8-seed-23-equality-original-native-encoding	equality	NA	unsat	unsat	unsat	unsat	unsat
bitwidth-8-degree-8-seed-23-correctness-reduced-native-encoding-vs-original-subpolynomial-encoding	correctness	unsat	unsat	unsat	unsat	unsat	unsat
bitwidth-8-degree-7-seed-23-multiplication-original-subpolynomial-encoding	multiplication	unsat	unsat	unsat	unsat	unsat	unsat
bitwidth-8-degree-8-seed-23-equality-reduced-native-encoding	equality	NA	unsat	unsat	unsat	unsat	unsat
bitwidth-8-degree-8-seed-23-correctness-reduced-native-encoding-vs-reduced-subpolynomial-encoding	correctness	unsat	unsat	unsat	unsat	unsat	unsat
bitwidth-8-degree-7-seed-23-multiplication-reduced-subpolynomial-encoding	multiplication	unsat	unsat	unsat	unsat	unsat	unsat
bitwidth-8-degree-8-seed-23-identity-point-original-native-encoding	identity-point	NA	unsat	unsat	unsat	unsat	unsat
bitwidth-8-degree-8-seed-23-identity-point-original-subpolynomial-encoding	identity-point	NA	unsat	unsat	unsat	unsat	unsat
bitwidth-8-degree-8-seed-23-correctness-original-subpolynomial-encoding-vs-reduced-subpolynomial-encoding	correctness	unsat	unsat	unsat	unsat	unsat	unsat
bitwidth-8-degree-8-seed-23-identity-point-reduced-native-encoding	identity-point	NA	unsat	unsat	unsat	unsat	unsat
bitwidth-8-degree-8-seed-23-identity-point-reduced-subpolynomial-encoding	identity-point	NA	unsat	unsat	unsat	unsat	unsat
bitwidth-8-degree-8-seed-23-equality-original-subpolynomial-encoding	equality	NA	unsat	unsat	unsat	unsat	unsat
bitwidth-8-degree-8-seed-23-multiplication-reduced-native-encoding	multiplication	unsat	unsat	unsat	unsat	unsat	unsat
bitwidth-8-degree-8-seed-23-equality-reduced-subpolynomial-encoding	equality	NA	unsat	unsat	unsat	unsat	unsat
bitwidth-8-degree-8-seed-23-addition-original-subpolynomial-encoding	addition	unsat	unsat	unsat	unsat	unsat	unsat
bitwidth-8-degree-8-seed-23-multiplication-original-native-encoding	multiplication	unsat	unsat	unsat	unsat	unsat	unsat
bitwidth-8-degree-8-seed-23-root-finding-original-native-encoding	root-finding	NA	unsat	unsat	unsat	unsat	unsat
bitwidth-8-degree-8-seed-23-addition-reduced-subpolynomial-encoding	addition	unsat	unsat	unsat	unsat	unsat	unsat
bitwidth-8-degree-8-seed-23-root-finding-reduced-native-encoding	root-finding	NA	unsat	unsat	unsat	unsat	unsat
bitwidth-8-degree-8-seed-23-root-finding-original-subpolynomial-encoding	root-finding	NA	unsat	unsat	unsat	unsat	unsat
bitwidth-8-degree-8-seed-23-nonequality-original-subpolynomial-encoding	nonequality	NA	sat	sat	sat	sat	sat
bitwidth-8-degree-8-seed-23-root-finding-reduced-subpolynomial-encoding	root-finding	NA	unsat	unsat	unsat	unsat	unsat
bitwidth-8-degree-8-seed-23-nonequality-reduced-subpolynomial-encoding	nonequality	NA	sat	sat	sat	sat	sat
bitwidth-8-degree-9-seed-23-addition-reduced-native-encoding	addition	unsat	unsat	unsat	unsat	unsat	unsat
bitwidth-8-degree-9-seed-23-bounding-original-native-encoding	bounding	NA	sat	sat	sat	sat	sat
bitwidth-8-degree-9-seed-23-addition-original-native-encoding	addition	unsat	unsat	unsat	unsat	unsat	unsat
bitwidth-8-degree-9-seed-23-bounding-reduced-native-encoding	bounding	NA	sat	sat	sat	sat	sat
bitwidth-8-degree-8-seed-23-nonequality-reduced-native-encoding	nonequality	NA	sat	sat	sat	sat	sat
bitwidth-8-degree-9-seed-23-bounding-original-subpolynomial-encoding	bounding	NA	sat	sat	sat	sat	sat
bitwidth-8-degree-9-seed-23-bounding-reduced-subpolynomial-encoding	bounding	NA	sat	sat	sat	sat	sat
bitwidth-8-degree-8-seed-23-multiplication-reduced-subpolynomial-encoding	multiplication	unsat	unsat	unsat	unsat	unsat	unsat
bitwidth-8-degree-9-seed-23-correctness-original-native-encoding-vs-reduced-native-encoding	correctness	unsat	unsat	unsat	unsat	unsat	unsat
bitwidth-8-degree-8-seed-23-multiplication-original-subpolynomial-encoding	multiplication	unsat	unsat	unsat	unsat	unsat	unsat
bitwidth-8-degree-9-seed-23-correctness-original-native-encoding-vs-original-subpolynomial-encoding	correctness	unsat	unsat	unsat	unsat	unsat	unsat
bitwidth-8-degree-9-seed-23-equality-original-native-encoding	equality	NA	sat	sat	sat	sat	sat
bitwidth-8-degree-9-seed-23-correctness-original-native-encoding-vs-reduced-subpolynomial-encoding	correctness	unsat	unsat	unsat	unsat	unsat	unsat
bitwidth-8-degree-9-seed-23-equality-reduced-native-encoding	equality	NA	sat	sat	sat	sat	sat
bitwidth-8-degree-6-seed-23-nonequality-original-native-encoding	nonequality	NA	sat	sat		sat	sat
bitwidth-8-degree-9-seed-23-correctness-reduced-native-encoding-vs-original-subpolynomial-encoding	correctness	unsat	unsat	unsat	unsat	unsat	unsat
bitwidth-8-degree-9-seed-23-correctness-reduced-native-encoding-vs-reduced-subpolynomial-encoding	correctness	unsat	unsat	unsat	unsat	unsat	unsat
bitwidth-8-degree-9-seed-23-identity-point-original-native-encoding	identity-point	NA	sat	sat	sat	sat	sat
bitwidth-8-degree-6-seed-23-nonequality-reduced-native-encoding	nonequality	NA	sat	sat		sat	sat
bitwidth-8-degree-9-seed-23-identity-point-original-subpolynomial-encoding	identity-point	NA	sat	sat	sat	sat	sat
bitwidth-8-degree-9-seed-23-identity-point-reduced-native-encoding	identity-point	NA	sat	sat	sat	sat	sat
bitwidth-8-degree-9-seed-23-identity-point-reduced-subpolynomial-encoding	identity-point	NA	sat	sat	sat	sat	sat
bitwidth-8-degree-9-seed-23-equality-original-subpolynomial-encoding	equality	NA	sat	sat	sat	sat	sat
bitwidth-8-degree-9-seed-23-correctness-original-subpolynomial-encoding-vs-reduced-subpolynomial-encoding	correctness	unsat	unsat	unsat	unsat	unsat	unsat
bitwidth-8-degree-9-seed-23-equality-reduced-subpolynomial-encoding	equality	NA	sat	sat	sat	sat	sat
bitwidth-8-degree-9-seed-23-multiplication-reduced-native-encoding	multiplication	unsat	unsat	unsat	unsat	unsat	unsat
bitwidth-8-degree-9-seed-23-addition-original-subpolynomial-encoding	addition	unsat	unsat	unsat	unsat	unsat	unsat
bitwidth-8-degree-9-seed-23-root-finding-original-native-encoding	root-finding	NA	unsat	unsat	unsat	unsat	unsat
bitwidth-8-degree-9-seed-23-addition-reduced-subpolynomial-encoding	addition	unsat	unsat	unsat	unsat	unsat	unsat
bitwidth-8-degree-9-seed-23-root-finding-original-subpolynomial-encoding	root-finding	NA	unsat	unsat	unsat	unsat	unsat
bitwidth-8-degree-9-seed-23-root-finding-reduced-native-encoding	root-finding	NA	unsat	unsat	unsat	unsat	unsat
bitwidth-8-degree-9-seed-23-nonequality-original-subpolynomial-encoding	nonequality	NA	sat	sat	sat	sat	sat
bitwidth-8-degree-9-seed-23-root-finding-reduced-subpolynomial-encoding	root-finding	NA	unsat	unsat	unsat	unsat	unsat
bitwidth-8-degree-9-seed-23-multiplication-original-native-encoding	multiplication	unsat	unsat	unsat	unsat	unsat	unsat
bitwidth-8-degree-8-seed-23-nonequality-original-native-encoding	nonequality	NA	sat	sat	sat	sat	sat
bitwidth-8-degree-9-seed-23-nonequality-reduced-subpolynomial-encoding	nonequality	NA	sat	sat	sat	sat	sat
bitwidth-16-degree-10-seed-42-root-finding-original-native-encoding	root-finding	sat	sat	sat	sat	sat	sat
bitwidth-16-degree-10-seed-42-root-finding-reduced-native-encoding	root-finding	sat	sat	sat	sat	sat	sat
bitwidth-8-degree-9-seed-23-nonequality-reduced-native-encoding	nonequality	NA	sat	sat	sat	sat	sat
bitwidth-16-degree-10-seed-42-identity-point-original-native-encoding	identity-point	NA	unsat	unsat	unsat	unsat	unsat
bitwidth-16-degree-10-seed-42-identity-point-reduced-native-encoding	identity-point	NA	unsat	unsat	unsat	unsat	unsat
bitwidth-8-degree-9-seed-23-multiplication-reduced-subpolynomial-encoding	multiplication	unsat	unsat	unsat	unsat	unsat	unsat
bitwidth-8-degree-9-seed-23-multiplication-original-subpolynomial-encoding	multiplication	unsat	unsat	unsat	unsat	unsat	unsat
bitwidth-16-degree-11-seed-42-root-finding-original-native-encoding	root-finding	sat	sat	sat	sat	sat	sat
bitwidth-16-degree-11-seed-42-identity-point-original-native-encoding	identity-point	NA	sat	sat	sat	sat	sat
bitwidth-16-degree-11-seed-42-root-finding-reduced-native-encoding	root-finding	sat	sat	sat	sat	sat	sat
bitwidth-16-degree-11-seed-42-identity-point-reduced-native-encoding	identity-point	NA	sat	sat	sat	sat	sat
bitwidth-16-degree-12-seed-42-identity-point-original-native-encoding	identity-point	NA	sat	sat	sat	sat	sat
bitwidth-8-degree-9-seed-23-nonequality-original-native-encoding	nonequality	NA	sat	sat	sat	sat	sat
bitwidth-16-degree-10-seed-42-identity-point-original-subpolynomial-encoding	identity-point	NA	unsat	unsat	unsat	unsat	unsat
bitwidth-16-degree-10-seed-42-identity-point-reduced-subpolynomial-encoding	identity-point	NA	unsat	unsat	unsat	unsat	unsat
bitwidth-16-degree-10-seed-42-root-finding-original-subpolynomial-encoding	root-finding	sat	sat	sat	sat	sat	sat
bitwidth-16-degree-12-seed-42-root-finding-original-native-encoding	root-finding	sat	sat	sat	sat	sat	sat
bitwidth-16-degree-10-seed-42-root-finding-reduced-subpolynomial-encoding	root-finding	sat	sat	sat	sat	sat	sat
bitwidth-16-degree-12-seed-42-identity-point-reduced-native-encoding	identity-point	NA	sat	sat	sat	sat	sat
bitwidth-16-degree-12-seed-42-root-finding-reduced-native-encoding	root-finding	sat	sat	sat	sat	sat	sat
bitwidth-16-degree-11-seed-42-identity-point-reduced-subpolynomial-encoding	identity-point	NA	sat	sat	sat	sat	sat
bitwidth-16-degree-11-seed-42-identity-point-original-subpolynomial-encoding	identity-point	NA	sat	sat	sat	sat	sat
bitwidth-16-degree-13-seed-42-identity-point-original-native-encoding	identity-point	NA	sat	sat	sat	sat	sat
bitwidth-16-degree-13-seed-42-root-finding-original-native-encoding	root-finding	sat	sat	sat	sat	sat	sat
bitwidth-16-degree-11-seed-42-root-finding-original-subpolynomial-encoding	root-finding	sat	sat	sat	sat	sat	sat
bitwidth-16-degree-13-seed-42-root-finding-reduced-native-encoding	root-finding	sat	sat	sat	sat	sat	sat
bitwidth-16-degree-11-seed-42-root-finding-reduced-subpolynomial-encoding	root-finding	sat	sat	sat	sat	sat	sat
bitwidth-16-degree-13-seed-42-identity-point-reduced-native-encoding	identity-point	NA	sat	sat	sat	sat	sat
bitwidth-16-degree-12-seed-42-identity-point-original-subpolynomial-encoding	identity-point	NA	sat	sat	sat	sat	sat
bitwidth-16-degree-14-seed-42-identity-point-original-native-encoding	identity-point	NA	sat	sat	sat	sat	sat
bitwidth-16-degree-12-seed-42-identity-point-reduced-subpolynomial-encoding	identity-point	NA	sat	sat	sat	sat	sat
bitwidth-16-degree-14-seed-42-identity-point-reduced-native-encoding	identity-point	NA	sat	sat	sat	sat	sat
bitwidth-16-degree-12-seed-42-root-finding-original-subpolynomial-encoding	root-finding	sat	sat	sat	sat	sat	sat
bitwidth-16-degree-14-seed-42-root-finding-original-native-encoding	root-finding	sat	sat	sat	sat	sat	sat
bitwidth-16-degree-12-seed-42-root-finding-reduced-subpolynomial-encoding	root-finding	sat	sat	sat	sat	sat	sat
bitwidth-16-degree-14-seed-42-root-finding-reduced-native-encoding	root-finding	sat	sat	sat	sat	sat	sat
bitwidth-16-degree-15-seed-42-identity-point-original-native-encoding	identity-point	NA	unsat	unsat	unsat	unsat	unsat
bitwidth-16-degree-15-seed-42-identity-point-reduced-native-encoding	identity-point	NA	unsat	unsat	unsat	unsat	unsat
bitwidth-16-degree-13-seed-42-identity-point-original-subpolynomial-encoding	identity-point	NA	sat	sat	sat	sat	sat
bitwidth-16-degree-15-seed-42-root-finding-original-native-encoding	root-finding	sat	sat	sat	sat	sat	sat
bitwidth-16-degree-13-seed-42-identity-point-reduced-subpolynomial-encoding	identity-point	NA	sat	sat	sat	sat	sat
bitwidth-16-degree-13-seed-42-root-finding-original-subpolynomial-encoding	root-finding	sat	sat	sat	sat	sat	sat
bitwidth-16-degree-15-seed-42-root-finding-reduced-native-encoding	root-finding	sat	sat	sat	sat	sat	sat
bitwidth-16-degree-13-seed-42-root-finding-reduced-subpolynomial-encoding	root-finding	sat	sat	sat	sat	sat	sat
bitwidth-16-degree-14-seed-42-identity-point-original-subpolynomial-encoding	identity-point	NA	sat	sat	sat	sat	sat
bitwidth-16-degree-14-seed-42-identity-point-reduced-subpolynomial-encoding	identity-point	NA	sat	sat	sat	sat	sat
bitwidth-16-degree-16-seed-42-identity-point-original-native-encoding	identity-point	NA	sat	sat	sat	sat	sat
bitwidth-16-degree-14-seed-42-root-finding-original-subpolynomial-encoding	root-finding	sat	sat	sat	sat	sat	sat
bitwidth-16-degree-14-seed-42-root-finding-reduced-subpolynomial-encoding	root-finding	sat	sat	sat	sat	sat	sat
bitwidth-16-degree-16-seed-42-root-finding-original-native-encoding	root-finding	sat	sat	sat	sat	sat	sat
bitwidth-16-degree-16-seed-42-identity-point-reduced-native-encoding	identity-point	NA	sat	sat	sat	sat	sat
bitwidth-16-degree-16-seed-42-root-finding-reduced-native-encoding	root-finding	sat	sat	sat	sat	sat	sat
bitwidth-16-degree-17-seed-42-identity-point-original-native-encoding	identity-point	NA	sat	sat	sat	sat	sat
bitwidth-16-degree-15-seed-42-identity-point-original-subpolynomial-encoding	identity-point	NA	unsat	unsat	unsat	unsat	unsat
bitwidth-16-degree-15-seed-42-identity-point-reduced-subpolynomial-encoding	identity-point	NA	unsat	unsat	unsat	unsat	unsat
bitwidth-16-degree-17-seed-42-root-finding-original-native-encoding	root-finding	sat	sat	sat	sat	sat	sat
bitwidth-16-degree-15-seed-42-root-finding-original-subpolynomial-encoding	root-finding	sat	sat	sat	sat	sat	sat
bitwidth-16-degree-16-seed-42-identity-point-original-subpolynomial-encoding	identity-point	NA	sat	sat	sat	sat	sat
bitwidth-16-degree-17-seed-42-root-finding-reduced-native-encoding	root-finding	sat	sat	sat	sat	sat	sat
bitwidth-16-degree-17-seed-42-identity-point-reduced-native-encoding	identity-point	NA	sat	sat	sat	sat	sat
bitwidth-16-degree-15-seed-42-root-finding-reduced-subpolynomial-encoding	root-finding	sat	sat	sat	sat	sat	sat
bitwidth-16-degree-16-seed-42-identity-point-reduced-subpolynomial-encoding	identity-point	NA	sat	sat	sat	sat	sat
bitwidth-16-degree-16-seed-42-root-finding-original-subpolynomial-encoding	root-finding	sat	sat	sat	sat	sat	sat
bitwidth-16-degree-16-seed-42-root-finding-reduced-subpolynomial-encoding	root-finding	sat	sat	sat	sat	sat	sat
bitwidth-16-degree-18-seed-42-root-finding-original-native-encoding	root-finding	sat	sat	sat	sat	sat	sat
bitwidth-16-degree-18-seed-42-identity-point-original-native-encoding	identity-point	NA	sat	sat	sat	sat	sat
bitwidth-16-degree-17-seed-42-identity-point-original-subpolynomial-encoding	identity-point	NA	sat	sat	sat	sat	sat
bitwidth-16-degree-18-seed-42-root-finding-reduced-native-encoding	root-finding	sat	sat	sat	sat	sat	sat
bitwidth-16-degree-18-seed-42-identity-point-reduced-native-encoding	identity-point	NA	sat	sat	sat	sat	sat
bitwidth-16-degree-19-seed-42-identity-point-reduced-native-encoding	identity-point	NA	sat	sat	sat	sat	sat
bitwidth-16-degree-17-seed-42-identity-point-reduced-subpolynomial-encoding	identity-point	NA	sat	sat	sat	sat	sat
bitwidth-16-degree-19-seed-42-identity-point-original-native-encoding	identity-point	NA	sat	sat	sat	sat	sat
bitwidth-16-degree-19-seed-42-root-finding-original-native-encoding	root-finding	sat	sat	sat	sat	sat	sat
bitwidth-16-degree-17-seed-42-root-finding-original-subpolynomial-encoding	root-finding	sat	sat	sat	sat	sat	sat
bitwidth-16-degree-19-seed-42-root-finding-reduced-native-encoding	root-finding	sat	sat	sat	sat	sat	sat
bitwidth-16-degree-2-seed-42-identity-point-original-native-encoding	identity-point	NA	unsat	unsat	unsat	unsat	unsat
bitwidth-16-degree-2-seed-42-identity-point-original-subpolynomial-encoding	identity-point	NA	unsat	unsat	unsat	unsat	unsat
bitwidth-16-degree-2-seed-42-identity-point-reduced-native-encoding	identity-point	NA	unsat	unsat	unsat	unsat	unsat
bitwidth-16-degree-2-seed-42-identity-point-reduced-subpolynomial-encoding	identity-point	NA	unsat	unsat	unsat	unsat	unsat
bitwidth-16-degree-2-seed-42-root-finding-original-native-encoding	root-finding	sat	sat	sat	sat	sat	sat
bitwidth-16-degree-2-seed-42-root-finding-original-subpolynomial-encoding	root-finding	sat	sat	sat	sat	sat	sat
bitwidth-16-degree-2-seed-42-root-finding-reduced-native-encoding	root-finding	sat	sat	sat	sat	sat	sat
bitwidth-16-degree-2-seed-42-root-finding-reduced-subpolynomial-encoding	root-finding	sat	sat	sat	sat	sat	sat
bitwidth-16-degree-17-seed-42-root-finding-reduced-subpolynomial-encoding	root-finding	sat	sat	sat	sat	sat	sat
bitwidth-16-degree-18-seed-42-identity-point-original-subpolynomial-encoding	identity-point	NA	sat	sat	sat	sat	sat
bitwidth-16-degree-18-seed-42-identity-point-reduced-subpolynomial-encoding	identity-point	NA	sat	sat	sat	sat	sat
bitwidth-16-degree-19-seed-42-identity-point-original-subpolynomial-encoding	identity-point	NA	sat	sat	sat	sat	sat
bitwidth-16-degree-18-seed-42-root-finding-original-subpolynomial-encoding	root-finding	sat	sat	sat	sat	sat	sat
bitwidth-16-degree-20-seed-42-identity-point-original-native-encoding	identity-point	NA	sat	sat	sat	sat	sat
bitwidth-16-degree-20-seed-42-root-finding-original-native-encoding	root-finding	sat	sat	sat	sat	sat	sat
bitwidth-16-degree-18-seed-42-root-finding-reduced-subpolynomial-encoding	root-finding	sat	sat	sat	sat	sat	sat
bitwidth-16-degree-20-seed-42-identity-point-reduced-native-encoding	identity-point	NA	sat	sat	sat	sat	sat
bitwidth-16-degree-20-seed-42-root-finding-reduced-native-encoding	root-finding	sat	sat	sat	sat	sat	sat
bitwidth-16-degree-19-seed-42-identity-point-reduced-subpolynomial-encoding	identity-point	NA	sat	sat	sat	sat	sat
bitwidth-16-degree-21-seed-42-identity-point-reduced-native-encoding	identity-point	NA	sat	sat	sat	sat	sat
bitwidth-16-degree-19-seed-42-root-finding-original-subpolynomial-encoding	root-finding	sat	sat	sat	sat	sat	sat
bitwidth-16-degree-21-seed-42-root-finding-original-native-encoding	root-finding	sat	sat	sat	sat	sat	sat
bitwidth-16-degree-19-seed-42-root-finding-reduced-subpolynomial-encoding	root-finding	sat	sat	sat	sat	sat	sat
bitwidth-16-degree-21-seed-42-root-finding-reduced-native-encoding	root-finding	sat	sat	sat	sat	sat	sat
bitwidth-16-degree-21-seed-42-identity-point-original-native-encoding	identity-point	NA	sat	sat	sat	sat	sat
bitwidth-16-degree-20-seed-42-identity-point-original-subpolynomial-encoding	identity-point	NA	sat	sat	sat	sat	sat
bitwidth-16-degree-20-seed-42-identity-point-reduced-subpolynomial-encoding	identity-point	NA	sat	sat	sat	sat	sat
bitwidth-16-degree-22-seed-42-identity-point-reduced-native-encoding	identity-point	NA	sat	sat	sat	sat	sat
bitwidth-16-degree-22-seed-42-identity-point-original-native-encoding	identity-point	NA	sat	sat	sat	sat	sat
bitwidth-16-degree-20-seed-42-root-finding-original-subpolynomial-encoding	root-finding	sat	sat	sat	sat	sat	sat
bitwidth-16-degree-20-seed-42-root-finding-reduced-subpolynomial-encoding	root-finding	sat	sat	sat	sat	sat	sat
bitwidth-16-degree-22-seed-42-root-finding-reduced-native-encoding	root-finding	sat	sat	sat	sat	sat	sat
bitwidth-16-degree-22-seed-42-root-finding-original-native-encoding	root-finding	sat	sat	sat	sat	sat	sat
bitwidth-16-degree-21-seed-42-identity-point-original-subpolynomial-encoding	identity-point	NA	sat	sat	sat	sat	sat
bitwidth-16-degree-23-seed-42-identity-point-reduced-native-encoding	identity-point	NA	unsat	unsat	unsat	unsat	unsat
bitwidth-16-degree-23-seed-42-identity-point-original-native-encoding	identity-point	NA	unsat	unsat	unsat	unsat	unsat
bitwidth-16-degree-23-seed-42-root-finding-original-native-encoding	root-finding	sat	sat	sat	sat	sat	sat
bitwidth-16-degree-21-seed-42-identity-point-reduced-subpolynomial-encoding	identity-point	NA	sat	sat	sat	sat	sat
bitwidth-16-degree-23-seed-42-root-finding-reduced-native-encoding	root-finding	sat	sat	sat	sat	sat	sat
bitwidth-16-degree-21-seed-42-root-finding-original-subpolynomial-encoding	root-finding	sat	sat	sat	sat	sat	sat
bitwidth-16-degree-21-seed-42-root-finding-reduced-subpolynomial-encoding	root-finding	sat	sat	sat	sat	sat	sat
bitwidth-16-degree-22-seed-42-identity-point-original-subpolynomial-encoding	identity-point	NA	sat	sat	sat	sat	sat
bitwidth-16-degree-24-seed-42-identity-point-reduced-native-encoding	identity-point	NA	unsat	unsat	unsat	unsat	unsat
bitwidth-16-degree-22-seed-42-identity-point-reduced-subpolynomial-encoding	identity-point	NA	sat	sat	sat	sat	sat
bitwidth-16-degree-24-seed-42-root-finding-original-native-encoding	root-finding	sat	sat	sat	sat	sat	sat
bitwidth-16-degree-22-seed-42-root-finding-original-subpolynomial-encoding	root-finding	sat	sat	sat	sat	sat	sat
bitwidth-16-degree-24-seed-42-root-finding-reduced-native-encoding	root-finding	sat	sat	sat	sat	sat	sat
bitwidth-16-degree-24-seed-42-identity-point-original-native-encoding	identity-point	NA	unsat	unsat	unsat	unsat	unsat
bitwidth-16-degree-22-seed-42-root-finding-reduced-subpolynomial-encoding	root-finding	sat	sat	sat	sat	sat	sat
bitwidth-16-degree-23-seed-42-identity-point-original-subpolynomial-encoding	identity-point	NA	unsat	unsat	unsat	unsat	unsat
bitwidth-16-degree-23-seed-42-identity-point-reduced-subpolynomial-encoding	identity-point	NA	unsat	unsat	unsat	unsat	unsat
bitwidth-16-degree-23-seed-42-root-finding-original-subpolynomial-encoding	root-finding	sat	sat	sat	sat	sat	sat
bitwidth-16-degree-25-seed-42-root-finding-original-native-encoding	root-finding	sat	sat	sat	sat	sat	sat
bitwidth-16-degree-25-seed-42-identity-point-reduced-native-encoding	identity-point	NA	sat	sat	sat	sat	sat
bitwidth-16-degree-23-seed-42-root-finding-reduced-subpolynomial-encoding	root-finding	sat	sat	sat	sat	sat	sat
bitwidth-16-degree-25-seed-42-root-finding-reduced-native-encoding	root-finding	sat	sat	sat	sat	sat	sat
bitwidth-16-degree-24-seed-42-identity-point-original-subpolynomial-encoding	identity-point	NA	unsat	unsat	unsat	unsat	unsat
bitwidth-16-degree-24-seed-42-identity-point-reduced-subpolynomial-encoding	identity-point	NA	unsat	unsat	unsat	unsat	unsat
bitwidth-16-degree-25-seed-42-identity-point-original-native-encoding	identity-point	NA	sat	sat	sat	sat	sat
bitwidth-16-degree-24-seed-42-root-finding-original-subpolynomial-encoding	root-finding	sat	sat	sat	sat	sat	sat
bitwidth-16-degree-24-seed-42-root-finding-reduced-subpolynomial-encoding	root-finding	sat	sat	sat	sat	sat	sat
bitwidth-16-degree-26-seed-42-identity-point-reduced-native-encoding	identity-point	NA	sat	sat	sat	sat	sat
bitwidth-16-degree-26-seed-42-root-finding-reduced-native-encoding	root-finding	sat	sat	sat	sat	sat	sat
bitwidth-16-degree-26-seed-42-root-finding-original-native-encoding	root-finding	sat	sat	sat	sat	sat	sat
bitwidth-16-degree-25-seed-42-identity-point-original-subpolynomial-encoding	identity-point	NA	sat	sat	sat	sat	sat
bitwidth-16-degree-27-seed-42-identity-point-original-native-encoding	identity-point	NA	unsat	unsat	unsat	unsat	unsat
bitwidth-16-degree-27-seed-42-identity-point-reduced-native-encoding	identity-point	NA	unsat	unsat	unsat	unsat	unsat
bitwidth-16-degree-25-seed-42-identity-point-reduced-subpolynomial-encoding	identity-point	NA	sat	sat	sat	sat	sat
bitwidth-16-degree-26-seed-42-identity-point-original-native-encoding	identity-point	NA	sat	sat	sat	sat	sat
bitwidth-16-degree-27-seed-42-root-finding-original-native-encoding	root-finding	sat	sat	sat	sat	sat	sat
bitwidth-16-degree-27-seed-42-root-finding-reduced-native-encoding	root-finding	sat	sat	sat	sat	sat	sat
bitwidth-16-degree-25-seed-42-root-finding-original-subpolynomial-encoding	root-finding	sat	sat	sat	sat	sat	sat
bitwidth-16-degree-26-seed-42-identity-point-original-subpolynomial-encoding	identity-point	NA	sat	sat	sat	sat	sat
bitwidth-16-degree-25-seed-42-root-finding-reduced-subpolynomial-encoding	root-finding	sat	sat	sat	sat	sat	sat
bitwidth-16-degree-26-seed-42-identity-point-reduced-subpolynomial-encoding	identity-point	NA	sat	sat	sat	sat	sat
bitwidth-16-degree-28-seed-42-identity-point-reduced-native-encoding	identity-point	NA	sat	sat	sat	sat	sat
bitwidth-16-degree-28-seed-42-root-finding-original-native-encoding	root-finding	sat	sat	sat	sat	sat	sat
bitwidth-16-degree-26-seed-42-root-finding-reduced-subpolynomial-encoding	root-finding	sat	sat	sat	sat	sat	sat
bitwidth-16-degree-28-seed-42-root-finding-reduced-native-encoding	root-finding	sat	sat	sat	sat	sat	sat
bitwidth-16-degree-27-seed-42-identity-point-original-subpolynomial-encoding	identity-point	NA	unsat	unsat	unsat	unsat	unsat
bitwidth-16-degree-26-seed-42-root-finding-original-subpolynomial-encoding	root-finding	sat	sat	sat	sat	sat	sat
bitwidth-16-degree-27-seed-42-root-finding-original-subpolynomial-encoding	root-finding	sat	sat	sat	sat	sat	sat
bitwidth-16-degree-28-seed-42-identity-point-original-native-encoding	identity-point	NA	sat	sat	sat	sat	sat
bitwidth-16-degree-27-seed-42-identity-point-reduced-subpolynomial-encoding	identity-point	NA	unsat	unsat	unsat	unsat	unsat
bitwidth-16-degree-29-seed-42-root-finding-original-native-encoding	root-finding	sat	sat	sat	sat	sat	sat
bitwidth-16-degree-29-seed-42-identity-point-reduced-native-encoding	identity-point	NA	unsat	unsat	unsat	unsat	unsat
bitwidth-16-degree-28-seed-42-identity-point-original-subpolynomial-encoding	identity-point	NA	sat	sat	sat	sat	sat
bitwidth-16-degree-29-seed-42-root-finding-reduced-native-encoding	root-finding	sat	sat	sat	sat	sat	sat
bitwidth-16-degree-27-seed-42-root-finding-reduced-subpolynomial-encoding	root-finding	sat	sat	sat	sat	sat	sat
bitwidth-16-degree-3-seed-42-identity-point-original-native-encoding	identity-point	NA	sat	sat	sat	sat	sat
bitwidth-16-degree-3-seed-42-identity-point-reduced-native-encoding	identity-point	NA	sat	sat	sat	sat	sat
bitwidth-16-degree-3-seed-42-identity-point-original-subpolynomial-encoding	identity-point	NA	sat	sat	sat	sat	sat
bitwidth-16-degree-28-seed-42-identity-point-reduced-subpolynomial-encoding	identity-point	NA	sat	sat	sat	sat	sat
bitwidth-16-degree-3-seed-42-root-finding-original-native-encoding	root-finding	sat	sat	sat	sat	sat	sat
bitwidth-16-degree-3-seed-42-root-finding-reduced-native-encoding	root-finding	sat	sat	sat	sat	sat	sat
bitwidth-16-degree-3-seed-42-identity-point-reduced-subpolynomial-encoding	identity-point	NA	sat	sat	sat	sat	sat
bitwidth-16-degree-3-seed-42-root-finding-original-subpolynomial-encoding	root-finding	sat	sat	sat	sat	sat	sat
bitwidth-16-degree-3-seed-42-root-finding-reduced-subpolynomial-encoding	root-finding	sat	sat	sat	sat	sat	sat
bitwidth-16-degree-30-seed-42-identity-point-reduced-native-encoding	identity-point	NA	unsat	unsat	unsat	unsat	unsat
bitwidth-16-degree-30-seed-42-identity-point-original-native-encoding	identity-point	NA	unsat	unsat	unsat	unsat	unsat
bitwidth-16-degree-30-seed-42-root-finding-original-native-encoding	root-finding	sat	sat	sat	sat	sat	sat
bitwidth-16-degree-28-seed-42-root-finding-original-subpolynomial-encoding	root-finding	sat	sat	sat	sat	sat	sat
bitwidth-16-degree-30-seed-42-root-finding-reduced-native-encoding	root-finding	sat	sat	sat	sat	sat	sat
bitwidth-16-degree-28-seed-42-root-finding-reduced-subpolynomial-encoding	root-finding	sat	sat	sat	sat	sat	sat
bitwidth-16-degree-29-seed-42-identity-point-original-native-encoding	identity-point	NA	unsat	unsat	unsat	unsat	unsat
bitwidth-16-degree-29-seed-42-identity-point-original-subpolynomial-encoding	identity-point	NA	unsat	unsat	unsat	unsat	unsat
bitwidth-16-degree-29-seed-42-identity-point-reduced-subpolynomial-encoding	identity-point	NA	unsat	unsat	unsat	unsat	unsat
bitwidth-16-degree-31-seed-42-identity-point-reduced-native-encoding	identity-point	NA	unsat	unsat	unsat	unsat	unsat
bitwidth-16-degree-29-seed-42-root-finding-original-subpolynomial-encoding	root-finding	sat	sat	sat	sat	sat	sat
bitwidth-16-degree-29-seed-42-root-finding-reduced-subpolynomial-encoding	root-finding	sat	sat	sat	sat	sat	sat
bitwidth-16-degree-31-seed-42-root-finding-original-native-encoding	root-finding	sat	sat	sat	sat	sat	sat
bitwidth-16-degree-31-seed-42-root-finding-reduced-native-encoding	root-finding	sat	sat	sat	sat	sat	sat
bitwidth-16-degree-32-seed-42-identity-point-original-native-encoding	identity-point	NA	unsat	unsat	unsat	unsat	unsat
bitwidth-16-degree-30-seed-42-identity-point-original-subpolynomial-encoding	identity-point	NA	unsat	unsat	unsat	unsat	unsat
bitwidth-16-degree-30-seed-42-identity-point-reduced-subpolynomial-encoding	identity-point	NA	unsat	unsat	unsat	unsat	unsat
bitwidth-16-degree-32-seed-42-identity-point-reduced-native-encoding	identity-point	NA	unsat	unsat	unsat	unsat	unsat
bitwidth-16-degree-30-seed-42-root-finding-original-subpolynomial-encoding	root-finding	sat	sat	sat	sat	sat	sat
bitwidth-16-degree-32-seed-42-root-finding-original-native-encoding	root-finding	sat	sat	sat	sat	sat	sat
bitwidth-16-degree-31-seed-42-identity-point-original-subpolynomial-encoding	identity-point	NA	unsat	unsat	unsat	unsat	unsat
bitwidth-16-degree-32-seed-42-root-finding-reduced-native-encoding	root-finding	sat	sat	sat	sat	sat	sat
bitwidth-16-degree-4-seed-42-identity-point-original-native-encoding	identity-point	NA	unsat	unsat	unsat	unsat	unsat
bitwidth-16-degree-30-seed-42-root-finding-reduced-subpolynomial-encoding	root-finding	sat	sat	sat	sat	sat	sat
bitwidth-16-degree-4-seed-42-identity-point-reduced-native-encoding	identity-point	NA	unsat	unsat	unsat	unsat	unsat
bitwidth-16-degree-31-seed-42-identity-point-original-native-encoding	identity-point	NA	unsat	unsat	unsat	unsat	unsat
bitwidth-16-degree-4-seed-42-root-finding-original-native-encoding	root-finding	sat	sat	sat	sat	sat	sat
bitwidth-16-degree-4-seed-42-identity-point-original-subpolynomial-encoding	identity-point	NA	unsat	unsat	unsat	unsat	unsat
bitwidth-16-degree-4-seed-42-root-finding-reduced-native-encoding	root-finding	sat	sat	sat	sat	sat	sat
bitwidth-16-degree-4-seed-42-identity-point-reduced-subpolynomial-encoding	identity-point	NA	unsat	unsat	unsat	unsat	unsat
bitwidth-16-degree-5-seed-42-identity-point-original-native-encoding	identity-point	NA	unsat	unsat	unsat	unsat	unsat
bitwidth-16-degree-4-seed-42-root-finding-original-subpolynomial-encoding	root-finding	sat	sat	sat	sat	sat	sat
bitwidth-16-degree-5-seed-42-identity-point-reduced-native-encoding	identity-point	NA	unsat	unsat	unsat	unsat	unsat
bitwidth-16-degree-4-seed-42-root-finding-reduced-subpolynomial-encoding	root-finding	sat	sat	sat	sat	sat	sat
bitwidth-16-degree-5-seed-42-root-finding-original-native-encoding	root-finding	sat	sat	sat	sat	sat	sat
bitwidth-16-degree-5-seed-42-identity-point-original-subpolynomial-encoding	identity-point	NA	unsat	unsat	unsat	unsat	unsat
bitwidth-16-degree-5-seed-42-root-finding-reduced-native-encoding	root-finding	sat	sat	sat	sat	sat	sat
bitwidth-16-degree-5-seed-42-identity-point-reduced-subpolynomial-encoding	identity-point	NA	unsat	unsat	unsat	unsat	unsat
bitwidth-16-degree-6-seed-42-identity-point-original-native-encoding	identity-point	NA	sat	sat	sat	sat	sat
bitwidth-16-degree-5-seed-42-root-finding-original-subpolynomial-encoding	root-finding	sat	sat	sat	sat	sat	sat
bitwidth-16-degree-6-seed-42-identity-point-reduced-native-encoding	identity-point	NA	sat	sat	sat	sat	sat
bitwidth-16-degree-5-seed-42-root-finding-reduced-subpolynomial-encoding	root-finding	sat	sat	sat	sat	sat	sat
bitwidth-16-degree-6-seed-42-root-finding-original-native-encoding	root-finding	sat	sat	sat	sat	sat	sat
bitwidth-16-degree-6-seed-42-identity-point-original-subpolynomial-encoding	identity-point	NA	sat	sat	sat	sat	sat
bitwidth-16-degree-31-seed-42-identity-point-reduced-subpolynomial-encoding	identity-point	NA	unsat	unsat	unsat	unsat	unsat
bitwidth-16-degree-6-seed-42-root-finding-reduced-native-encoding	root-finding	sat	sat	sat	sat	sat	sat
bitwidth-16-degree-6-seed-42-identity-point-reduced-subpolynomial-encoding	identity-point	NA	sat	sat	sat	sat	sat
bitwidth-16-degree-7-seed-42-identity-point-original-native-encoding	identity-point	NA	unsat	unsat	unsat	unsat	unsat
bitwidth-16-degree-31-seed-42-root-finding-original-subpolynomial-encoding	root-finding	sat	sat	sat	sat	sat	sat
bitwidth-16-degree-6-seed-42-root-finding-original-subpolynomial-encoding	root-finding	sat	sat	sat	sat	sat	sat
bitwidth-16-degree-7-seed-42-root-finding-original-native-encoding	root-finding	sat	sat	sat	sat	sat	sat
bitwidth-16-degree-7-seed-42-identity-point-reduced-native-encoding	identity-point	NA	unsat	unsat	unsat	unsat	unsat
bitwidth-16-degree-7-seed-42-root-finding-reduced-native-encoding	root-finding	sat	sat	sat	sat	sat	sat
bitwidth-16-degree-6-seed-42-root-finding-reduced-subpolynomial-encoding	root-finding	sat	sat	sat	sat	sat	sat
bitwidth-16-degree-31-seed-42-root-finding-reduced-subpolynomial-encoding	root-finding	sat	sat	sat	sat	sat	sat
bitwidth-16-degree-8-seed-42-identity-point-original-native-encoding	identity-point	NA	sat	sat	sat	sat	sat
bitwidth-16-degree-8-seed-42-identity-point-reduced-native-encoding	identity-point	NA	sat	sat	sat	sat	sat
bitwidth-16-degree-7-seed-42-identity-point-original-subpolynomial-encoding	identity-point	NA	unsat	unsat	unsat	unsat	unsat
bitwidth-16-degree-8-seed-42-root-finding-original-native-encoding	root-finding	sat	sat	sat	sat	sat	sat
bitwidth-16-degree-7-seed-42-identity-point-reduced-subpolynomial-encoding	identity-point	NA	unsat	unsat	unsat	unsat	unsat
bitwidth-16-degree-8-seed-42-root-finding-reduced-native-encoding	root-finding	sat	sat	sat	sat	sat	sat
bitwidth-16-degree-7-seed-42-root-finding-original-subpolynomial-encoding	root-finding	sat	sat	sat	sat	sat	sat
bitwidth-16-degree-7-seed-42-root-finding-reduced-subpolynomial-encoding	root-finding	sat	sat	sat	sat	sat	sat
bitwidth-16-degree-9-seed-42-identity-point-original-native-encoding	identity-point	NA	unsat	unsat	unsat	unsat	unsat
bitwidth-16-degree-9-seed-42-identity-point-reduced-native-encoding	identity-point	NA	unsat	unsat	unsat	unsat	unsat
bitwidth-16-degree-32-seed-42-identity-point-original-subpolynomial-encoding	identity-point	NA	unsat	unsat	unsat	unsat	unsat
bitwidth-16-degree-9-seed-42-root-finding-original-native-encoding	root-finding	sat	sat	sat	sat	sat	sat
bitwidth-16-degree-8-seed-42-identity-point-original-subpolynomial-encoding	identity-point	NA	sat	sat	sat	sat	sat
bitwidth-16-degree-32-seed-42-identity-point-reduced-subpolynomial-encoding	identity-point	NA	unsat	unsat	unsat	unsat	unsat
bitwidth-16-degree-9-seed-42-root-finding-reduced-native-encoding	root-finding	sat	sat	sat	sat	sat	sat
bitwidth-32-degree-10-seed-42-identity-point-original-native-encoding	identity-point	NA	unsat	unsat	unsat	unsat	unsat
bitwidth-16-degree-8-seed-42-identity-point-reduced-subpolynomial-encoding	identity-point	NA	sat	sat	sat	sat	sat
bitwidth-32-degree-10-seed-42-identity-point-reduced-native-encoding	identity-point	NA	unsat	unsat	unsat	unsat	unsat
bitwidth-16-degree-8-seed-42-root-finding-original-subpolynomial-encoding	root-finding	sat	sat	sat	sat	sat	sat
bitwidth-16-degree-8-seed-42-root-finding-reduced-subpolynomial-encoding	root-finding	sat	sat	sat	sat	sat	sat
bitwidth-16-degree-9-seed-42-identity-point-original-subpolynomial-encoding	identity-point	NA	unsat	unsat	unsat	unsat	unsat
bitwidth-16-degree-32-seed-42-root-finding-reduced-subpolynomial-encoding	root-finding	sat	sat	sat	sat	sat	sat
bitwidth-16-degree-9-seed-42-identity-point-reduced-subpolynomial-encoding	identity-point	NA	unsat	unsat	unsat	unsat	unsat
bitwidth-32-degree-10-seed-42-root-finding-original-native-encoding	root-finding	sat	sat	sat	sat	sat	sat
bitwidth-16-degree-32-seed-42-root-finding-original-subpolynomial-encoding	root-finding	sat	sat	sat	sat	sat	sat
bitwidth-16-degree-9-seed-42-root-finding-original-subpolynomial-encoding	root-finding	sat	sat	sat	sat	sat	sat
bitwidth-32-degree-10-seed-42-root-finding-reduced-native-encoding	root-finding	sat	sat	sat	sat	sat	sat
bitwidth-16-degree-9-seed-42-root-finding-reduced-subpolynomial-encoding	root-finding	sat	sat	sat	sat	sat	sat
bitwidth-32-degree-11-seed-42-root-finding-original-native-encoding	root-finding	sat	sat	sat	sat	sat	sat
bitwidth-32-degree-11-seed-42-root-finding-reduced-native-encoding	root-finding	sat	sat	sat	sat	sat	sat
bitwidth-32-degree-11-seed-42-identity-point-original-native-encoding	identity-point	NA	sat	sat	sat	sat	sat
bitwidth-32-degree-11-seed-42-identity-point-reduced-native-encoding	identity-point	NA	sat	sat	sat	sat	sat
bitwidth-32-degree-12-seed-42-identity-point-original-native-encoding	identity-point	NA	unsat	unsat	unsat	unsat	unsat
bitwidth-32-degree-12-seed-42-identity-point-reduced-native-encoding	identity-point	NA	unsat	unsat	unsat	unsat	unsat
bitwidth-32-degree-10-seed-42-identity-point-original-subpolynomial-encoding	identity-point	NA				unsat	unsat
bitwidth-32-degree-10-seed-42-identity-point-reduced-subpolynomial-encoding	identity-point	NA				unsat	unsat
bitwidth-32-degree-12-seed-42-root-finding-original-native-encoding	root-finding	sat	sat	sat	sat	sat	sat
bitwidth-32-degree-10-seed-42-root-finding-original-subpolynomial-encoding	root-finding	sat				sat	sat
bitwidth-32-degree-10-seed-42-root-finding-reduced-subpolynomial-encoding	root-finding	sat				sat	sat
bitwidth-32-degree-11-seed-42-identity-point-original-subpolynomial-encoding	identity-point	NA				sat	sat
bitwidth-32-degree-12-seed-42-root-finding-reduced-native-encoding	root-finding	sat	sat	sat	sat	sat	sat
bitwidth-32-degree-13-seed-42-identity-point-original-native-encoding	identity-point	NA	unsat	unsat	unsat	unsat	unsat
bitwidth-32-degree-11-seed-42-identity-point-reduced-subpolynomial-encoding	identity-point	NA				sat	sat
bitwidth-32-degree-11-seed-42-root-finding-original-subpolynomial-encoding	root-finding	sat				sat	sat
bitwidth-32-degree-13-seed-42-identity-point-reduced-native-encoding	identity-point	NA	unsat	unsat	unsat	unsat	unsat
bitwidth-32-degree-13-seed-42-root-finding-original-native-encoding	root-finding	sat	sat	sat	sat	sat	sat
bitwidth-32-degree-13-seed-42-root-finding-reduced-native-encoding	root-finding	sat	sat	sat	sat	sat	sat
bitwidth-32-degree-11-seed-42-root-finding-reduced-subpolynomial-encoding	root-finding	sat				sat	sat
bitwidth-32-degree-12-seed-42-identity-point-original-subpolynomial-encoding	identity-point	NA				unsat	unsat
bitwidth-32-degree-12-seed-42-identity-point-reduced-subpolynomial-encoding	identity-point	NA				unsat	unsat
bitwidth-32-degree-14-seed-42-identity-point-original-native-encoding	identity-point	NA	sat	sat	sat	sat	sat
bitwidth-32-degree-14-seed-42-root-finding-original-native-encoding	root-finding	sat	sat	sat	sat	sat	sat
bitwidth-32-degree-12-seed-42-root-finding-original-subpolynomial-encoding	root-finding	sat				sat	sat
bitwidth-32-degree-14-seed-42-identity-point-reduced-native-encoding	identity-point	NA	sat	sat	sat	sat	sat
bitwidth-32-degree-12-seed-42-root-finding-reduced-subpolynomial-encoding	root-finding	sat				sat	sat
bitwidth-32-degree-14-seed-42-root-finding-reduced-native-encoding	root-finding	sat	sat	sat	sat	sat	sat
bitwidth-32-degree-13-seed-42-identity-point-original-subpolynomial-encoding	identity-point	NA				unsat	unsat
bitwidth-32-degree-13-seed-42-identity-point-reduced-subpolynomial-encoding	identity-point	NA				unsat	unsat
bitwidth-32-degree-13-seed-42-root-finding-original-subpolynomial-encoding	root-finding	sat				sat	sat
bitwidth-32-degree-13-seed-42-root-finding-reduced-subpolynomial-encoding	root-finding	sat				sat	sat
bitwidth-32-degree-15-seed-42-root-finding-original-native-encoding	root-finding	sat	sat	sat	sat	sat	sat
bitwidth-32-degree-14-seed-42-identity-point-original-subpolynomial-encoding	identity-point	NA				sat	sat
bitwidth-32-degree-15-seed-42-root-finding-reduced-native-encoding	root-finding	sat	sat	sat	sat	sat	sat
bitwidth-32-degree-16-seed-42-identity-point-original-native-encoding	identity-point	NA	unsat	unsat	unsat	unsat	unsat
bitwidth-32-degree-14-seed-42-identity-point-reduced-subpolynomial-encoding	identity-point	NA				sat	sat
bitwidth-32-degree-16-seed-42-identity-point-reduced-native-encoding	identity-point	NA	unsat	unsat	unsat	unsat	unsat
bitwidth-32-degree-15-seed-42-identity-point-original-native-encoding	identity-point	NA	unsat	unsat	unsat	unsat	unsat
bitwidth-32-degree-15-seed-42-identity-point-reduced-native-encoding	identity-point	NA	unsat	unsat	unsat	unsat	unsat
bitwidth-32-degree-16-seed-42-root-finding-original-native-encoding	root-finding	sat	sat	sat	sat	sat	sat
bitwidth-32-degree-16-seed-42-root-finding-reduced-native-encoding	root-finding	sat	sat	sat	sat	sat	sat
bitwidth-32-degree-14-seed-42-root-finding-original-subpolynomial-encoding	root-finding	sat				sat	sat
bitwidth-32-degree-17-seed-42-identity-point-original-native-encoding	identity-point	NA	unsat	unsat	unsat	unsat	unsat
bitwidth-32-degree-14-seed-42-root-finding-reduced-subpolynomial-encoding	root-finding	sat				sat	sat
bitwidth-32-degree-17-seed-42-identity-point-reduced-native-encoding	identity-point	NA	unsat	unsat	unsat	unsat	unsat
bitwidth-32-degree-15-seed-42-identity-point-original-subpolynomial-encoding	identity-point	NA				unsat	unsat
bitwidth-32-degree-15-seed-42-identity-point-reduced-subpolynomial-encoding	identity-point	NA				unsat	unsat
bitwidth-32-degree-17-seed-42-root-finding-original-native-encoding	root-finding	sat	sat	sat	sat	sat	sat
bitwidth-32-degree-15-seed-42-root-finding-original-subpolynomial-encoding	root-finding	sat				sat	sat
bitwidth-32-degree-15-seed-42-root-finding-reduced-subpolynomial-encoding	root-finding	sat				sat	sat
bitwidth-32-degree-17-seed-42-root-finding-reduced-native-encoding	root-finding	sat	sat	sat	sat	sat	sat
bitwidth-32-degree-18-seed-42-identity-point-original-native-encoding	identity-point	NA	unsat	unsat	unsat	unsat	unsat
bitwidth-32-degree-16-seed-42-identity-point-original-subpolynomial-encoding	identity-point	NA				unsat	unsat
bitwidth-32-degree-18-seed-42-identity-point-reduced-native-encoding	identity-point	NA	unsat	unsat	unsat	unsat	unsat
bitwidth-32-degree-18-seed-42-root-finding-original-native-encoding	root-finding	sat	sat	sat	sat	sat	sat
bitwidth-32-degree-16-seed-42-identity-point-reduced-subpolynomial-encoding	identity-point	NA				unsat	unsat
bitwidth-32-degree-16-seed-42-root-finding-original-subpolynomial-encoding	root-finding	sat				sat	sat
bitwidth-32-degree-18-seed-42-root-finding-reduced-native-encoding	root-finding	sat	sat	sat	sat	sat	sat
bitwidth-32-degree-19-seed-42-identity-point-original-native-encoding	identity-point	NA	unsat	unsat	unsat	unsat	unsat
bitwidth-32-degree-16-seed-42-root-finding-reduced-subpolynomial-encoding	root-finding	sat				sat	sat
bitwidth-32-degree-17-seed-42-identity-point-original-subpolynomial-encoding	identity-point	NA				unsat	unsat
bitwidth-32-degree-19-seed-42-identity-point-reduced-native-encoding	identity-point	NA	unsat	unsat	unsat	unsat	unsat
bitwidth-32-degree-17-seed-42-identity-point-reduced-subpolynomial-encoding	identity-point	NA				unsat	unsat
bitwidth-32-degree-19-seed-42-root-finding-original-native-encoding	root-finding	sat	sat	sat	sat	sat	sat
bitwidth-32-degree-17-seed-42-root-finding-original-subpolynomial-encoding	root-finding	sat				sat	sat
bitwidth-32-degree-17-seed-42-root-finding-reduced-subpolynomial-encoding	root-finding	sat				sat	sat
bitwidth-32-degree-2-seed-42-identity-point-original-native-encoding	identity-point	NA	unsat	unsat	unsat	unsat	unsat
bitwidth-32-degree-19-seed-42-root-finding-reduced-native-encoding	root-finding	sat	sat	sat	sat	sat	sat
bitwidth-32-degree-2-seed-42-identity-point-reduced-native-encoding	identity-point	NA	unsat	unsat	unsat	unsat	unsat
bitwidth-32-degree-2-seed-42-identity-point-original-subpolynomial-encoding	identity-point	NA	unsat	unsat	unsat	unsat	unsat
bitwidth-32-degree-2-seed-42-root-finding-original-native-encoding	root-finding	sat	sat	sat	sat	sat	sat
bitwidth-32-degree-2-seed-42-identity-point-reduced-subpolynomial-encoding	identity-point	NA	unsat	unsat	unsat	unsat	unsat
bitwidth-32-degree-2-seed-42-root-finding-reduced-native-encoding	root-finding	sat	sat	sat	sat	sat	sat
bitwidth-32-degree-18-seed-42-identity-point-original-subpolynomial-encoding	identity-point	NA				unsat	unsat
bitwidth-32-degree-2-seed-42-root-finding-original-subpolynomial-encoding	root-finding	sat	sat	sat	sat	sat	sat
bitwidth-32-degree-2-seed-42-root-finding-reduced-subpolynomial-encoding	root-finding	sat	sat	sat	sat	sat	sat
bitwidth-32-degree-18-seed-42-identity-point-reduced-subpolynomial-encoding	identity-point	NA				unsat	unsat
bitwidth-32-degree-20-seed-42-identity-point-original-native-encoding	identity-point	NA	unsat	unsat	unsat	unsat	unsat
bitwidth-32-degree-20-seed-42-identity-point-reduced-native-encoding	identity-point	NA	unsat	unsat	unsat	unsat	unsat
bitwidth-32-degree-18-seed-42-root-finding-original-subpolynomial-encoding	root-finding	sat				sat	sat
bitwidth-32-degree-20-seed-42-root-finding-original-native-encoding	root-finding	sat	sat	sat	sat	sat	sat
bitwidth-32-degree-20-seed-42-root-finding-reduced-native-encoding	root-finding	sat	sat	sat	sat	sat	sat
bitwidth-32-degree-18-seed-42-root-finding-reduced-subpolynomial-encoding	root-finding	sat				sat	sat
bitwidth-32-degree-21-seed-42-identity-point-original-native-encoding	identity-point	NA	unsat	unsat	unsat	unsat	unsat
bitwidth-32-degree-19-seed-42-identity-point-original-subpolynomial-encoding	identity-point	NA				unsat	unsat
bitwidth-32-degree-21-seed-42-identity-point-reduced-native-encoding	identity-point	NA	unsat	unsat	unsat	unsat	unsat
bitwidth-32-degree-19-seed-42-identity-point-reduced-subpolynomial-encoding	identity-point	NA				unsat	unsat
bitwidth-32-degree-21-seed-42-root-finding-original-native-encoding	root-finding	sat	sat	sat	sat	sat	sat
bitwidth-32-degree-19-seed-42-root-finding-original-subpolynomial-encoding	root-finding	sat				sat	sat
bitwidth-32-degree-19-seed-42-root-finding-reduced-subpolynomial-encoding	root-finding	sat				sat	sat
bitwidth-32-degree-21-seed-42-root-finding-reduced-native-encoding	root-finding	sat	sat	sat	sat	sat	sat
bitwidth-32-degree-22-seed-42-identity-point-original-native-encoding	identity-point	NA	unsat	unsat	unsat	unsat	unsat
bitwidth-32-degree-22-seed-42-identity-point-reduced-native-encoding	identity-point	NA	unsat	unsat	unsat	unsat	unsat
bitwidth-32-degree-20-seed-42-identity-point-original-subpolynomial-encoding	identity-point	NA				unsat	unsat
bitwidth-32-degree-20-seed-42-identity-point-reduced-subpolynomial-encoding	identity-point	NA				unsat	unsat
bitwidth-32-degree-20-seed-42-root-finding-original-subpolynomial-encoding	root-finding	sat				sat	sat
bitwidth-32-degree-22-seed-42-identity-point-original-subpolynomial-encoding	identity-point	NA				unsat	unsat
bitwidth-32-degree-22-seed-42-root-finding-original-native-encoding	root-finding	sat	sat	sat	sat	sat	sat
bitwidth-32-degree-20-seed-42-root-finding-reduced-subpolynomial-encoding	root-finding	sat				sat	sat
bitwidth-32-degree-22-seed-42-root-finding-reduced-native-encoding	root-finding	sat	sat	sat	sat	sat	sat
bitwidth-32-degree-22-seed-42-identity-point-reduced-subpolynomial-encoding	identity-point	NA				unsat	unsat
bitwidth-32-degree-21-seed-42-identity-point-original-subpolynomial-encoding	identity-point	NA				unsat	unsat
bitwidth-32-degree-22-seed-42-root-finding-original-subpolynomial-encoding	root-finding	sat				sat	sat
bitwidth-32-degree-21-seed-42-identity-point-reduced-subpolynomial-encoding	identity-point	NA				unsat	unsat
bitwidth-32-degree-23-seed-42-root-finding-original-native-encoding	root-finding	sat	sat	sat	sat	sat	sat
bitwidth-32-degree-22-seed-42-root-finding-reduced-subpolynomial-encoding	root-finding	sat				sat	sat
bitwidth-32-degree-23-seed-42-identity-point-original-subpolynomial-encoding	identity-point	NA				unsat	
bitwidth-32-degree-21-seed-42-root-finding-original-subpolynomial-encoding	root-finding	sat				sat	sat
bitwidth-32-degree-23-seed-42-root-finding-reduced-native-encoding	root-finding	sat	sat	sat	sat	sat	sat
bitwidth-32-degree-24-seed-42-identity-point-original-native-encoding	identity-point	NA	unsat	unsat	unsat	unsat	unsat
bitwidth-32-degree-24-seed-42-identity-point-reduced-native-encoding	identity-point	NA	unsat	unsat	unsat	unsat	unsat
bitwidth-32-degree-23-seed-42-identity-point-reduced-subpolynomial-encoding	identity-point	NA				unsat	
bitwidth-32-degree-21-seed-42-root-finding-reduced-subpolynomial-encoding	root-finding	sat				sat	sat
bitwidth-32-degree-23-seed-42-root-finding-original-subpolynomial-encoding	root-finding	sat				sat	
bitwidth-32-degree-24-seed-42-root-finding-original-native-encoding	root-finding	sat	sat	sat	sat	sat	sat
bitwidth-32-degree-23-seed-42-root-finding-reduced-subpolynomial-encoding	root-finding	sat				sat	
bitwidth-32-degree-24-seed-42-root-finding-reduced-native-encoding	root-finding	sat	sat	sat	sat	sat	sat
bitwidth-32-degree-25-seed-42-identity-point-original-native-encoding	identity-point	NA	unsat	unsat	unsat	unsat	unsat
bitwidth-32-degree-23-seed-42-identity-point-original-native-encoding	identity-point	NA				unsat	unsat
bitwidth-32-degree-25-seed-42-identity-point-reduced-native-encoding	identity-point	NA	unsat	unsat	unsat	unsat	unsat
bitwidth-32-degree-24-seed-42-identity-point-original-subpolynomial-encoding	identity-point	NA				unsat	
bitwidth-32-degree-23-seed-42-identity-point-reduced-native-encoding	identity-point	NA				unsat	unsat
bitwidth-32-degree-24-seed-42-identity-point-reduced-subpolynomial-encoding	identity-point	NA				unsat	
bitwidth-32-degree-25-seed-42-root-finding-original-native-encoding	root-finding	sat	sat	sat	sat	sat	sat
bitwidth-32-degree-26-seed-42-identity-point-original-native-encoding	identity-point	NA	unsat	unsat	unsat	unsat	unsat
bitwidth-32-degree-25-seed-42-root-finding-reduced-native-encoding	root-finding	sat	sat	sat	sat	sat	sat
bitwidth-32-degree-24-seed-42-root-finding-original-subpolynomial-encoding	root-finding	sat				sat	
bitwidth-32-degree-24-seed-42-root-finding-reduced-subpolynomial-encoding	root-finding	sat				sat	
bitwidth-32-degree-26-seed-42-identity-point-reduced-native-encoding	identity-point	NA	unsat	unsat	unsat	unsat	unsat
bitwidth-32-degree-25-seed-42-identity-point-original-subpolynomial-encoding	identity-point	NA				unsat	
bitwidth-32-degree-26-seed-42-root-finding-original-native-encoding	root-finding	sat	sat	sat	sat	sat	sat
bitwidth-32-degree-26-seed-42-root-finding-reduced-native-encoding	root-finding	sat	sat	sat	sat	sat	sat
bitwidth-32-degree-27-seed-42-identity-point-original-native-encoding	identity-point	NA	unsat	unsat	unsat	unsat	unsat
bitwidth-32-degree-25-seed-42-identity-point-reduced-subpolynomial-encoding	identity-point	NA				unsat	
bitwidth-32-degree-25-seed-42-root-finding-original-subpolynomial-encoding	root-finding	sat				sat	
bitwidth-32-degree-27-seed-42-identity-point-reduced-native-encoding	identity-point	NA	unsat	unsat	unsat	unsat	unsat
bitwidth-32-degree-25-seed-42-root-finding-reduced-subpolynomial-encoding	root-finding	sat				sat	
bitwidth-32-degree-26-seed-42-identity-point-original-subpolynomial-encoding	identity-point	NA				unsat	
bitwidth-32-degree-27-seed-42-root-finding-original-native-encoding	root-finding	sat	sat	sat	sat	sat	sat
bitwidth-32-degree-27-seed-42-root-finding-reduced-native-encoding	root-finding	sat	sat	sat	sat	sat	sat
bitwidth-32-degree-26-seed-42-identity-point-reduced-subpolynomial-encoding	identity-point	NA				unsat	
bitwidth-32-degree-28-seed-42-identity-point-original-native-encoding	identity-point	NA	unsat	unsat	unsat	unsat	unsat
bitwidth-32-degree-26-seed-42-root-finding-original-subpolynomial-encoding	root-finding	sat				sat	
bitwidth-32-degree-26-seed-42-root-finding-reduced-subpolynomial-encoding	root-finding	sat				sat	
bitwidth-32-degree-28-seed-42-identity-point-reduced-native-encoding	identity-point	NA	unsat	unsat	unsat	unsat	unsat
bitwidth-32-degree-27-seed-42-identity-point-original-subpolynomial-encoding	identity-point	NA				unsat	
bitwidth-32-degree-28-seed-42-root-finding-original-native-encoding	root-finding	sat	sat	sat	sat	sat	sat
bitwidth-32-degree-27-seed-42-identity-point-reduced-subpolynomial-encoding	identity-point	NA				unsat	
bitwidth-32-degree-28-seed-42-root-finding-reduced-native-encoding	root-finding	sat	sat	sat	sat	sat	sat
bitwidth-32-degree-27-seed-42-root-finding-original-subpolynomial-encoding	root-finding	sat				sat	
bitwidth-32-degree-27-seed-42-root-finding-reduced-subpolynomial-encoding	root-finding	sat				sat	
bitwidth-32-degree-28-seed-42-identity-point-original-subpolynomial-encoding	identity-point	NA				unsat	
bitwidth-32-degree-29-seed-42-root-finding-original-native-encoding	root-finding	sat	sat	sat	sat	sat	sat
bitwidth-32-degree-28-seed-42-identity-point-reduced-subpolynomial-encoding	identity-point	NA				unsat	
bitwidth-32-degree-3-seed-42-identity-point-original-native-encoding	identity-point	NA	unsat	unsat	unsat	unsat	unsat
bitwidth-32-degree-28-seed-42-root-finding-original-subpolynomial-encoding	root-finding	sat				sat	
bitwidth-32-degree-3-seed-42-identity-point-reduced-native-encoding	identity-point	NA	unsat	unsat	unsat	unsat	unsat
bitwidth-32-degree-28-seed-42-root-finding-reduced-subpolynomial-encoding	root-finding	sat				sat	
bitwidth-32-degree-3-seed-42-root-finding-original-native-encoding	root-finding	sat	sat	sat	sat	sat	sat
bitwidth-32-degree-29-seed-42-root-finding-reduced-native-encoding	root-finding	sat	sat	sat	sat	sat	sat
bitwidth-32-degree-3-seed-42-root-finding-reduced-native-encoding	root-finding	sat	sat	sat	sat	sat	sat
bitwidth-32-degree-29-seed-42-identity-point-original-subpolynomial-encoding	identity-point	NA				unsat	
bitwidth-32-degree-29-seed-42-identity-point-reduced-subpolynomial-encoding	identity-point	NA				unsat	
bitwidth-32-degree-29-seed-42-root-finding-original-subpolynomial-encoding	root-finding	sat				sat	
bitwidth-32-degree-29-seed-42-root-finding-reduced-subpolynomial-encoding	root-finding	sat				sat	
bitwidth-32-degree-30-seed-42-identity-point-original-native-encoding	identity-point	NA	unsat	unsat	unsat	unsat	unsat
bitwidth-32-degree-29-seed-42-identity-point-original-native-encoding	identity-point	NA				unsat	unsat
bitwidth-32-degree-30-seed-42-identity-point-reduced-native-encoding	identity-point	NA	unsat	unsat	unsat	unsat	unsat
bitwidth-32-degree-3-seed-42-identity-point-original-subpolynomial-encoding	identity-point	NA	unsat	unsat	unsat	unsat	unsat
bitwidth-32-degree-29-seed-42-identity-point-reduced-native-encoding	identity-point	NA				unsat	unsat
bitwidth-32-degree-3-seed-42-identity-point-reduced-subpolynomial-encoding	identity-point	NA	unsat	unsat	unsat	unsat	unsat
bitwidth-32-degree-3-seed-42-root-finding-original-subpolynomial-encoding	root-finding	sat	sat	sat	sat	sat	sat
bitwidth-32-degree-3-seed-42-root-finding-reduced-subpolynomial-encoding	root-finding	sat	sat	sat	sat	sat	sat
bitwidth-32-degree-30-seed-42-identity-point-original-subpolynomial-encoding	identity-point	NA				unsat	
bitwidth-32-degree-30-seed-42-root-finding-original-native-encoding	root-finding	sat	sat	sat	sat	sat	sat
bitwidth-32-degree-31-seed-42-identity-point-original-native-encoding	identity-point	NA	unsat	unsat	unsat	unsat	unsat
bitwidth-32-degree-31-seed-42-identity-point-reduced-native-encoding	identity-point	NA	unsat	unsat	unsat	unsat	unsat
bitwidth-32-degree-30-seed-42-identity-point-reduced-subpolynomial-encoding	identity-point	NA				unsat	
bitwidth-32-degree-30-seed-42-root-finding-reduced-native-encoding	root-finding	sat	sat	sat	sat	sat	sat
bitwidth-32-degree-30-seed-42-root-finding-original-subpolynomial-encoding	root-finding	sat				sat	
bitwidth-32-degree-31-seed-42-root-finding-original-native-encoding	root-finding	sat	sat	sat	sat	sat	sat
bitwidth-32-degree-32-seed-42-identity-point-original-native-encoding	identity-point	NA	unsat	unsat	unsat	unsat	unsat
bitwidth-32-degree-31-seed-42-root-finding-reduced-native-encoding	root-finding	sat	sat	sat	sat	sat	sat
bitwidth-32-degree-30-seed-42-root-finding-reduced-subpolynomial-encoding	root-finding	sat				sat	
bitwidth-32-degree-32-seed-42-identity-point-reduced-native-encoding	identity-point	NA	unsat	unsat	unsat	unsat	unsat
bitwidth-32-degree-31-seed-42-identity-point-original-subpolynomial-encoding	identity-point	NA				unsat	
bitwidth-32-degree-31-seed-42-identity-point-reduced-subpolynomial-encoding	identity-point	NA				unsat	
bitwidth-32-degree-31-seed-42-root-finding-original-subpolynomial-encoding	root-finding	sat				sat	
bitwidth-32-degree-33-seed-42-identity-point-original-native-encoding	identity-point	NA	unsat	unsat	unsat	unsat	unsat
bitwidth-32-degree-31-seed-42-root-finding-reduced-subpolynomial-encoding	root-finding	sat				sat	
bitwidth-32-degree-32-seed-42-root-finding-original-native-encoding	root-finding	sat	sat	sat	sat	sat	sat
bitwidth-32-degree-32-seed-42-root-finding-reduced-native-encoding	root-finding	sat	sat	sat	sat	sat	sat
bitwidth-32-degree-32-seed-42-identity-point-original-subpolynomial-encoding	identity-point	NA				unsat	
bitwidth-32-degree-33-seed-42-identity-point-reduced-native-encoding	identity-point	NA	unsat	unsat	unsat	unsat	unsat
bitwidth-32-degree-32-seed-42-identity-point-reduced-subpolynomial-encoding	identity-point	NA				unsat	
bitwidth-32-degree-32-seed-42-root-finding-original-subpolynomial-encoding	root-finding	sat				sat	
bitwidth-32-degree-32-seed-42-root-finding-reduced-subpolynomial-encoding	root-finding	sat				sat	
bitwidth-32-degree-33-seed-42-root-finding-reduced-native-encoding	root-finding	sat	sat	sat	sat	sat	sat
bitwidth-32-degree-33-seed-42-root-finding-original-native-encoding	root-finding	sat	sat	sat	sat	sat	sat
bitwidth-32-degree-33-seed-42-identity-point-original-subpolynomial-encoding	identity-point	NA				unsat	
bitwidth-32-degree-33-seed-42-identity-point-reduced-subpolynomial-encoding	identity-point	NA				unsat	
bitwidth-32-degree-33-seed-42-root-finding-original-subpolynomial-encoding	root-finding	sat				sat	
bitwidth-32-degree-33-seed-42-root-finding-reduced-subpolynomial-encoding	root-finding	sat				sat	
bitwidth-32-degree-34-seed-42-root-finding-original-native-encoding	root-finding	sat	sat	sat	sat	sat	sat
bitwidth-32-degree-34-seed-42-identity-point-original-subpolynomial-encoding	identity-point	NA				sat	
bitwidth-32-degree-34-seed-42-root-finding-reduced-native-encoding	root-finding	sat	sat	sat	sat	sat	sat
bitwidth-32-degree-34-seed-42-identity-point-reduced-subpolynomial-encoding	identity-point	NA				sat	
bitwidth-32-degree-34-seed-42-root-finding-original-subpolynomial-encoding	root-finding	sat				sat	
bitwidth-32-degree-34-seed-42-root-finding-reduced-subpolynomial-encoding	root-finding	sat				sat	
bitwidth-32-degree-34-seed-42-identity-point-original-native-encoding	identity-point	NA				sat	sat
bitwidth-32-degree-35-seed-42-identity-point-original-subpolynomial-encoding	identity-point	NA				unsat	
bitwidth-32-degree-35-seed-42-root-finding-original-native-encoding	root-finding	sat	sat	sat	sat	sat	sat
bitwidth-32-degree-35-seed-42-identity-point-reduced-subpolynomial-encoding	identity-point	NA				unsat	
bitwidth-32-degree-34-seed-42-identity-point-reduced-native-encoding	identity-point	NA				sat	sat
bitwidth-32-degree-35-seed-42-root-finding-reduced-native-encoding	root-finding	sat	sat	sat	sat	sat	sat
bitwidth-32-degree-35-seed-42-root-finding-original-subpolynomial-encoding	root-finding	sat				sat	
bitwidth-32-degree-36-seed-42-identity-point-reduced-native-encoding	identity-point	NA	unsat	unsat	unsat	unsat	unsat
bitwidth-32-degree-36-seed-42-identity-point-original-native-encoding	identity-point	NA	unsat	unsat	unsat	unsat	unsat
bitwidth-32-degree-35-seed-42-root-finding-reduced-subpolynomial-encoding	root-finding	sat				sat	
bitwidth-32-degree-36-seed-42-identity-point-original-subpolynomial-encoding	identity-point	NA				unsat	
bitwidth-32-degree-35-seed-42-identity-point-original-native-encoding	identity-point	NA				unsat	unsat
bitwidth-32-degree-36-seed-42-root-finding-reduced-native-encoding	root-finding	sat	sat	sat	sat	sat	sat
bitwidth-32-degree-35-seed-42-identity-point-reduced-native-encoding	identity-point	NA				unsat	unsat
bitwidth-32-degree-36-seed-42-identity-point-reduced-subpolynomial-encoding	identity-point	NA				unsat	
bitwidth-32-degree-36-seed-42-root-finding-original-native-encoding	root-finding	sat	sat	sat	sat	sat	sat
bitwidth-32-degree-36-seed-42-root-finding-original-subpolynomial-encoding	root-finding	sat				sat	
bitwidth-32-degree-36-seed-42-root-finding-reduced-subpolynomial-encoding	root-finding	sat				sat	
bitwidth-32-degree-37-seed-42-identity-point-original-subpolynomial-encoding	identity-point	NA				unsat	
bitwidth-32-degree-37-seed-42-root-finding-reduced-native-encoding	root-finding	sat	sat	sat	sat	sat	sat
bitwidth-32-degree-37-seed-42-identity-point-reduced-subpolynomial-encoding	identity-point	NA				unsat	
bitwidth-32-degree-37-seed-42-root-finding-original-native-encoding	root-finding	sat	sat	sat	sat	sat	sat
bitwidth-32-degree-37-seed-42-root-finding-original-subpolynomial-encoding	root-finding	sat				sat	
bitwidth-32-degree-37-seed-42-root-finding-reduced-subpolynomial-encoding	root-finding	sat				sat	
bitwidth-32-degree-38-seed-42-identity-point-original-subpolynomial-encoding	identity-point	NA				sat	
bitwidth-32-degree-37-seed-42-identity-point-original-native-encoding	identity-point	NA				unsat	unsat
bitwidth-32-degree-38-seed-42-identity-point-reduced-subpolynomial-encoding	identity-point	NA				sat	
bitwidth-32-degree-38-seed-42-root-finding-original-native-encoding	root-finding	sat	sat	sat	sat	sat	sat
bitwidth-32-degree-37-seed-42-identity-point-reduced-native-encoding	identity-point	NA				unsat	unsat
bitwidth-32-degree-38-seed-42-root-finding-reduced-native-encoding	root-finding	sat	sat	sat	sat	sat	sat
bitwidth-32-degree-38-seed-42-root-finding-original-subpolynomial-encoding	root-finding	sat				sat	
bitwidth-32-degree-39-seed-42-identity-point-original-native-encoding	identity-point	NA	unsat	unsat	unsat	unsat	unsat
bitwidth-32-degree-38-seed-42-root-finding-reduced-subpolynomial-encoding	root-finding	sat				sat	
bitwidth-32-degree-39-seed-42-identity-point-reduced-native-encoding	identity-point	NA	unsat	unsat	unsat	unsat	unsat
bitwidth-32-degree-4-seed-42-identity-point-original-native-encoding	identity-point	NA	sat	sat	sat	sat	sat
bitwidth-32-degree-4-seed-42-identity-point-reduced-native-encoding	identity-point	NA	sat	sat	sat	sat	sat
bitwidth-32-degree-39-seed-42-identity-point-original-subpolynomial-encoding	identity-point	NA				unsat	
bitwidth-32-degree-4-seed-42-root-finding-original-native-encoding	root-finding	sat	sat	sat	sat	sat	sat
bitwidth-32-degree-38-seed-42-identity-point-original-native-encoding	identity-point	NA				sat	sat
bitwidth-32-degree-4-seed-42-root-finding-reduced-native-encoding	root-finding	sat	sat	sat	sat	sat	sat
bitwidth-32-degree-39-seed-42-identity-point-reduced-subpolynomial-encoding	identity-point	NA				unsat	
bitwidth-32-degree-38-seed-42-identity-point-reduced-native-encoding	identity-point	NA				sat	sat
bitwidth-32-degree-39-seed-42-root-finding-reduced-native-encoding	root-finding	sat	sat	sat	sat	sat	sat
bitwidth-32-degree-39-seed-42-root-finding-original-subpolynomial-encoding	root-finding	sat				sat	
bitwidth-32-degree-39-seed-42-root-finding-original-native-encoding	root-finding	sat	sat	sat	sat	sat	sat
bitwidth-32-degree-39-seed-42-root-finding-reduced-subpolynomial-encoding	root-finding	sat				sat	
bitwidth-32-degree-40-seed-42-identity-point-reduced-native-encoding	identity-point	NA	unsat	unsat	unsat	unsat	unsat
bitwidth-32-degree-40-seed-42-identity-point-original-native-encoding	identity-point	NA	unsat	unsat	unsat	unsat	unsat
bitwidth-32-degree-40-seed-42-identity-point-original-subpolynomial-encoding	identity-point	NA				unsat	
bitwidth-32-degree-40-seed-42-identity-point-reduced-subpolynomial-encoding	identity-point	NA				unsat	
bitwidth-32-degree-4-seed-42-identity-point-original-subpolynomial-encoding	identity-point	NA				sat	sat
bitwidth-32-degree-40-seed-42-root-finding-original-subpolynomial-encoding	root-finding	sat				sat	
bitwidth-32-degree-40-seed-42-root-finding-reduced-native-encoding	root-finding	sat	sat	sat	sat	sat	sat
bitwidth-32-degree-40-seed-42-root-finding-original-native-encoding	root-finding	sat	sat	sat	sat	sat	sat
bitwidth-32-degree-4-seed-42-identity-point-reduced-subpolynomial-encoding	identity-point	NA				sat	sat
bitwidth-32-degree-4-seed-42-root-finding-original-subpolynomial-encoding	root-finding	sat				sat	sat
bitwidth-32-degree-40-seed-42-root-finding-reduced-subpolynomial-encoding	root-finding	sat				sat	
bitwidth-32-degree-4-seed-42-root-finding-reduced-subpolynomial-encoding	root-finding	sat				sat	sat
bitwidth-32-degree-41-seed-42-identity-point-original-native-encoding	identity-point	NA	unsat	unsat	unsat	unsat	unsat
bitwidth-32-degree-41-seed-42-identity-point-reduced-native-encoding	identity-point	NA	unsat	unsat	unsat	unsat	unsat
bitwidth-32-degree-41-seed-42-identity-point-original-subpolynomial-encoding	identity-point	NA				unsat	
bitwidth-32-degree-41-seed-42-root-finding-reduced-native-encoding	root-finding	sat	sat	sat	sat	sat	sat
bitwidth-32-degree-41-seed-42-identity-point-reduced-subpolynomial-encoding	identity-point	NA				unsat	
bitwidth-32-degree-41-seed-42-root-finding-original-subpolynomial-encoding	root-finding	sat				sat	
bitwidth-32-degree-41-seed-42-root-finding-original-native-encoding	root-finding	sat	sat	sat	sat	sat	sat
bitwidth-32-degree-41-seed-42-root-finding-reduced-subpolynomial-encoding	root-finding	sat				sat	
bitwidth-32-degree-42-seed-42-identity-point-original-subpolynomial-encoding	identity-point	NA				unsat	
bitwidth-32-degree-42-seed-42-identity-point-reduced-subpolynomial-encoding	identity-point	NA				unsat	
bitwidth-32-degree-42-seed-42-root-finding-reduced-native-encoding	root-finding	sat	sat	sat	sat	sat	sat
bitwidth-32-degree-42-seed-42-root-finding-original-subpolynomial-encoding	root-finding	sat				sat	
bitwidth-32-degree-42-seed-42-root-finding-original-native-encoding	root-finding	sat	sat	sat	sat	sat	sat
bitwidth-32-degree-42-seed-42-root-finding-reduced-subpolynomial-encoding	root-finding	sat				sat	
bitwidth-32-degree-42-seed-42-identity-point-original-native-encoding	identity-point	NA				unsat	unsat
bitwidth-32-degree-42-seed-42-identity-point-reduced-native-encoding	identity-point	NA				unsat	unsat
bitwidth-32-degree-43-seed-42-identity-point-original-subpolynomial-encoding	identity-point	NA				unsat	
bitwidth-32-degree-43-seed-42-identity-point-reduced-subpolynomial-encoding	identity-point	NA				unsat	
bitwidth-32-degree-43-seed-42-root-finding-reduced-native-encoding	root-finding	sat	sat	sat	sat	sat	sat
bitwidth-32-degree-43-seed-42-root-finding-original-subpolynomial-encoding	root-finding	sat				sat	
bitwidth-32-degree-44-seed-42-identity-point-reduced-native-encoding	identity-point	NA	unsat	unsat	unsat	unsat	unsat
bitwidth-32-degree-43-seed-42-root-finding-original-native-encoding	root-finding	sat	sat	sat	sat	sat	sat
bitwidth-32-degree-44-seed-42-identity-point-original-native-encoding	identity-point	NA	unsat	unsat	unsat	unsat	unsat
bitwidth-32-degree-43-seed-42-root-finding-reduced-subpolynomial-encoding	root-finding	sat				sat	
bitwidth-32-degree-44-seed-42-identity-point-original-subpolynomial-encoding	identity-point	NA				unsat	
bitwidth-32-degree-43-seed-42-identity-point-original-native-encoding	identity-point	NA				unsat	unsat
bitwidth-32-degree-44-seed-42-identity-point-reduced-subpolynomial-encoding	identity-point	NA				unsat	
bitwidth-32-degree-43-seed-42-identity-point-reduced-native-encoding	identity-point	NA				unsat	unsat
bitwidth-32-degree-44-seed-42-root-finding-reduced-native-encoding	root-finding	sat	sat	sat	sat	sat	sat
bitwidth-32-degree-45-seed-42-identity-point-reduced-native-encoding	identity-point	NA	unsat	unsat	unsat	unsat	unsat
bitwidth-32-degree-44-seed-42-root-finding-original-subpolynomial-encoding	root-finding	sat				sat	
bitwidth-32-degree-45-seed-42-identity-point-original-native-encoding	identity-point	NA	unsat	unsat	unsat	unsat	unsat
bitwidth-32-degree-44-seed-42-root-finding-reduced-subpolynomial-encoding	root-finding	sat				sat	
bitwidth-32-degree-44-seed-42-root-finding-original-native-encoding	root-finding	sat	sat	sat	sat	sat	sat
bitwidth-32-degree-45-seed-42-identity-point-original-subpolynomial-encoding	identity-point	NA				unsat	
bitwidth-32-degree-45-seed-42-identity-point-reduced-subpolynomial-encoding	identity-point	NA				unsat	
bitwidth-32-degree-45-seed-42-root-finding-reduced-native-encoding	root-finding	sat	sat	sat	sat	sat	sat
bitwidth-32-degree-46-seed-42-identity-point-reduced-native-encoding	identity-point	NA	unsat	unsat	unsat	unsat	unsat
bitwidth-32-degree-45-seed-42-root-finding-original-subpolynomial-encoding	root-finding	sat				sat	
bitwidth-32-degree-46-seed-42-identity-point-original-native-encoding	identity-point	NA	unsat	unsat	unsat	unsat	unsat
bitwidth-32-degree-45-seed-42-root-finding-reduced-subpolynomial-encoding	root-finding	sat				sat	
bitwidth-32-degree-46-seed-42-identity-point-original-subpolynomial-encoding	identity-point	NA				unsat	
bitwidth-32-degree-45-seed-42-root-finding-original-native-encoding	root-finding	sat	sat	sat	sat	sat	sat
bitwidth-32-degree-46-seed-42-identity-point-reduced-subpolynomial-encoding	identity-point	NA				unsat	
bitwidth-32-degree-46-seed-42-root-finding-reduced-native-encoding	root-finding	sat	sat	sat	sat	sat	sat
bitwidth-32-degree-46-seed-42-root-finding-original-subpolynomial-encoding	root-finding	sat				sat	
bitwidth-32-degree-46-seed-42-root-finding-reduced-subpolynomial-encoding	root-finding	sat				sat	
bitwidth-32-degree-47-seed-42-identity-point-original-subpolynomial-encoding	identity-point	NA				unsat	
bitwidth-32-degree-46-seed-42-root-finding-original-native-encoding	root-finding	sat	sat	sat	sat	sat	sat
bitwidth-32-degree-47-seed-42-root-finding-reduced-native-encoding	root-finding	sat	sat	sat	sat	sat	sat
bitwidth-32-degree-47-seed-42-identity-point-reduced-subpolynomial-encoding	identity-point	NA				unsat	
bitwidth-32-degree-47-seed-42-root-finding-original-subpolynomial-encoding	root-finding	sat				sat	
bitwidth-32-degree-47-seed-42-root-finding-reduced-subpolynomial-encoding	root-finding	sat				sat	
bitwidth-32-degree-47-seed-42-root-finding-original-native-encoding	root-finding	sat	sat	sat	sat	sat	sat
bitwidth-32-degree-48-seed-42-identity-point-original-subpolynomial-encoding	identity-point	NA				sat	
bitwidth-32-degree-47-seed-42-identity-point-original-native-encoding	identity-point	NA				unsat	unsat
bitwidth-32-degree-47-seed-42-identity-point-reduced-native-encoding	identity-point	NA				unsat	unsat
bitwidth-32-degree-48-seed-42-identity-point-reduced-subpolynomial-encoding	identity-point	NA				sat	
bitwidth-32-degree-48-seed-42-root-finding-reduced-native-encoding	root-finding	sat	sat	sat	sat	sat	sat
bitwidth-32-degree-48-seed-42-root-finding-original-subpolynomial-encoding	root-finding	sat				sat	
bitwidth-32-degree-49-seed-42-identity-point-reduced-native-encoding	identity-point	NA	unsat	unsat	unsat	unsat	unsat
bitwidth-32-degree-48-seed-42-root-finding-reduced-subpolynomial-encoding	root-finding	sat				sat	
bitwidth-32-degree-48-seed-42-root-finding-original-native-encoding	root-finding	sat	sat	sat	sat	sat	sat
bitwidth-32-degree-5-seed-42-identity-point-original-native-encoding	identity-point	NA	unsat	unsat	unsat	unsat	unsat
bitwidth-32-degree-49-seed-42-identity-point-original-subpolynomial-encoding	identity-point	NA				unsat	
bitwidth-32-degree-5-seed-42-identity-point-reduced-native-encoding	identity-point	NA	unsat	unsat	unsat	unsat	unsat
bitwidth-32-degree-49-seed-42-identity-point-original-native-encoding	identity-point	NA	unsat	unsat	unsat	unsat	unsat
bitwidth-32-degree-5-seed-42-root-finding-original-native-encoding	root-finding	sat	sat	sat	sat	sat	sat
bitwidth-32-degree-48-seed-42-identity-point-original-native-encoding	identity-point	NA				sat	sat
bitwidth-32-degree-49-seed-42-identity-point-reduced-subpolynomial-encoding	identity-point	NA				unsat	
bitwidth-32-degree-5-seed-42-root-finding-reduced-native-encoding	root-finding	sat	sat	sat	sat	sat	sat
bitwidth-32-degree-48-seed-42-identity-point-reduced-native-encoding	identity-point	NA				sat	sat
bitwidth-32-degree-49-seed-42-root-finding-original-subpolynomial-encoding	root-finding	sat				sat	
bitwidth-32-degree-49-seed-42-root-finding-reduced-native-encoding	root-finding	sat	sat	sat	sat	sat	sat
bitwidth-32-degree-49-seed-42-root-finding-reduced-subpolynomial-encoding	root-finding	sat				sat	
bitwidth-32-degree-50-seed-42-identity-point-reduced-native-encoding	identity-point	NA	unsat	unsat	unsat	unsat	unsat
bitwidth-32-degree-49-seed-42-root-finding-original-native-encoding	root-finding	sat	sat	sat	sat	sat	sat
bitwidth-32-degree-50-seed-42-identity-point-original-native-encoding	identity-point	NA	unsat	unsat	unsat	unsat	unsat
bitwidth-32-degree-50-seed-42-identity-point-original-subpolynomial-encoding	identity-point	NA				unsat	
bitwidth-32-degree-50-seed-42-identity-point-reduced-subpolynomial-encoding	identity-point	NA				unsat	
bitwidth-32-degree-5-seed-42-identity-point-original-subpolynomial-encoding	identity-point	NA				unsat	unsat
bitwidth-32-degree-50-seed-42-root-finding-original-subpolynomial-encoding	root-finding	sat				sat	
bitwidth-32-degree-50-seed-42-root-finding-reduced-native-encoding	root-finding	sat	sat	sat	sat	sat	sat
bitwidth-32-degree-5-seed-42-identity-point-reduced-subpolynomial-encoding	identity-point	NA				unsat	unsat
bitwidth-32-degree-5-seed-42-root-finding-original-subpolynomial-encoding	root-finding	sat				sat	sat
bitwidth-32-degree-5-seed-42-root-finding-reduced-subpolynomial-encoding	root-finding	sat				sat	sat
bitwidth-32-degree-50-seed-42-root-finding-reduced-subpolynomial-encoding	root-finding	sat				sat	
bitwidth-32-degree-51-seed-42-identity-point-original-subpolynomial-encoding	identity-point	NA				unsat	
bitwidth-32-degree-50-seed-42-root-finding-original-native-encoding	root-finding	sat	sat	sat	sat	sat	sat
bitwidth-32-degree-51-seed-42-identity-point-reduced-subpolynomial-encoding	identity-point	NA				unsat	
bitwidth-32-degree-51-seed-42-root-finding-reduced-native-encoding	root-finding	sat	sat	sat	sat	sat	sat
bitwidth-32-degree-51-seed-42-root-finding-original-subpolynomial-encoding	root-finding	sat				sat	
bitwidth-32-degree-52-seed-42-identity-point-reduced-native-encoding	identity-point	NA	unsat	unsat	unsat	unsat	unsat
bitwidth-32-degree-51-seed-42-root-finding-reduced-subpolynomial-encoding	root-finding	sat				sat	
bitwidth-32-degree-52-seed-42-identity-point-original-subpolynomial-encoding	identity-point	NA				unsat	
bitwidth-32-degree-52-seed-42-identity-point-original-native-encoding	identity-point	NA	unsat	unsat	unsat	unsat	unsat
bitwidth-32-degree-51-seed-42-root-finding-original-native-encoding	root-finding	sat	sat	sat	sat	sat	sat
bitwidth-32-degree-51-seed-42-identity-point-original-native-encoding	identity-point	NA				unsat	unsat
bitwidth-32-degree-52-seed-42-identity-point-reduced-subpolynomial-encoding	identity-point	NA				unsat	
bitwidth-32-degree-51-seed-42-identity-point-reduced-native-encoding	identity-point	NA				unsat	unsat
bitwidth-32-degree-52-seed-42-root-finding-original-subpolynomial-encoding	root-finding	sat				sat	
bitwidth-32-degree-52-seed-42-root-finding-reduced-native-encoding	root-finding	sat	sat	sat	sat	sat	sat
bitwidth-32-degree-52-seed-42-root-finding-reduced-subpolynomial-encoding	root-finding	sat				sat	
bitwidth-32-degree-53-seed-42-identity-point-original-subpolynomial-encoding	identity-point	NA				sat	
bitwidth-32-degree-53-seed-42-root-finding-reduced-native-encoding	root-finding	sat	sat	sat	sat	sat	sat
bitwidth-32-degree-53-seed-42-identity-point-reduced-subpolynomial-encoding	identity-point	NA				sat	
bitwidth-32-degree-52-seed-42-root-finding-original-native-encoding	root-finding	sat	sat	sat	sat	sat	sat
bitwidth-32-degree-53-seed-42-root-finding-original-subpolynomial-encoding	root-finding	sat				sat	
bitwidth-32-degree-53-seed-42-root-finding-reduced-subpolynomial-encoding	root-finding	sat				sat	
bitwidth-32-degree-54-seed-42-identity-point-original-subpolynomial-encoding	identity-point	NA				unsat	
bitwidth-32-degree-53-seed-42-root-finding-original-native-encoding	root-finding	sat	sat	sat	sat	sat	sat
bitwidth-32-degree-54-seed-42-identity-point-reduced-subpolynomial-encoding	identity-point	NA				unsat	
bitwidth-32-degree-53-seed-42-identity-point-reduced-native-encoding	identity-point	NA				sat	sat
bitwidth-32-degree-54-seed-42-root-finding-reduced-native-encoding	root-finding	sat	sat	sat	sat	sat	sat
bitwidth-32-degree-53-seed-42-identity-point-original-native-encoding	identity-point	NA				sat	sat
bitwidth-32-degree-54-seed-42-root-finding-original-subpolynomial-encoding	root-finding	sat				sat	
bitwidth-32-degree-55-seed-42-identity-point-reduced-native-encoding	identity-point	NA	unsat	unsat	unsat	unsat	unsat
bitwidth-32-degree-54-seed-42-identity-point-original-native-encoding	identity-point	NA				unsat	unsat
bitwidth-32-degree-54-seed-42-root-finding-reduced-subpolynomial-encoding	root-finding	sat				sat	
bitwidth-32-degree-54-seed-42-identity-point-reduced-native-encoding	identity-point	NA				unsat	unsat
bitwidth-32-degree-55-seed-42-identity-point-original-subpolynomial-encoding	identity-point	NA				unsat	
bitwidth-32-degree-54-seed-42-root-finding-original-native-encoding	root-finding	sat	sat	sat	sat	sat	sat
bitwidth-32-degree-55-seed-42-identity-point-original-native-encoding	identity-point	NA	unsat	unsat	unsat	unsat	unsat
bitwidth-32-degree-55-seed-42-identity-point-reduced-subpolynomial-encoding	identity-point	NA				unsat	
bitwidth-32-degree-55-seed-42-root-finding-reduced-native-encoding	root-finding	sat	sat	sat	sat	sat	sat
bitwidth-32-degree-55-seed-42-root-finding-original-subpolynomial-encoding	root-finding	sat				sat	
bitwidth-32-degree-56-seed-42-identity-point-reduced-native-encoding	identity-point	NA	unsat	unsat	unsat	unsat	unsat
bitwidth-32-degree-55-seed-42-root-finding-reduced-subpolynomial-encoding	root-finding	sat				sat	
bitwidth-32-degree-56-seed-42-identity-point-original-subpolynomial-encoding	identity-point	NA				unsat	
bitwidth-32-degree-56-seed-42-identity-point-reduced-subpolynomial-encoding	identity-point	NA				unsat	
bitwidth-32-degree-56-seed-42-identity-point-original-native-encoding	identity-point	NA	unsat	unsat	unsat	unsat	unsat
bitwidth-32-degree-56-seed-42-root-finding-reduced-native-encoding	root-finding	sat	sat	sat	sat	sat	sat
bitwidth-32-degree-56-seed-42-root-finding-original-subpolynomial-encoding	root-finding	sat				sat	
bitwidth-32-degree-57-seed-42-identity-point-reduced-native-encoding	identity-point	NA	unsat	unsat	unsat	unsat	unsat
bitwidth-32-degree-55-seed-42-root-finding-original-native-encoding	root-finding	sat	sat	sat	sat	sat	sat
bitwidth-32-degree-56-seed-42-root-finding-reduced-subpolynomial-encoding	root-finding	sat				sat	
bitwidth-32-degree-57-seed-42-identity-point-original-subpolynomial-encoding	identity-point	NA				unsat	
bitwidth-32-degree-57-seed-42-identity-point-original-native-encoding	identity-point	NA	unsat	unsat	unsat	unsat	unsat
bitwidth-32-degree-57-seed-42-identity-point-reduced-subpolynomial-encoding	identity-point	NA				unsat	
bitwidth-32-degree-58-seed-42-identity-point-reduced-native-encoding	identity-point	NA	unsat	unsat	unsat	unsat	unsat
bitwidth-32-degree-57-seed-42-root-finding-original-subpolynomial-encoding	root-finding	sat				sat	
bitwidth-32-degree-57-seed-42-root-finding-reduced-native-encoding	root-finding	sat	sat	sat	sat	sat	sat
bitwidth-32-degree-56-seed-42-root-finding-original-native-encoding	root-finding	sat				sat	sat
bitwidth-32-degree-57-seed-42-root-finding-reduced-subpolynomial-encoding	root-finding	sat				sat	
bitwidth-32-degree-58-seed-42-identity-point-original-subpolynomial-encoding	identity-point	NA				unsat	
bitwidth-32-degree-58-seed-42-identity-point-reduced-subpolynomial-encoding	identity-point	NA				unsat	
bitwidth-32-degree-58-seed-42-identity-point-original-native-encoding	identity-point	NA	unsat	unsat	unsat	unsat	unsat
bitwidth-32-degree-58-seed-42-root-finding-reduced-native-encoding	root-finding	sat	sat	sat	sat	sat	sat
bitwidth-32-degree-59-seed-42-identity-point-reduced-native-encoding	identity-point	NA	unsat	unsat	unsat	unsat	unsat
bitwidth-32-degree-58-seed-42-root-finding-original-subpolynomial-encoding	root-finding	sat				sat	
bitwidth-32-degree-58-seed-42-root-finding-reduced-subpolynomial-encoding	root-finding	sat				sat	
bitwidth-32-degree-57-seed-42-root-finding-original-native-encoding	root-finding	sat				sat	sat
bitwidth-32-degree-59-seed-42-identity-point-original-subpolynomial-encoding	identity-point	NA				unsat	
bitwidth-32-degree-6-seed-42-identity-point-original-native-encoding	identity-point	NA	sat	sat	sat	sat	sat
bitwidth-32-degree-6-seed-42-identity-point-reduced-native-encoding	identity-point	NA	sat	sat	sat	sat	sat
bitwidth-32-degree-6-seed-42-root-finding-original-native-encoding	root-finding	sat	sat	sat	sat	sat	sat
bitwidth-32-degree-59-seed-42-root-finding-reduced-native-encoding	root-finding	sat	sat	sat	sat	sat	sat
bitwidth-32-degree-59-seed-42-identity-point-original-native-encoding	identity-point	NA	unsat	unsat	unsat	unsat	unsat
bitwidth-32-degree-6-seed-42-root-finding-reduced-native-encoding	root-finding	sat	sat	sat	sat	sat	sat
bitwidth-32-degree-59-seed-42-identity-point-reduced-subpolynomial-encoding	identity-point	NA				unsat	
bitwidth-32-degree-59-seed-42-root-finding-original-subpolynomial-encoding	root-finding	sat				sat	
bitwidth-32-degree-59-seed-42-root-finding-reduced-subpolynomial-encoding	root-finding	sat				sat	
bitwidth-32-degree-58-seed-42-root-finding-original-native-encoding	root-finding	sat				sat	sat
bitwidth-32-degree-60-seed-42-identity-point-original-subpolynomial-encoding	identity-point	NA				unsat	
bitwidth-32-degree-60-seed-42-identity-point-reduced-subpolynomial-encoding	identity-point	NA				unsat	
bitwidth-32-degree-59-seed-42-root-finding-original-native-encoding	root-finding	sat				sat	sat
bitwidth-32-degree-6-seed-42-identity-point-original-subpolynomial-encoding	identity-point	NA				sat	sat
bitwidth-32-degree-6-seed-42-identity-point-reduced-subpolynomial-encoding	identity-point	NA				sat	sat
bitwidth-32-degree-6-seed-42-root-finding-original-subpolynomial-encoding	root-finding	sat				sat	sat
bitwidth-32-degree-60-seed-42-root-finding-original-subpolynomial-encoding	root-finding	sat				sat	
bitwidth-32-degree-6-seed-42-root-finding-reduced-subpolynomial-encoding	root-finding	sat				sat	sat
bitwidth-32-degree-60-seed-42-root-finding-reduced-native-encoding	root-finding	sat	sat	sat	sat	sat	sat
bitwidth-32-degree-60-seed-42-identity-point-reduced-native-encoding	identity-point	NA				unsat	unsat
bitwidth-32-degree-60-seed-42-identity-point-original-native-encoding	identity-point	NA				unsat	unsat
bitwidth-32-degree-60-seed-42-root-finding-reduced-subpolynomial-encoding	root-finding	sat				sat	
bitwidth-32-degree-61-seed-42-identity-point-original-subpolynomial-encoding	identity-point	NA				unsat	
bitwidth-32-degree-60-seed-42-root-finding-original-native-encoding	root-finding	sat	sat			sat	sat
bitwidth-32-degree-61-seed-42-root-finding-reduced-native-encoding	root-finding	sat	sat	sat	sat	sat	sat
bitwidth-32-degree-61-seed-42-identity-point-reduced-subpolynomial-encoding	identity-point	NA				unsat	
bitwidth-32-degree-61-seed-42-root-finding-original-subpolynomial-encoding	root-finding	sat				sat	
bitwidth-32-degree-61-seed-42-root-finding-reduced-subpolynomial-encoding	root-finding	sat				sat	
bitwidth-32-degree-62-seed-42-identity-point-original-subpolynomial-encoding	identity-point	NA				sat	
bitwidth-32-degree-61-seed-42-identity-point-original-native-encoding	identity-point	NA				unsat	unsat
bitwidth-32-degree-61-seed-42-identity-point-reduced-native-encoding	identity-point	NA				unsat	unsat
bitwidth-32-degree-62-seed-42-identity-point-reduced-subpolynomial-encoding	identity-point	NA				sat	
bitwidth-32-degree-62-seed-42-root-finding-reduced-native-encoding	root-finding	sat	sat	sat	sat	sat	sat
bitwidth-32-degree-62-seed-42-root-finding-original-subpolynomial-encoding	root-finding	sat				sat	
bitwidth-32-degree-61-seed-42-root-finding-original-native-encoding	root-finding	sat	sat			sat	sat
bitwidth-32-degree-62-seed-42-root-finding-reduced-subpolynomial-encoding	root-finding	sat				sat	
bitwidth-32-degree-62-seed-42-identity-point-original-native-encoding	identity-point	NA				sat	sat
bitwidth-32-degree-63-seed-42-identity-point-original-subpolynomial-encoding	identity-point	NA				unsat	
bitwidth-32-degree-62-seed-42-identity-point-reduced-native-encoding	identity-point	NA				sat	sat
bitwidth-32-degree-63-seed-42-identity-point-reduced-subpolynomial-encoding	identity-point	NA				unsat	
bitwidth-32-degree-63-seed-42-root-finding-reduced-native-encoding	root-finding	sat	sat	sat	sat	sat	sat
bitwidth-32-degree-63-seed-42-root-finding-original-subpolynomial-encoding	root-finding	sat				sat	
bitwidth-32-degree-62-seed-42-root-finding-original-native-encoding	root-finding	sat				sat	sat
bitwidth-32-degree-64-seed-42-identity-point-reduced-native-encoding	identity-point	NA	unsat	unsat	unsat	unsat	unsat
bitwidth-32-degree-63-seed-42-root-finding-reduced-subpolynomial-encoding	root-finding	sat				sat	
bitwidth-32-degree-64-seed-42-identity-point-original-subpolynomial-encoding	identity-point	NA				unsat	
bitwidth-32-degree-7-seed-42-identity-point-original-native-encoding	identity-point	NA	unsat	unsat	unsat	unsat	unsat
bitwidth-32-degree-63-seed-42-identity-point-reduced-native-encoding	identity-point	NA				unsat	unsat
bitwidth-32-degree-7-seed-42-identity-point-reduced-native-encoding	identity-point	NA	unsat	unsat	unsat	unsat	unsat
bitwidth-32-degree-63-seed-42-identity-point-original-native-encoding	identity-point	NA				unsat	unsat
bitwidth-32-degree-7-seed-42-root-finding-original-native-encoding	root-finding	sat	sat	sat	sat	sat	sat
bitwidth-32-degree-64-seed-42-identity-point-reduced-subpolynomial-encoding	identity-point	NA				unsat	
bitwidth-32-degree-7-seed-42-root-finding-reduced-native-encoding	root-finding	sat	sat	sat	sat	sat	sat
bitwidth-32-degree-64-seed-42-root-finding-original-subpolynomial-encoding	root-finding	sat				sat	
bitwidth-32-degree-64-seed-42-root-finding-reduced-native-encoding	root-finding	sat	sat	sat	sat	sat	sat
bitwidth-32-degree-63-seed-42-root-finding-original-native-encoding	root-finding	sat				sat	sat
bitwidth-32-degree-64-seed-42-root-finding-reduced-subpolynomial-encoding	root-finding	sat				sat	
bitwidth-32-degree-64-seed-42-identity-point-original-native-encoding	identity-point	NA	unsat	unsat	unsat	unsat	unsat
bitwidth-32-degree-8-seed-42-root-finding-original-native-encoding	root-finding	sat	sat	sat	sat	sat	sat
bitwidth-32-degree-8-seed-42-identity-point-original-native-encoding	identity-point	NA	sat	sat	sat	sat	sat
bitwidth-32-degree-8-seed-42-root-finding-reduced-native-encoding	root-finding	sat	sat	sat	sat	sat	sat
bitwidth-32-degree-8-seed-42-identity-point-reduced-native-encoding	identity-point	NA	sat	sat	sat	sat	sat
bitwidth-32-degree-9-seed-42-identity-point-original-native-encoding	identity-point	NA	unsat	unsat	unsat	unsat	unsat
bitwidth-32-degree-64-seed-42-root-finding-original-native-encoding	root-finding	sat				sat	sat
bitwidth-32-degree-9-seed-42-identity-point-reduced-native-encoding	identity-point	NA	unsat	unsat	unsat	unsat	unsat
bitwidth-32-degree-7-seed-42-identity-point-original-subpolynomial-encoding	identity-point	NA				unsat	unsat
bitwidth-32-degree-9-seed-42-root-finding-original-native-encoding	root-finding	sat	sat	sat	sat	sat	sat
bitwidth-32-degree-7-seed-42-identity-point-reduced-subpolynomial-encoding	identity-point	NA				unsat	unsat
bitwidth-32-degree-9-seed-42-root-finding-reduced-native-encoding	root-finding	sat	sat	sat	sat	sat	sat
bitwidth-32-degree-7-seed-42-root-finding-original-subpolynomial-encoding	root-finding	sat				sat	sat
bitwidth-32-degree-7-seed-42-root-finding-reduced-subpolynomial-encoding	root-finding	sat				sat	sat
bitwidth-32-degree-8-seed-42-identity-point-original-subpolynomial-encoding	identity-point	NA				sat	sat
bitwidth-32-degree-8-seed-42-identity-point-reduced-subpolynomial-encoding	identity-point	NA				sat	sat
bitwidth-32-degree-8-seed-42-root-finding-original-subpolynomial-encoding	root-finding	sat				sat	sat
bitwidth-32-degree-8-seed-42-root-finding-reduced-subpolynomial-encoding	root-finding	sat				sat	sat
bitwidth-32-degree-9-seed-42-identity-point-original-subpolynomial-encoding	identity-point	NA				unsat	unsat
bitwidth-64-degree-10-seed-42-root-finding-original-native-encoding	root-finding	sat	sat	sat	sat	sat	sat
bitwidth-64-degree-10-seed-42-identity-point-original-subpolynomial-encoding	identity-point	NA				unsat	
bitwidth-64-degree-10-seed-42-root-finding-reduced-native-encoding	root-finding	sat	sat	sat	sat	sat	sat
bitwidth-64-degree-11-seed-42-identity-point-original-native-encoding	identity-point	NA	unsat	unsat	unsat	unsat	unsat
bitwidth-64-degree-10-seed-42-identity-point-reduced-subpolynomial-encoding	identity-point	NA				unsat	
bitwidth-32-degree-9-seed-42-identity-point-reduced-subpolynomial-encoding	identity-point	NA				unsat	unsat
bitwidth-64-degree-11-seed-42-identity-point-reduced-native-encoding	identity-point	NA	unsat	unsat	unsat	unsat	unsat
bitwidth-64-degree-10-seed-42-identity-point-original-native-encoding	identity-point	NA	unsat	unsat	unsat	unsat	unsat
bitwidth-32-degree-9-seed-42-root-finding-original-subpolynomial-encoding	root-finding	sat				sat	sat
bitwidth-32-degree-9-seed-42-root-finding-reduced-subpolynomial-encoding	root-finding	sat				sat	sat
bitwidth-64-degree-10-seed-42-root-finding-original-subpolynomial-encoding	root-finding	sat					
bitwidth-64-degree-11-seed-42-identity-point-original-subpolynomial-encoding	identity-point	NA				unsat	
bitwidth-64-degree-10-seed-42-identity-point-reduced-native-encoding	identity-point	NA	unsat	unsat	unsat	unsat	unsat
bitwidth-64-degree-11-seed-42-root-finding-original-native-encoding	root-finding	sat	sat	sat	sat	sat	sat
bitwidth-64-degree-11-seed-42-identity-point-reduced-subpolynomial-encoding	identity-point	NA				unsat	
bitwidth-64-degree-10-seed-42-root-finding-reduced-subpolynomial-encoding	root-finding	sat					
bitwidth-64-degree-11-seed-42-root-finding-reduced-native-encoding	root-finding	sat	sat	sat	sat		sat
bitwidth-64-degree-12-seed-42-root-finding-original-native-encoding	root-finding	sat	sat	sat	sat	sat	sat
bitwidth-64-degree-11-seed-42-root-finding-original-subpolynomial-encoding	root-finding	sat					
bitwidth-64-degree-12-seed-42-root-finding-reduced-native-encoding	root-finding	sat	sat	sat	sat	sat	sat
bitwidth-64-degree-11-seed-42-root-finding-reduced-subpolynomial-encoding	root-finding	sat					
bitwidth-64-degree-12-seed-42-identity-point-original-subpolynomial-encoding	identity-point	NA					
bitwidth-64-degree-12-seed-42-identity-point-reduced-subpolynomial-encoding	identity-point	NA					
bitwidth-64-degree-12-seed-42-root-finding-original-subpolynomial-encoding	root-finding	sat					
bitwidth-64-degree-12-seed-42-identity-point-original-native-encoding	identity-point	NA				sat	sat
bitwidth-64-degree-12-seed-42-root-finding-reduced-subpolynomial-encoding	root-finding	sat					
bitwidth-64-degree-13-seed-42-root-finding-original-native-encoding	root-finding	sat	sat	sat	sat	sat	sat
bitwidth-64-degree-13-seed-42-identity-point-original-subpolynomial-encoding	identity-point	NA					
bitwidth-64-degree-14-seed-42-identity-point-original-native-encoding	identity-point	NA	unsat	unsat	unsat	unsat	unsat
bitwidth-64-degree-12-seed-42-identity-point-reduced-native-encoding	identity-point	NA					sat
bitwidth-64-degree-13-seed-42-identity-point-reduced-subpolynomial-encoding	identity-point	NA					
bitwidth-64-degree-13-seed-42-root-finding-reduced-native-encoding	root-finding	sat	sat	sat	sat	sat	sat
bitwidth-64-degree-14-seed-42-identity-point-reduced-native-encoding	identity-point	NA	unsat	unsat	unsat	unsat	unsat
bitwidth-64-degree-13-seed-42-root-finding-original-subpolynomial-encoding	root-finding	sat					
bitwidth-64-degree-14-seed-42-identity-point-original-subpolynomial-encoding	identity-point	NA				unsat	
bitwidth-64-degree-13-seed-42-identity-point-original-native-encoding	identity-point	NA					sat
bitwidth-64-degree-13-seed-42-root-finding-reduced-subpolynomial-encoding	root-finding	sat					
bitwidth-64-degree-14-seed-42-identity-point-reduced-subpolynomial-encoding	identity-point	NA				unsat	
bitwidth-64-degree-13-seed-42-identity-point-reduced-native-encoding	identity-point	NA					sat
bitwidth-64-degree-14-seed-42-root-finding-original-native-encoding	root-finding	sat	sat	sat	sat		sat
bitwidth-64-degree-14-seed-42-root-finding-reduced-native-encoding	root-finding	sat	sat	sat	sat		sat
bitwidth-64-degree-14-seed-42-root-finding-original-subpolynomial-encoding	root-finding	sat					
bitwidth-64-degree-14-seed-42-root-finding-reduced-subpolynomial-encoding	root-finding	sat					
bitwidth-64-degree-15-seed-42-root-finding-original-native-encoding	root-finding	sat	sat	sat	sat	sat	sat
bitwidth-64-degree-15-seed-42-identity-point-original-subpolynomial-encoding	identity-point	NA					
bitwidth-64-degree-16-seed-42-identity-point-original-native-encoding	identity-point	NA	unsat	unsat	unsat	unsat	unsat
bitwidth-64-degree-15-seed-42-root-finding-reduced-native-encoding	root-finding	sat	sat	sat	sat	sat	sat
bitwidth-64-degree-16-seed-42-identity-point-reduced-native-encoding	identity-point	NA	unsat	unsat	unsat	unsat	unsat
bitwidth-64-degree-15-seed-42-identity-point-reduced-subpolynomial-encoding	identity-point	NA					
bitwidth-64-degree-15-seed-42-root-finding-original-subpolynomial-encoding	root-finding	sat					
bitwidth-64-degree-2-seed-42-identity-point-original-native-encoding	identity-point	NA	unsat	unsat	unsat	unsat	unsat
bitwidth-64-degree-16-seed-42-identity-point-original-subpolynomial-encoding	identity-point	NA				unsat	
bitwidth-64-degree-2-seed-42-identity-point-reduced-native-encoding	identity-point	NA	unsat	unsat	unsat	unsat	unsat
bitwidth-64-degree-15-seed-42-root-finding-reduced-subpolynomial-encoding	root-finding	sat					
bitwidth-64-degree-2-seed-42-root-finding-original-native-encoding	root-finding	sat	sat	sat	sat	sat	sat
bitwidth-64-degree-16-seed-42-identity-point-reduced-subpolynomial-encoding	identity-point	NA				unsat	
bitwidth-64-degree-2-seed-42-root-finding-reduced-native-encoding	root-finding	sat	sat	sat	sat	sat	sat
bitwidth-64-degree-15-seed-42-identity-point-original-native-encoding	identity-point	NA					sat
bitwidth-64-degree-15-seed-42-identity-point-reduced-native-encoding	identity-point	NA					sat
bitwidth-64-degree-16-seed-42-root-finding-original-native-encoding	root-finding	sat	sat	sat	sat		sat
bitwidth-64-degree-16-seed-42-root-finding-original-subpolynomial-encoding	root-finding	sat					
bitwidth-64-degree-16-seed-42-root-finding-reduced-subpolynomial-encoding	root-finding	sat					
bitwidth-64-degree-16-seed-42-root-finding-reduced-native-encoding	root-finding	sat	sat	sat	sat		sat
bitwidth-64-degree-2-seed-42-identity-point-original-subpolynomial-encoding	identity-point	NA				unsat	unsat
bitwidth-64-degree-2-seed-42-identity-point-reduced-subpolynomial-encoding	identity-point	NA				unsat	unsat
bitwidth-64-degree-2-seed-42-root-finding-original-subpolynomial-encoding	root-finding	sat				sat	sat
bitwidth-64-degree-2-seed-42-root-finding-reduced-subpolynomial-encoding	root-finding	sat				sat	sat
bitwidth-64-degree-20-seed-42-identity-point-original-subpolynomial-encoding	identity-point	NA					
bitwidth-64-degree-20-seed-42-identity-point-reduced-subpolynomial-encoding	identity-point	NA					
bitwidth-64-degree-20-seed-42-root-finding-original-native-encoding	root-finding	sat	sat	sat	sat	sat	sat
bitwidth-64-degree-20-seed-42-root-finding-original-subpolynomial-encoding	root-finding	sat					
bitwidth-64-degree-24-seed-42-identity-point-original-native-encoding	identity-point	NA	unsat	unsat	unsat	unsat	unsat
bitwidth-64-degree-20-seed-42-identity-point-original-native-encoding	identity-point	NA					unsat
bitwidth-64-degree-20-seed-42-root-finding-reduced-subpolynomial-encoding	root-finding	sat					
bitwidth-64-degree-20-seed-42-root-finding-reduced-native-encoding	root-finding	sat	sat	sat	sat		sat
bitwidth-64-degree-24-seed-42-identity-point-original-subpolynomial-encoding	identity-point	NA				unsat	
bitwidth-64-degree-24-seed-42-identity-point-reduced-native-encoding	identity-point	NA	unsat	unsat	unsat	unsat	unsat
bitwidth-64-degree-20-seed-42-identity-point-reduced-native-encoding	identity-point	NA					unsat
bitwidth-64-degree-24-seed-42-identity-point-reduced-subpolynomial-encoding	identity-point	NA				unsat	
bitwidth-64-degree-24-seed-42-root-finding-original-subpolynomial-encoding	root-finding	sat					
bitwidth-64-degree-24-seed-42-root-finding-reduced-subpolynomial-encoding	root-finding	sat					
bitwidth-64-degree-28-seed-42-identity-point-original-subpolynomial-encoding	identity-point	NA					
bitwidth-64-degree-3-seed-42-identity-point-original-native-encoding	identity-point	NA	unsat	unsat	unsat	unsat	unsat
bitwidth-64-degree-28-seed-42-identity-point-reduced-subpolynomial-encoding	identity-point	NA					
bitwidth-64-degree-3-seed-42-identity-point-reduced-native-encoding	identity-point	NA	unsat	unsat	unsat	unsat	unsat
bitwidth-64-degree-28-seed-42-root-finding-original-subpolynomial-encoding	root-finding	sat					
bitwidth-64-degree-24-seed-42-root-finding-original-native-encoding	root-finding	sat	sat	sat	sat		sat
bitwidth-64-degree-3-seed-42-root-finding-original-native-encoding	root-finding	sat	sat	sat	sat	sat	sat
bitwidth-64-degree-3-seed-42-root-finding-reduced-native-encoding	root-finding	sat	sat	sat	sat	sat	sat
bitwidth-64-degree-24-seed-42-root-finding-reduced-native-encoding	root-finding	sat	sat	sat	sat		sat
bitwidth-64-degree-28-seed-42-root-finding-original-native-encoding	root-finding	sat	sat			sat	sat
bitwidth-64-degree-28-seed-42-root-finding-reduced-subpolynomial-encoding	root-finding	sat					
bitwidth-64-degree-28-seed-42-identity-point-original-native-encoding	identity-point	NA					sat
bitwidth-64-degree-28-seed-42-identity-point-reduced-native-encoding	identity-point	NA					
bitwidth-64-degree-3-seed-42-identity-point-original-subpolynomial-encoding	identity-point	NA				unsat	unsat
bitwidth-64-degree-28-seed-42-root-finding-reduced-native-encoding	root-finding	sat	sat				sat
bitwidth-64-degree-3-seed-42-identity-point-reduced-subpolynomial-encoding	identity-point	NA				unsat	unsat
bitwidth-64-degree-3-seed-42-root-finding-original-subpolynomial-encoding	root-finding	sat				sat	sat
bitwidth-64-degree-4-seed-42-identity-point-original-native-encoding	identity-point	NA	unsat	unsat	unsat	unsat	unsat
bitwidth-64-degree-3-seed-42-root-finding-reduced-subpolynomial-encoding	root-finding	sat				sat	sat
bitwidth-64-degree-4-seed-42-identity-point-reduced-native-encoding	identity-point	NA	unsat	unsat	unsat	unsat	unsat
bitwidth-64-degree-32-seed-42-identity-point-original-subpolynomial-encoding	identity-point	NA					
bitwidth-64-degree-4-seed-42-root-finding-original-native-encoding	root-finding	sat	sat	sat	sat	sat	sat
bitwidth-64-degree-4-seed-42-identity-point-original-subpolynomial-encoding	identity-point	NA				unsat	unsat
bitwidth-64-degree-32-seed-42-identity-point-reduced-subpolynomial-encoding	identity-point	NA					
bitwidth-64-degree-4-seed-42-root-finding-reduced-native-encoding	root-finding	sat	sat	sat	sat	sat	sat
bitwidth-64-degree-4-seed-42-identity-point-reduced-subpolynomial-encoding	identity-point	NA				unsat	unsat
bitwidth-64-degree-5-seed-42-identity-point-original-native-encoding	identity-point	NA	unsat	unsat	unsat	unsat	unsat
bitwidth-64-degree-5-seed-42-identity-point-reduced-native-encoding	identity-point	NA	unsat	unsat	unsat	unsat	unsat
bitwidth-64-degree-4-seed-42-root-finding-original-subpolynomial-encoding	root-finding	sat				sat	sat
bitwidth-64-degree-32-seed-42-root-finding-original-subpolynomial-encoding	root-finding	sat					
bitwidth-64-degree-5-seed-42-root-finding-original-native-encoding	root-finding	sat	sat	sat	sat	sat	sat
bitwidth-64-degree-32-seed-42-root-finding-reduced-subpolynomial-encoding	root-finding	sat					
bitwidth-64-degree-4-seed-42-root-finding-reduced-subpolynomial-encoding	root-finding	sat				sat	sat
bitwidth-64-degree-5-seed-42-root-finding-reduced-native-encoding	root-finding	sat	sat	sat	sat	sat	sat
bitwidth-64-degree-5-seed-42-identity-point-original-subpolynomial-encoding	identity-point	NA				unsat	unsat
bitwidth-64-degree-5-seed-42-identity-point-reduced-subpolynomial-encoding	identity-point	NA				unsat	unsat
bitwidth-64-degree-32-seed-42-identity-point-original-native-encoding	identity-point	NA					
bitwidth-64-degree-6-seed-42-root-finding-original-native-encoding	root-finding	sat	sat	sat	sat	sat	sat
bitwidth-64-degree-5-seed-42-root-finding-original-subpolynomial-encoding	root-finding	sat				sat	sat
bitwidth-64-degree-32-seed-42-identity-point-reduced-native-encoding	identity-point	NA					
bitwidth-64-degree-6-seed-42-root-finding-reduced-native-encoding	root-finding	sat	sat	sat	sat	sat	sat
bitwidth-64-degree-32-seed-42-root-finding-original-native-encoding	root-finding	sat					sat
bitwidth-64-degree-6-seed-42-identity-point-original-native-encoding	identity-point	NA	unsat	unsat	unsat	unsat	unsat
bitwidth-64-degree-5-seed-42-root-finding-reduced-subpolynomial-encoding	root-finding	sat				sat	sat
bitwidth-64-degree-6-seed-42-identity-point-reduced-native-encoding	identity-point	NA	unsat	unsat	unsat	unsat	unsat
bitwidth-64-degree-7-seed-42-identity-point-original-native-encoding	identity-point	NA	unsat	unsat	unsat	unsat	unsat
bitwidth-64-degree-6-seed-42-identity-point-original-subpolynomial-encoding	identity-point	NA				unsat	unsat
bitwidth-64-degree-7-seed-42-identity-point-reduced-native-encoding	identity-point	NA	unsat	unsat	unsat	unsat	unsat
bitwidth-64-degree-6-seed-42-identity-point-reduced-subpolynomial-encoding	identity-point	NA				unsat	unsat
bitwidth-64-degree-32-seed-42-root-finding-reduced-native-encoding	root-finding	sat				sat	sat
bitwidth-64-degree-8-seed-42-identity-point-original-native-encoding	identity-point	NA	unsat	unsat	unsat	unsat	unsat
bitwidth-64-degree-7-seed-42-root-finding-original-native-encoding	root-finding	sat	sat	sat	sat	sat	sat
bitwidth-64-degree-7-seed-42-root-finding-reduced-native-encoding	root-finding	sat	sat	sat	sat	sat	sat
bitwidth-64-degree-8-seed-42-identity-point-reduced-native-encoding	identity-point	NA	unsat	unsat	unsat	unsat	unsat
bitwidth-64-degree-6-seed-42-root-finding-original-subpolynomial-encoding	root-finding	sat				sat	sat
bitwidth-64-degree-8-seed-42-root-finding-original-native-encoding	root-finding	sat	sat	sat	sat	sat	sat
bitwidth-64-degree-6-seed-42-root-finding-reduced-subpolynomial-encoding	root-finding	sat				sat	sat
bitwidth-64-degree-8-seed-42-root-finding-reduced-native-encoding	root-finding	sat	sat	sat	sat	sat	sat
bitwidth-64-degree-7-seed-42-identity-point-original-subpolynomial-encoding	identity-point	NA				unsat	unsat
bitwidth-64-degree-7-seed-42-identity-point-reduced-subpolynomial-encoding	identity-point	NA				unsat	unsat
bitwidth-64-degree-8-seed-42-identity-point-original-subpolynomial-encoding	identity-point	NA				unsat	
bitwidth-64-degree-8-seed-42-identity-point-reduced-subpolynomial-encoding	identity-point	NA				unsat	
bitwidth-64-degree-7-seed-42-root-finding-original-subpolynomial-encoding	root-finding	sat					sat
bitwidth-64-degree-7-seed-42-root-finding-reduced-subpolynomial-encoding	root-finding	sat					sat
bitwidth-64-degree-9-seed-42-root-finding-original-native-encoding	root-finding	sat	sat	sat	sat	sat	sat
bitwidth-8-degree-10-seed-42-identity-point-original-native-encoding	identity-point	NA	unsat	unsat	unsat	unsat	unsat
bitwidth-8-degree-10-seed-42-identity-point-original-subpolynomial-encoding	identity-point	NA	unsat	unsat	unsat	unsat	unsat
bitwidth-8-degree-10-seed-42-identity-point-reduced-native-encoding	identity-point	NA	unsat	unsat	unsat	unsat	unsat
bitwidth-8-degree-10-seed-42-identity-point-reduced-subpolynomial-encoding	identity-point	NA	unsat	unsat	unsat	unsat	unsat
bitwidth-8-degree-10-seed-42-root-finding-original-native-encoding	root-finding	sat	sat	sat	sat	sat	sat
bitwidth-8-degree-10-seed-42-root-finding-original-subpolynomial-encoding	root-finding	sat	sat	sat	sat	sat	sat
bitwidth-8-degree-10-seed-42-root-finding-reduced-native-encoding	root-finding	sat	sat	sat	sat	sat	sat
bitwidth-8-degree-10-seed-42-root-finding-reduced-subpolynomial-encoding	root-finding	sat	sat	sat	sat	sat	sat
bitwidth-8-degree-11-seed-42-identity-point-original-native-encoding	identity-point	NA	sat	sat	sat	sat	sat
bitwidth-8-degree-11-seed-42-identity-point-original-subpolynomial-encoding	identity-point	NA	sat	sat	sat	sat	sat
bitwidth-8-degree-11-seed-42-identity-point-reduced-native-encoding	identity-point	NA	sat	sat	sat	sat	sat
bitwidth-8-degree-11-seed-42-identity-point-reduced-subpolynomial-encoding	identity-point	NA	sat	sat	sat	sat	sat
bitwidth-8-degree-11-seed-42-root-finding-original-native-encoding	root-finding	sat	sat	sat	sat	sat	sat
bitwidth-8-degree-11-seed-42-root-finding-original-subpolynomial-encoding	root-finding	sat	sat	sat	sat	sat	sat
bitwidth-8-degree-11-seed-42-root-finding-reduced-native-encoding	root-finding	sat	sat	sat	sat	sat	sat
bitwidth-8-degree-11-seed-42-root-finding-reduced-subpolynomial-encoding	root-finding	sat	sat	sat	sat	sat	sat
bitwidth-8-degree-12-seed-42-identity-point-original-native-encoding	identity-point	NA	unsat	unsat	unsat	unsat	unsat
bitwidth-8-degree-12-seed-42-identity-point-original-subpolynomial-encoding	identity-point	NA	unsat	unsat	unsat	unsat	unsat
bitwidth-8-degree-12-seed-42-identity-point-reduced-native-encoding	identity-point	NA	unsat	unsat	unsat	unsat	unsat
bitwidth-8-degree-12-seed-42-identity-point-reduced-subpolynomial-encoding	identity-point	NA	unsat	unsat	unsat	unsat	unsat
bitwidth-8-degree-12-seed-42-root-finding-original-native-encoding	root-finding	sat	sat	sat	sat	sat	sat
bitwidth-8-degree-12-seed-42-root-finding-original-subpolynomial-encoding	root-finding	sat	sat	sat	sat	sat	sat
bitwidth-8-degree-12-seed-42-root-finding-reduced-native-encoding	root-finding	sat	sat	sat	sat	sat	sat
bitwidth-8-degree-12-seed-42-root-finding-reduced-subpolynomial-encoding	root-finding	sat	sat	sat	sat	sat	sat
bitwidth-8-degree-13-seed-42-identity-point-original-native-encoding	identity-point	NA	unsat	unsat	unsat	unsat	unsat
bitwidth-8-degree-13-seed-42-identity-point-original-subpolynomial-encoding	identity-point	NA	unsat	unsat	unsat	unsat	unsat
bitwidth-8-degree-13-seed-42-identity-point-reduced-native-encoding	identity-point	NA	unsat	unsat	unsat	unsat	unsat
bitwidth-64-degree-9-seed-42-root-finding-reduced-native-encoding	root-finding	sat	sat	sat	sat	sat	sat
bitwidth-8-degree-13-seed-42-identity-point-reduced-subpolynomial-encoding	identity-point	NA	unsat	unsat	unsat	unsat	unsat
bitwidth-8-degree-13-seed-42-root-finding-original-native-encoding	root-finding	sat	sat	sat	sat	sat	sat
bitwidth-8-degree-13-seed-42-root-finding-reduced-native-encoding	root-finding	sat	sat	sat	sat	sat	sat
bitwidth-8-degree-13-seed-42-root-finding-original-subpolynomial-encoding	root-finding	sat	sat	sat	sat	sat	sat
bitwidth-8-degree-14-seed-42-identity-point-original-native-encoding	identity-point	NA	sat	sat	sat	sat	sat
bitwidth-8-degree-13-seed-42-root-finding-reduced-subpolynomial-encoding	root-finding	sat	sat	sat	sat	sat	sat
bitwidth-8-degree-14-seed-42-identity-point-reduced-native-encoding	identity-point	NA	sat	sat	sat	sat	sat
bitwidth-8-degree-14-seed-42-identity-point-original-subpolynomial-encoding	identity-point	NA	sat	sat	sat	sat	sat
bitwidth-8-degree-14-seed-42-identity-point-reduced-subpolynomial-encoding	identity-point	NA	sat	sat	sat	sat	sat
bitwidth-8-degree-14-seed-42-root-finding-original-native-encoding	root-finding	sat	sat	sat	sat	sat	sat
bitwidth-8-degree-14-seed-42-root-finding-reduced-native-encoding	root-finding	sat	sat	sat	sat	sat	sat
bitwidth-8-degree-14-seed-42-root-finding-original-subpolynomial-encoding	root-finding	sat	sat	sat	sat	sat	sat
bitwidth-64-degree-8-seed-42-root-finding-original-subpolynomial-encoding	root-finding	sat				sat	
bitwidth-8-degree-14-seed-42-root-finding-reduced-subpolynomial-encoding	root-finding	sat	sat	sat	sat	sat	sat
bitwidth-8-degree-15-seed-42-identity-point-reduced-native-encoding	identity-point	NA	unsat	unsat	unsat	unsat	unsat
bitwidth-8-degree-15-seed-42-identity-point-original-subpolynomial-encoding	identity-point	NA	unsat	unsat	unsat	unsat	unsat
bitwidth-8-degree-15-seed-42-root-finding-original-native-encoding	root-finding	sat	sat	sat	sat	sat	sat
bitwidth-64-degree-8-seed-42-root-finding-reduced-subpolynomial-encoding	root-finding	sat				sat	
bitwidth-8-degree-15-seed-42-identity-point-reduced-subpolynomial-encoding	identity-point	NA	unsat	unsat	unsat	unsat	unsat
bitwidth-8-degree-15-seed-42-root-finding-reduced-native-encoding	root-finding	sat	sat	sat	sat	sat	sat
bitwidth-8-degree-15-seed-42-identity-point-original-native-encoding	identity-point	NA	unsat	unsat	unsat	unsat	unsat
bitwidth-8-degree-15-seed-42-root-finding-original-subpolynomial-encoding	root-finding	sat	sat	sat	sat	sat	sat
bitwidth-8-degree-16-seed-42-identity-point-original-native-encoding	identity-point	NA	unsat	unsat	unsat	unsat	unsat
bitwidth-8-degree-15-seed-42-root-finding-reduced-subpolynomial-encoding	root-finding	sat	sat	sat	sat	sat	sat
bitwidth-8-degree-16-seed-42-identity-point-reduced-native-encoding	identity-point	NA	unsat	unsat	unsat	unsat	unsat
bitwidth-8-degree-16-seed-42-identity-point-original-subpolynomial-encoding	identity-point	NA	unsat	unsat	unsat	unsat	unsat
bitwidth-8-degree-16-seed-42-root-finding-original-native-encoding	root-finding	sat	sat	sat	sat	sat	sat
bitwidth-8-degree-16-seed-42-identity-point-reduced-subpolynomial-encoding	identity-point	NA	unsat	unsat	unsat	unsat	unsat
bitwidth-8-degree-16-seed-42-root-finding-reduced-native-encoding	root-finding	sat	sat	sat	sat	sat	sat
bitwidth-8-degree-16-seed-42-root-finding-original-subpolynomial-encoding	root-finding	sat	sat	sat	sat	sat	sat
bitwidth-8-degree-2-seed-42-identity-point-original-native-encoding	identity-point	NA	unsat	unsat	unsat	unsat	unsat
bitwidth-8-degree-2-seed-42-identity-point-original-subpolynomial-encoding	identity-point	NA	unsat	unsat	unsat	unsat	unsat
bitwidth-8-degree-2-seed-42-identity-point-reduced-native-encoding	identity-point	NA	unsat	unsat	unsat	unsat	unsat
bitwidth-8-degree-2-seed-42-identity-point-reduced-subpolynomial-encoding	identity-point	NA	unsat	unsat	unsat	unsat	unsat
bitwidth-8-degree-2-seed-42-root-finding-original-native-encoding	root-finding	sat	sat	sat	sat	sat	sat
bitwidth-8-degree-2-seed-42-root-finding-original-subpolynomial-encoding	root-finding	sat	sat	sat	sat	sat	sat
bitwidth-8-degree-2-seed-42-root-finding-reduced-native-encoding	root-finding	sat	sat	sat	sat	sat	sat
bitwidth-8-degree-2-seed-42-root-finding-reduced-subpolynomial-encoding	root-finding	sat	sat	sat	sat	sat	sat
bitwidth-8-degree-3-seed-42-identity-point-original-native-encoding	identity-point	NA	unsat	unsat	unsat	unsat	unsat
bitwidth-8-degree-16-seed-42-root-finding-reduced-subpolynomial-encoding	root-finding	sat	sat	sat	sat	sat	sat
bitwidth-8-degree-3-seed-42-identity-point-original-subpolynomial-encoding	identity-point	NA	unsat	unsat	unsat	unsat	unsat
bitwidth-8-degree-3-seed-42-identity-point-reduced-native-encoding	identity-point	NA	unsat	unsat	unsat	unsat	unsat
bitwidth-8-degree-3-seed-42-root-finding-original-native-encoding	root-finding	sat	sat	sat	sat	sat	sat
bitwidth-8-degree-3-seed-42-root-finding-reduced-native-encoding	root-finding	sat	sat	sat	sat	sat	sat
bitwidth-8-degree-3-seed-42-identity-point-reduced-subpolynomial-encoding	identity-point	NA	unsat	unsat	unsat	unsat	unsat
bitwidth-8-degree-3-seed-42-root-finding-original-subpolynomial-encoding	root-finding	sat	sat	sat	sat	sat	sat
bitwidth-8-degree-3-seed-42-root-finding-reduced-subpolynomial-encoding	root-finding	sat	sat	sat	sat	sat	sat
bitwidth-8-degree-4-seed-42-identity-point-original-native-encoding	identity-point	NA	sat	sat	sat	sat	sat
bitwidth-8-degree-4-seed-42-identity-point-original-subpolynomial-encoding	identity-point	NA	sat	sat	sat	sat	sat
bitwidth-8-degree-4-seed-42-identity-point-reduced-native-encoding	identity-point	NA	sat	sat	sat	sat	sat
bitwidth-8-degree-4-seed-42-root-finding-original-native-encoding	root-finding	sat	sat	sat	sat	sat	sat
bitwidth-8-degree-4-seed-42-identity-point-reduced-subpolynomial-encoding	identity-point	NA	sat	sat	sat	sat	sat
bitwidth-8-degree-4-seed-42-root-finding-reduced-native-encoding	root-finding	sat	sat	sat	sat	sat	sat
bitwidth-8-degree-4-seed-42-root-finding-original-subpolynomial-encoding	root-finding	sat	sat	sat	sat	sat	sat
bitwidth-8-degree-4-seed-42-root-finding-reduced-subpolynomial-encoding	root-finding	sat	sat	sat	sat	sat	sat
bitwidth-8-degree-5-seed-42-identity-point-original-native-encoding	identity-point	NA	sat	sat	sat	sat	sat
bitwidth-8-degree-5-seed-42-identity-point-original-subpolynomial-encoding	identity-point	NA	sat	sat	sat	sat	sat
bitwidth-8-degree-5-seed-42-identity-point-reduced-native-encoding	identity-point	NA	sat	sat	sat	sat	sat
bitwidth-8-degree-5-seed-42-root-finding-original-native-encoding	root-finding	sat	sat	sat	sat	sat	sat
bitwidth-8-degree-5-seed-42-identity-point-reduced-subpolynomial-encoding	identity-point	NA	sat	sat	sat	sat	sat
bitwidth-8-degree-5-seed-42-root-finding-reduced-native-encoding	root-finding	sat	sat	sat	sat	sat	sat
bitwidth-8-degree-5-seed-42-root-finding-original-subpolynomial-encoding	root-finding	sat	sat	sat	sat	sat	sat
bitwidth-8-degree-5-seed-42-root-finding-reduced-subpolynomial-encoding	root-finding	sat	sat	sat	sat	sat	sat
bitwidth-8-degree-6-seed-42-identity-point-original-native-encoding	identity-point	NA	unsat	unsat	unsat	unsat	unsat
bitwidth-8-degree-6-seed-42-root-finding-original-native-encoding	root-finding	sat	sat	sat	sat	sat	sat
bitwidth-8-degree-6-seed-42-identity-point-reduced-native-encoding	identity-point	NA	unsat	unsat	unsat	unsat	unsat
bitwidth-8-degree-6-seed-42-identity-point-original-subpolynomial-encoding	identity-point	NA	unsat	unsat	unsat	unsat	unsat
bitwidth-8-degree-6-seed-42-root-finding-reduced-native-encoding	root-finding	sat	sat	sat	sat	sat	sat
bitwidth-8-degree-6-seed-42-identity-point-reduced-subpolynomial-encoding	identity-point	NA	unsat	unsat	unsat	unsat	unsat
bitwidth-8-degree-7-seed-42-identity-point-original-native-encoding	identity-point	NA	unsat	unsat	unsat	unsat	unsat
bitwidth-8-degree-6-seed-42-root-finding-original-subpolynomial-encoding	root-finding	sat	sat	sat	sat	sat	sat
bitwidth-8-degree-6-seed-42-root-finding-reduced-subpolynomial-encoding	root-finding	sat	sat	sat	sat	sat	sat
bitwidth-8-degree-7-seed-42-identity-point-reduced-native-encoding	identity-point	NA	unsat	unsat	unsat	unsat	unsat
bitwidth-8-degree-7-seed-42-root-finding-original-native-encoding	root-finding	sat	sat	sat	sat	sat	sat
bitwidth-8-degree-7-seed-42-identity-point-original-subpolynomial-encoding	identity-point	NA	unsat	unsat	unsat	unsat	unsat
bitwidth-8-degree-7-seed-42-root-finding-reduced-native-encoding	root-finding	sat	sat	sat	sat	sat	sat
bitwidth-8-degree-7-seed-42-identity-point-reduced-subpolynomial-encoding	identity-point	NA	unsat	unsat	unsat	unsat	unsat
bitwidth-8-degree-7-seed-42-root-finding-original-subpolynomial-encoding	root-finding	sat	sat	sat	sat	sat	sat
bitwidth-8-degree-8-seed-42-identity-point-original-native-encoding	identity-point	NA	unsat	unsat	unsat	unsat	unsat
bitwidth-8-degree-7-seed-42-root-finding-reduced-subpolynomial-encoding	root-finding	sat	sat	sat	sat	sat	sat
bitwidth-8-degree-8-seed-42-identity-point-original-subpolynomial-encoding	identity-point	NA	unsat	unsat	unsat	unsat	unsat
bitwidth-8-degree-8-seed-42-root-finding-original-native-encoding	root-finding	sat	sat	sat	sat	sat	sat
bitwidth-8-degree-8-seed-42-identity-point-reduced-native-encoding	identity-point	NA	unsat	unsat	unsat	unsat	unsat
bitwidth-8-degree-8-seed-42-root-finding-reduced-native-encoding	root-finding	sat	sat	sat	sat	sat	sat
bitwidth-8-degree-8-seed-42-identity-point-reduced-subpolynomial-encoding	identity-point	NA	unsat	unsat	unsat	unsat	unsat
bitwidth-8-degree-9-seed-42-identity-point-original-native-encoding	identity-point	NA	unsat	unsat	unsat	unsat	unsat
bitwidth-8-degree-8-seed-42-root-finding-original-subpolynomial-encoding	root-finding	sat	sat	sat	sat	sat	sat
bitwidth-8-degree-8-seed-42-root-finding-reduced-subpolynomial-encoding	root-finding	sat	sat	sat	sat	sat	sat
bitwidth-8-degree-9-seed-42-identity-point-reduced-native-encoding	identity-point	NA	unsat	unsat	unsat	unsat	unsat
bitwidth-8-degree-9-seed-42-root-finding-original-native-encoding	root-finding	sat	sat	sat	sat	sat	sat
bitwidth-8-degree-9-seed-42-root-finding-reduced-native-encoding	root-finding	sat	sat	sat	sat	sat	sat
bitwidth-8-degree-9-seed-42-identity-point-original-subpolynomial-encoding	identity-point	NA	unsat	unsat	unsat	unsat	unsat
bitwidth-8-degree-9-seed-42-identity-point-reduced-subpolynomial-encoding	identity-point	NA	unsat	unsat	unsat	unsat	unsat
bitwidth-8-degree-9-seed-42-root-finding-original-subpolynomial-encoding	root-finding	sat	sat	sat	sat	sat	sat
bitwidth-8-degree-9-seed-42-root-finding-reduced-subpolynomial-encoding	root-finding	sat	sat	sat	sat	sat	sat
bitwidth-64-degree-9-seed-42-identity-point-original-subpolynomial-encoding	identity-point	NA					
bitwidth-64-degree-9-seed-42-identity-point-reduced-subpolynomial-encoding	identity-point	NA					
bitwidth-64-degree-9-seed-42-identity-point-original-native-encoding	identity-point	NA					sat
bitwidth-64-degree-9-seed-42-root-finding-original-subpolynomial-encoding	root-finding	sat					
bitwidth-64-degree-9-seed-42-identity-point-reduced-native-encoding	identity-point	NA				sat	sat
bitwidth-64-degree-9-seed-42-root-finding-reduced-subpolynomial-encoding	root-finding	sat					
